GEOID,year,candidatevotes,totalvotes,voteshare
   NA,2000,0,0,NA
   NA,2004,0,0,NA
   NA,2008,0,0,NA
   NA,2012,2339,4305,54.33217189314751
   NA,2016,3654,7330,49.84993178717599
   NA,2020,1276,1374,92.86754002911208
 1001,2000,4942,17208,28.71920037192004
 1001,2004,4758,20081,23.69403914147702
 1001,2008,6093,23641,25.773021445793326
 1001,2012,6363,23932,26.58783219120842
 1001,2016,5936,24973,23.76967124494454
 1001,2020,7503,27770,27.018365142239826
 1001,2024,7439,28281,26.303878929316504
 1003,2000,13997,56480,24.782223796033996
 1003,2004,15599,69320,22.502885170225042
 1003,2008,19386,81413,23.811921928930268
 1003,2012,18424,85338,21.58944432726335
 1003,2016,18458,95215,19.3856010082445
 1003,2020,24578,109679,22.409029987509005
 1003,2024,24934,122249,20.396076859524413
 1005,2000,5188,10395,49.90860990860991
 1005,2004,4832,10777,44.83622529460889
 1005,2008,5697,11630,48.9853826311264
 1005,2012,5912,11509,51.36849422191329
 1005,2016,4871,10469,46.52784411118541
 1005,2020,4816,10518,45.78817265639856
 1005,2024,4158,9855,42.19178082191781
 1007,2000,2710,7101,38.1636389240952
 1007,2004,2089,7600,27.48684210526316
 1007,2008,2299,8644,26.59648310967145
 1007,2012,2202,8420,26.152019002375297
 1007,2016,1874,8819,21.249574781721282
 1007,2020,1986,9595,20.698280354351226
 1007,2024,1619,9257,17.489467430052933
 1009,2000,4977,17973,27.691537305958942
 1009,2004,3938,21504,18.312872023809522
 1009,2008,3522,24267,14.513536901965631
 1009,2012,2970,24006,12.371907023244189
 1009,2016,2156,25588,8.425824605283728
 1009,2020,2640,27588,9.569377990430622
 1009,2024,2576,28163,9.146752831729573
 1011,2000,3395,4904,69.22920065252855
 1011,2004,3210,4717,68.05172779308883
 1011,2008,4011,5415,74.07202216066482
 1011,2012,4061,5322,76.30590003757986
 1011,2016,3530,4710,74.94692144373673
 1011,2020,3446,4613,74.70192933015392
 1011,2024,2983,4111,72.56142057893456
 1013,2000,3606,7803,46.21299500192234
 1013,2004,3413,8416,40.5537072243346
 1013,2008,4188,9709,43.13523534864559
 1013,2012,4374,9496,46.06149957877001
 1013,2016,3726,8732,42.67063673843335
 1013,2020,3965,9488,41.78962900505902
 1013,2024,3251,8480,38.3372641509434
 1015,2000,15781,38909,40.55873962322342
 1015,2004,15083,45249,33.33333333333333
 1015,2008,16334,49242,33.1708703951911
 1015,2012,15511,46257,33.532222150161054
 1015,2016,13242,47864,27.665886678923616
 1015,2020,15216,50983,29.845242531824333
 1015,2024,13194,48653,27.118574394179184
 1017,2000,5616,11834,47.45648132499578
 1017,2004,5347,13032,41.02977286678944
 1017,2008,6799,14956,45.46001604707141
 1017,2012,6871,14611,47.02621312709602
 1017,2016,5784,13900,41.611510791366904
 1017,2020,6365,15284,41.644857367181366
 1017,2024,5405,14245,37.94313794313794
 1019,2000,3497,7823,44.70152115556692
 1019,2004,3040,9049,33.594872361586916
 1019,2008,2306,9745,23.66341713699333
 1019,2012,2132,9779,21.801820227017078
 1019,2016,1547,10733,14.413491102208143
 1019,2020,1624,12301,13.202178684659785
 1019,2024,1553,13006,11.940642780255267
 1021,2000,4806,15092,31.84468592631858
 1021,2004,3778,16693,22.632241059126578
 1021,2008,3674,17785,20.657857745290976
 1021,2012,3397,17462,19.453670828083837
 1021,2016,2911,18369,15.847351516141325
 1021,2020,3073,19310,15.91403417918177
 1021,2024,2698,19763,13.651773516166573
 1023,2000,3707,7374,50.27122321670735
 1023,2004,3303,7227,45.70361145703611
 1023,2008,3636,7894,46.060298961236384
 1023,2012,3786,7968,47.515060240963855
 1023,2016,3109,7292,42.63576522216127
 1023,2020,3127,7464,41.89442658092176
 1023,2024,2515,6656,37.785456730769226
 1025,2000,4679,10752,43.51748511904761
 1025,2004,4627,11394,40.6090925048271
 1025,2008,5914,13435,44.019352437662825
 1025,2012,6334,13851,45.72955021298101
 1025,2016,5749,13031,44.11787276494513
 1025,2020,5755,13135,43.81423677198325
 1025,2024,4927,11958,41.20254223114233
 1027,2000,2045,5883,34.761176270610235
 1027,2004,1893,6576,28.786496350364963
 1027,2008,1760,6819,25.810236105000733
 1027,2012,1777,6662,26.673671570099067
 1027,2016,1237,6624,18.67451690821256
 1027,2020,1267,6930,18.282828282828284
 1027,2024,993,6767,14.674153982562435
 1029,2000,1664,5092,32.67871170463472
 1029,2004,1391,5798,23.99103139013453
 1029,2008,1168,6492,17.991373998767717
 1029,2012,971,6305,15.400475812846947
 1029,2016,684,6593,10.37463976945245
 1029,2020,675,7227,9.339975093399751
 1029,2024,605,7651,7.9074630767219976
 1031,2000,5220,15434,33.821433199429826
 1031,2004,4480,17616,25.431425976385103
 1031,2008,5079,20128,25.233505564387915
 1031,2012,4925,19770,24.911482043500254
 1031,2016,4221,20767,20.325516444358836
 1031,2020,5076,22275,22.78787878787879
 1031,2024,4601,22319,20.614722881849545
 1033,2000,10543,21532,48.964332156789894
 1033,2004,10598,23935,44.278253603509505
 1033,2008,9703,24843,39.05727971662037
 1033,2012,9166,23385,39.19606585418003
 1033,2016,7312,24915,29.34778246036524
 1033,2020,8343,27886,29.91823854263788
 1033,2024,7137,27160,26.27761413843888
 1035,2000,2783,5551,50.13511079084849
 1035,2004,2719,6021,45.158611526324535
 1035,2008,3429,6943,49.387872677516924
 1035,2012,3555,7022,50.62660210766163
 1035,2016,3080,6585,46.77296886864085
 1035,2020,2966,6441,46.04875019406924
 1035,2024,2580,6051,42.63758056519584
 1037,2000,2104,4567,46.069629954017955
 1037,2004,2055,5001,41.09178164367127
 1037,2008,2273,5563,40.8592486068668
 1037,2012,2191,5269,41.582843044220915
 1037,2016,1782,5252,33.92993145468393
 1037,2020,1796,5479,32.779704325606865
 1037,2024,1478,5268,28.056188306757786
 1039,2000,4440,13613,32.61588187761698
 1039,2004,3423,14627,23.40192794147809
 1039,2008,3240,15787,20.523215303730918
 1039,2012,3158,15423,20.475912598067822
 1039,2016,2387,15940,14.974905897114176
 1039,2020,2721,17430,15.611015490533564
 1039,2024,2314,17095,13.536121673003803
 1041,2000,1934,4795,40.33368091762252
 1041,2004,1698,5500,30.872727272727275
 1041,2008,1938,6291,30.805913209346684
 1041,2012,2050,6418,31.941414770956683
 1041,2016,1664,6267,26.55177916068294
 1041,2020,1700,6617,25.691400936980507
 1041,2024,1457,6486,22.463768115942027
 1043,2000,9758,29525,33.04995766299746
 1043,2004,8045,35191,22.860958767866784
 1043,2008,5864,35305,16.609545390171363
 1043,2012,5052,34457,14.661752328989754
 1043,2016,3798,37873,10.028252316954031
 1043,2020,4478,41851,10.699863802537573
 1043,2024,4039,43146,9.361238585268623
 1045,2000,4906,15806,31.038846007845123
 1045,2004,4484,18231,24.59546925566343
 1045,2008,5270,19320,27.277432712215322
 1045,2012,5286,18557,28.485207738319772
 1045,2016,4413,18749,23.537255320283748
 1045,2020,5170,19738,26.193130003039823
 1045,2024,4484,19139,23.42860128533361
 1047,2000,10967,18464,59.39666377816292
 1047,2004,11175,18573,60.167985785818125
 1047,2008,13986,20852,67.07270285823903
 1047,2012,14612,20953,69.73703049682624
 1047,2016,12836,18792,68.3056619838229
 1047,2020,12230,17864,68.46171070309002
 1047,2024,10236,15547,65.83906863060398
 1049,2000,7056,20285,34.78432339166872
 1049,2004,7092,24135,29.384711000621504
 1049,2008,5658,24015,23.560274828232355
 1049,2012,5239,23863,21.954490214977163
 1049,2016,3622,25826,14.02462634554325
 1049,2020,4281,29356,14.583049461779535
 1049,2024,3758,29660,12.670262980445044
 1051,2000,6652,23804,27.944883212905392
 1051,2004,6471,28680,22.56276150627615
 1051,2008,8301,34315,24.190587206760892
 1051,2012,8954,35485,25.233197125546003
 1051,2016,8443,37260,22.659688674181428
 1051,2020,10367,41030,25.26687789422374
 1051,2024,9774,41624,23.481645204689602
 1053,2000,4523,11660,38.79073756432247
 1053,2004,3814,12395,30.770471964501816
 1053,2008,5188,14674,35.35504974785334
 1053,2012,5489,14869,36.91573071491022
 1053,2016,4605,14845,31.020545638262043
 1053,2020,4918,15910,30.91137649277184
 1053,2024,3964,14957,26.502640903924586
 1055,2000,17433,39348,44.304666056724614
 1055,2004,15328,42680,35.91377694470478
 1055,2008,13497,44737,30.16965822473568
 1055,2012,12803,42530,30.10345638372913
 1055,2016,10442,44164,23.64369169459288
 1055,2020,11567,47728,24.23524974857526
 1055,2024,10027,46137,21.73309924789215
 1057,2000,3064,7808,39.24180327868852
 1057,2004,2408,8002,30.092476880779806
 1057,2008,1994,7957,25.059695865275856
 1057,2012,1817,7946,22.866851245909892
 1057,2016,1362,8249,16.5110922536065
 1057,2020,1395,8766,15.91375770020534
 1057,2024,1142,8369,13.645596845501254
 1059,2000,4793,11103,43.16851301450059
 1059,2004,4514,12269,36.791914581465484
 1059,2008,3469,11693,29.667322329598907
 1059,2012,3171,10859,29.20158393958928
 1059,2016,2197,12040,18.24750830564784
 1059,2020,2086,12578,16.584512641119414
 1059,2024,1568,12097,12.961891378027609
 1061,2000,2769,9559,28.967465216026785
 1061,2004,2113,10520,20.08555133079848
 1061,2008,2134,11657,18.306596894569786
 1061,2012,2039,11320,18.012367491166078
 1061,2016,1525,11758,12.969892838918184
 1061,2020,1595,12545,12.714228776404942
 1061,2024,1391,12401,11.216837351826465
 1063,2000,3504,4396,79.70882620564149
 1063,2004,3764,4748,79.27548441449032
 1063,2008,4408,5305,83.09142318567389
 1063,2012,4521,5340,84.6629213483146
 1063,2016,4013,4880,82.23360655737704
 1063,2020,3884,4775,81.34031413612566
 1063,2024,3133,4039,77.56870512503095
 1065,2000,4652,7731,60.173328159358434
 1065,2004,4631,7945,58.28823159219635
 1065,2008,4982,8214,60.65254443632821
 1065,2012,5411,8643,62.60557676732616
 1065,2016,4775,8040,59.39054726368159
 1065,2020,4663,7900,59.0253164556962
 1065,2024,3868,7305,52.950034223134836
 1067,2000,2782,6932,40.132717830351986
 1067,2004,2452,7361,33.31069148213558
 1067,2008,3018,8648,34.89824236817761
 1067,2012,3083,8760,35.194063926940636
 1067,2016,2292,8072,28.39444995044599
 1067,2020,2606,9298,28.02753280275328
 1067,2024,2263,9320,24.281115879828327
 1069,2000,9412,32057,29.360202139938234
 1069,2004,9144,36201,25.258970746664456
 1069,2008,12225,41735,29.2919611836588
 1069,2012,12367,41918,29.502838875900565
 1069,2016,10664,42639,25.009967400736414
 1069,2020,12917,46173,27.975223615532883
 1069,2024,11352,44349,25.596969491984034
 1071,2000,9066,17906,50.6310733832235
 1071,2004,8635,20321,42.49298754982531
 1071,2008,6374,20874,30.535594519497938
 1071,2012,5822,20577,28.293726004762597
 1071,2016,3673,20984,17.503812428516966
 1071,2020,3717,23636,15.726011169402607
 1071,2024,3276,23556,13.90728476821192
 1073,2000,129889,273763,47.44578339658756
 1073,2004,132286,292967,45.15389105257589
 1073,2008,166121,318524,52.153369918750236
 1073,2012,159876,303918,52.60497897459183
 1073,2016,156873,304191,51.57055928676391
 1073,2020,181688,325848,55.758513171785616
 1073,2024,162112,298704,54.27178745513953
 1075,2000,2653,7249,36.59815146916816
 1075,2004,1956,6885,28.40958605664488
 1075,2008,1614,7075,22.812720848056536
 1075,2012,1646,7166,22.96957856544795
 1075,2016,1036,6966,14.872236577662933
 1075,2020,978,7193,13.596552203531212
 1075,2024,806,6890,11.69811320754717
 1077,2000,13875,32137,43.17453402620033
 1077,2004,14628,37107,39.42113347885844
 1077,2008,13329,38104,34.98057946672265
 1077,2012,12511,36924,33.883111255551945
 1077,2016,9952,39525,25.179000632511066
 1077,2020,11915,44339,26.872505018155575
 1077,2024,10326,43637,23.663404908678416
 1079,2000,6296,12185,51.670086171522364
 1079,2004,6155,14001,43.96114563245482
 1079,2008,5164,14680,35.17711171662125
 1079,2012,5069,14112,35.91978458049886
 1079,2016,3627,14829,24.458830669633823
 1079,2020,3562,16031,22.219449815981534
 1079,2024,2983,16122,18.502667162883014
 1081,2000,14574,38264,38.0880200710851
 1081,2004,16227,44610,36.37525218560861
 1081,2008,21498,54325,39.57294063506673
 1081,2012,21381,54359,39.33295314483342
 1081,2016,21230,59191,35.86693923062628
 1081,2020,27860,71449,38.992848045459
 1081,2024,25798,73127,35.27835136133029
 1083,2000,8992,23634,38.04688161123805
 1083,2004,9126,29073,31.389949437622537
 1083,2008,9536,33551,28.422401716789363
 1083,2012,9829,35459,27.719337826785868
 1083,2016,9468,40294,23.497294882612795
 1083,2020,13672,49235,27.768863613283234
 1083,2024,14581,53332,27.34005850146254
 1085,2000,4557,6243,72.99375300336376
 1085,2004,4233,6021,70.30393622321873
 1085,2008,5449,7278,74.86946963451497
 1085,2012,5747,7521,76.41271107565484
 1085,2016,4883,6684,73.05505685218432
 1085,2020,4972,6835,72.74323335771763
 1085,2024,3867,5655,68.38196286472149
 1087,2000,7665,8831,86.79651228626429
 1087,2004,7800,9407,82.91697671946423
 1087,2008,9450,10877,86.88057368759769
 1087,2012,9045,10394,87.02135847604387
 1087,2016,7566,9140,82.77899343544858
 1087,2020,7108,8723,81.48572738736674
 1087,2024,6084,7834,77.66147561909624
 1089,2000,48199,113318,42.534284050195026
 1089,2004,52644,131062,40.16724908821779
 1089,2008,64117,152899,41.934218013198254
 1089,2012,62015,155059,39.994453724066325
 1089,2016,62822,163389,38.44934481513443
 1089,2020,87286,194767,44.81560017867503
 1089,2024,87824,197617,44.44152071937131
 1091,2000,4841,9608,50.38509575353872
 1091,2004,5037,10322,48.79868242588646
 1091,2008,5926,11471,51.66070961555226
 1091,2012,6167,11537,53.454104186530294
 1091,2016,5615,10994,51.07331271602692
 1091,2020,5488,10900,50.348623853211
 1091,2024,4631,9682,47.831026647386906
 1093,2000,4600,11756,39.128955427015995
 1093,2004,3808,12875,29.576699029126214
 1093,2008,2600,12355,21.04411169566977
 1093,2012,2249,12105,18.579099545642297
 1093,2016,1432,12984,11.028958718422674
 1093,2020,1463,13807,10.596074454986601
 1093,2024,1197,13543,8.83851436166285
 1095,2000,10381,27989,37.08957090285469
 1095,2004,8452,31491,26.839414435870566
 1095,2008,7038,33166,21.220527045769764
 1095,2012,6299,32566,19.342258797518884
 1095,2016,4917,35316,13.92286782195039
 1095,2020,5943,39655,14.98676081200353
 1095,2024,5553,40288,13.783260524225577
 1097,2000,58640,139745,41.962145336147984
 1097,2004,63732,156771,40.6529268806093
 1097,2008,82181,181424,45.29775553399771
 1097,2012,78760,174864,45.04071735748924
 1097,2016,72186,172737,41.7895413258306
 1097,2020,79474,183164,43.38953069380446
 1097,2024,72055,175164,41.13573565344477
 1099,2000,3741,8951,41.794212937101996
 1099,2004,3666,9534,38.45185651353052
 1099,2008,5025,11252,44.65872733736225
 1099,2012,4914,10708,45.89092267463579
 1099,2016,4332,10271,42.177003212929606
 1099,2020,4455,10668,41.76040494938133
 1099,2024,3740,9815,38.104941416199694
 1101,2000,40371,80328,50.25769345682701
 1101,2004,45160,89650,50.37367540435025
 1101,2008,62166,104743,59.350982881910966
 1101,2012,63085,101924,61.89415643028139
 1101,2016,58916,95878,61.44892467510795
 1101,2020,64529,99139,65.08941990538537
 1101,2024,57946,89798,64.52927682131005
 1103,2000,16060,42681,37.627984349007754
 1103,2004,14131,47007,30.061480205075842
 1103,2008,13895,50542,27.491986862411462
 1103,2012,13439,49323,27.246923342051378
 1103,2016,11254,50644,22.221783429428953
 1103,2020,13234,53722,24.634228062990953
 1103,2024,12392,53543,23.144015090674785
 1105,2000,4020,5787,69.46604458268533
 1105,2004,3767,5523,68.20568531595148
 1105,2008,4457,6159,72.36564377333983
 1105,2012,4568,6099,74.89752418429251
 1105,2016,3824,5278,72.4516862447897
 1105,2020,3860,5230,73.80497131931166
 1105,2024,3174,4465,71.08622620380739
 1107,2000,4143,8540,48.512880562060886
 1107,2004,3915,9132,42.8712220762155
 1107,2008,4594,10067,45.63425052150591
 1107,2012,4455,9611,46.353137030485904
 1107,2016,3972,9542,41.62649339761057
 1107,2020,4022,9668,41.60115846090194
 1107,2024,3388,8912,38.016157989228006
 1109,2000,4357,10544,41.32207890743551
 1109,2004,4334,11883,36.47227131195826
 1109,2008,5879,13955,42.128269437477606
 1109,2012,6035,14107,42.78018005245623
 1109,2016,5056,13168,38.39611178614824
 1109,2020,5636,13841,40.719601184885484
 1109,2024,4899,13216,37.06870460048426
 1111,2000,3094,7919,39.07058972092436
 1111,2004,2817,9001,31.29652260859904
 1111,2008,3064,10384,29.50693374422188
 1111,2012,3078,10398,29.60184650894403
 1111,2016,2291,10187,22.48944733483852
 1111,2020,2203,10837,20.32850419857894
 1111,2024,1920,11091,17.311333513659726
 1113,2000,8396,14775,56.82571912013537
 1113,2004,8375,16809,49.824498780415254
 1113,2008,10085,18915,53.31747290510177
 1113,2012,10500,18879,55.61735261401557
 1113,2016,9579,19256,49.745533859576234
 1113,2020,11228,21329,52.64194289465047
 1113,2024,10422,20718,50.30408340573415
 1115,2000,6485,24090,26.919883769198837
 1115,2004,5456,29161,18.709920784609583
 1115,2008,6091,34088,17.86845810842525
 1115,2012,5801,35148,16.504495277113918
 1115,2016,5589,38400,14.5546875
 1115,2020,7744,44441,17.425350464661012
 1115,2024,7640,43526,17.55272710563801
 1117,2000,13183,62128,21.21909605974762
 1117,2004,14850,78906,18.81986160748232
 1117,2008,20625,90643,22.754101254371545
 1117,2012,20051,92507,21.67511647767196
 1117,2016,22977,101254,22.692436842001303
 1117,2020,33268,114950,28.941278816876903
 1117,2024,33087,114698,28.847059233814015
 1119,2000,4415,6088,72.5197109067017
 1119,2004,4527,6433,70.37152184050987
 1119,2008,5264,7020,74.98575498575498
 1119,2012,5421,7027,77.14529671267967
 1119,2016,4746,6411,74.0290126345344
 1119,2020,4648,6291,73.88332538547131
 1119,2024,3725,5307,70.19031467872621
 1121,2000,11264,25451,44.257593021885185
 1121,2004,11374,29898,38.042678440029434
 1121,2008,13779,34204,40.284762016138465
 1121,2012,13905,33373,41.66541815239865
 1121,2016,12121,33407,36.28281497889664
 1121,2020,13138,35663,36.83930123657572
 1121,2024,10898,33250,32.77593984962406
 1123,2000,6183,16253,38.04220759244447
 1123,2004,5451,17952,30.364304812834224
 1123,2008,6063,19311,31.396613329190615
 1123,2012,6319,18829,33.55993414413936
 1123,2016,5519,19486,28.322898491224468
 1123,2020,5859,20991,27.911962269544087
 1123,2024,4975,20023,24.84642660939919
 1125,2000,24614,60114,40.945536813387896
 1125,2004,26447,69830,37.873406845195476
 1125,2008,32796,78912,41.56021897810219
 1125,2012,32048,78590,40.778725028629594
 1125,2016,31762,82700,38.406287787182585
 1125,2020,37765,90172,41.88107172958346
 1125,2024,33399,85256,39.17495542835695
 1127,2000,11621,25641,45.32194532194532
 1127,2004,9016,28367,31.78341030070152
 1127,2008,7420,28652,25.896970543068548
 1127,2012,6557,28521,22.990077486764136
 1127,2016,4497,29472,15.258550488599349
 1127,2020,4834,31170,15.508501764517163
 1127,2024,4102,29786,13.771570536493655
 1129,2000,3386,7596,44.57609268035808
 1129,2004,3145,8247,38.13507942282042
 1129,2008,3067,8775,34.95156695156695
 1129,2012,2976,8778,33.90293916609706
 1129,2016,2374,8533,27.82139927340912
 1129,2020,2258,8876,25.4393871113114
 1129,2024,1863,8441,22.070844686648503
 1131,2000,3444,5126,67.18689036285603
 1131,2004,3838,5682,67.54663850756776
 1131,2008,4612,6494,71.01940252540807
 1131,2012,4868,6551,74.30926576095253
 1131,2016,4339,6118,70.9218698921216
 1131,2020,4048,5903,68.57530069456209
 1131,2024,3449,5263,65.53296598897967
 1133,2000,2692,9318,28.890319811118264
 1133,2004,2236,10423,21.45255684543797
 1133,2008,1757,10031,17.515701325889744
 1133,2012,1286,9714,13.238624665431336
 1133,2016,872,10313,8.455347619509357
 1133,2020,974,11284,8.631690889755406
 1133,2024,884,11149,7.928962238765809
 2001,2000,1284,6656,19.290865384615387
 2001,2004,3662,10417,35.15407506959777
 2001,2008,2597,6970,37.2596843615495
 2001,2012,1518,7722,19.65811965811966
 2001,2016,2573,6638,38.761675203374516
 2001,2020,3477,7314,47.53896636587367
 2001,2024,3367,8584,39.224137931034484
 2002,2000,2081,7388,28.167298321602598
 2002,2004,4961,11402,43.509910542010175
 2002,2008,3468,7735,44.83516483516484
 2002,2012,3096,9058,34.179730624861996
 2002,2016,1585,5492,28.860160233066278
 2002,2020,2104,6136,34.289439374185136
 2002,2024,4571,9563,47.79880790546899
 2003,2000,3693,8225,44.89969604863222
 2003,2004,6513,11748,55.43922369765066
 2003,2008,5657,8767,64.52606364777004
 2003,2012,2034,6069,33.51458230350964
 2003,2016,1241,7613,16.30106396952581
 2003,2020,1903,8385,22.695289206917113
 2003,2024,6130,11107,55.19042045556856
 2004,2000,2715,7823,34.705356001533936
 2004,2004,4768,10987,43.39674160371348
 2004,2008,4161,8736,47.630494505494504
 2004,2012,2864,6787,42.19832031825549
 2004,2016,4162,9521,43.71389559920176
 2004,2020,5345,10511,50.85148891637332
 2004,2024,6161,9270,66.46170442286947
 2005,2000,1931,6437,29.9984464812801
 2005,2004,4679,10609,44.104062588368365
 2005,2008,3393,7123,47.63442369788011
 2005,2012,3644,8143,44.750092103647304
 2005,2016,3187,7906,40.311156083986845
 2005,2020,4204,8654,48.57869193436561
 2005,2024,3328,8020,41.49625935162094
 2006,2000,1542,6100,25.278688524590166
 2006,2004,3728,10310,36.15906886517944
 2006,2008,2351,6824,34.45193434935522
 2006,2012,2145,7793,27.524701655331707
 2006,2016,2536,8460,29.976359338061464
 2006,2020,3272,9460,34.5877378435518
 2006,2024,4773,12000,39.775
 2007,2000,1893,8677,21.816295954823094
 2007,2004,5008,13221,37.87913168444142
 2007,2008,4283,10894,39.315219386818434
 2007,2012,1962,7575,25.900990099009903
 2007,2016,1510,8294,18.205931999035446
 2007,2020,2215,9622,23.020162128455624
 2007,2024,2513,9609,26.15256530336143
 2008,2000,1498,7978,18.776635748307847
 2008,2004,5758,12942,44.4908051305826
 2008,2008,4995,10320,48.401162790697676
 2008,2012,2083,8242,25.272991992234893
 2008,2016,1218,8073,15.087328130806391
 2008,2020,1953,9912,19.703389830508474
 2008,2024,2576,10805,23.840814437760297
 2009,2000,1203,6800,17.691176470588236
 2009,2004,4177,11486,36.36601079575135
 2009,2008,2805,7143,39.26921461570769
 2009,2012,1667,7408,22.50269978401728
 2009,2016,1843,8954,20.582979673888765
 2009,2020,2769,10993,25.188756481397252
 2009,2024,5849,11836,49.41703278134505
 2010,2000,2194,8884,24.696082845565062
 2010,2004,3670,10750,34.13953488372093
 2010,2008,2074,5615,36.93677649154052
 2010,2012,1344,6570,20.456621004566212
 2010,2016,1808,9040,20
 2010,2020,2727,11205,24.337349397590362
 2010,2024,4070,8763,46.44528129635969
 2011,2000,2043,6980,29.26934097421203
 2011,2004,3364,13025,25.82725527831094
 2011,2008,1924,9866,19.50131765659842
 2011,2012,2222,8631,25.744409686015523
 2011,2016,2142,9689,22.107544638249564
 2011,2020,3130,10628,29.450508091832894
 2011,2024,4633,9840,47.083333333333336
 2012,2000,2051,7601,26.9832916721484
 2012,2004,3387,11845,28.594343604896583
 2012,2008,1914,7589,25.220714191593096
 2012,2012,1901,6482,29.327368096266582
 2012,2016,1928,9543,20.203290369904643
 2012,2020,2957,11238,26.312511122975618
 2012,2024,4169,8515,48.96065766294774
 2013,2000,2661,7943,33.50119602165429
 2013,2004,4819,16012,30.096177866600048
 2013,2008,2800,11526,24.292903001908726
 2013,2012,2425,5707,42.491676888032245
 2013,2016,1684,6533,25.77682534823205
 2013,2020,2666,7713,34.56502009594192
 2013,2024,3682,7577,48.59443051339581
 2014,2000,1626,5868,27.709611451942738
 2014,2004,4403,15548,28.318754823771545
 2014,2008,2132,10456,20.390206579954093
 2014,2012,3340,7068,47.25523486134692
 2014,2016,3043,10420,29.203454894433783
 2014,2020,4261,11443,37.23673861749541
 2014,2024,4346,7426,58.52410449771075
 2015,2000,2106,5870,35.877342419080065
 2015,2004,4766,15400,30.948051948051948
 2015,2008,2510,11086,22.641169042035
 2015,2012,3283,6451,50.8913346767943
 2015,2016,1828,4982,36.69209152950622
 2015,2020,2622,5559,47.16675661090124
 2015,2024,4364,9293,46.96007747767136
 2016,2000,1969,4685,42.027748132337244
 2016,2004,4791,15840,30.246212121212125
 2016,2008,2636,10697,24.642423109282976
 2016,2012,4013,7181,55.883581673861585
 2016,2016,3294,7436,44.298009682625064
 2016,2020,4274,8118,52.64843557526484
 2016,2024,5344,9669,55.26941772675561
 2017,2000,2230,7704,28.946002076843197
 2017,2004,4646,15510,29.954867827208254
 2017,2008,2645,9448,27.995342929720575
 2017,2012,2853,4589,62.17040749618653
 2017,2016,3290,6788,48.46788450206246
 2017,2020,4136,7239,57.13496339273381
 2017,2024,4990,7718,64.65405545478103
 2018,2000,2739,9882,27.7170613236187
 2018,2004,4193,12887,32.53666485605649
 2018,2008,2046,6411,31.913897987833412
 2018,2012,4247,6930,61.284271284271284
 2018,2016,3909,7402,52.81005133747636
 2018,2020,4681,7720,60.634715025906736
 2018,2024,1928,4816,40.033222591362126
 2019,2000,2350,7951,29.55603068796378
 2019,2004,5061,13458,37.60588497547927
 2019,2008,3095,7372,41.98317959848074
 2019,2012,4126,8286,49.79483466087376
 2019,2016,2669,4792,55.69699499165276
 2019,2020,3118,5301,58.81909073759668
 2019,2024,2825,5025,56.21890547263681
 2020,2000,2259,6963,32.44291253769927
 2020,2004,4465,11480,38.893728222996515
 2020,2008,2474,5138,48.15103152977812
 2020,2012,3081,7964,38.686589653440485
 2020,2016,4151,7140,58.13725490196079
 2020,2020,4881,7497,65.10604241696679
 2020,2024,3924,7267,53.99752304940141
 2021,2000,2309,6629,34.83179966812491
 2021,2004,5488,14671,37.4071297116761
 2021,2008,3647,8675,42.040345821325644
 2021,2012,3316,8866,37.401308369050305
 2021,2016,4224,8647,48.849311900080956
 2021,2020,5414,9429,57.418602184749176
 2021,2024,4711,9043,52.09554351432046
 2022,2000,2656,8525,31.155425219941353
 2022,2004,5426,13035,41.62639048714998
 2022,2008,3337,6634,50.30147723846849
 2022,2012,2859,6555,43.61556064073226
 2022,2016,3270,8372,39.058767319636885
 2022,2020,4553,9520,47.825630252100844
 2022,2024,2660,5463,48.69119531393007
 2023,2000,1282,4630,27.688984881209507
 2023,2004,5991,12985,46.13785136696188
 2023,2008,4075,7082,57.54024286924597
 2023,2012,3167,8370,37.83751493428913
 2023,2016,2894,6924,41.79664933564414
 2023,2020,3810,7739,49.23116681741827
 2023,2024,4116,10685,38.5212915301825
 2024,2000,1985,7915,25.078963992419457
 2024,2004,5226,13251,39.43853294091012
 2024,2008,3380,7688,43.964620187304895
 2024,2012,3128,7289,42.91397996981753
 2024,2016,3578,9080,39.40528634361233
 2024,2020,4736,10428,45.41618718833909
 2024,2024,3234,10118,31.962838505633524
 2025,2000,1697,8201,20.692598463602
 2025,2004,5435,12778,42.53404288621068
 2025,2008,3233,6443,50.17848828185628
 2025,2012,3739,8661,43.17053458030251
 2025,2016,3378,8127,41.56515319306017
 2025,2020,4600,9325,49.32975871313673
 2025,2024,3172,10460,30.325047801147225
 2026,2000,1608,8590,18.719441210710126
 2026,2004,6476,14682,44.108432093720204
 2026,2008,4472,8695,51.431857389304206
 2026,2012,3169,10491,30.206843961490804
 2026,2016,3374,8905,37.88882650196519
 2026,2020,4558,10111,45.079616259519334
 2026,2024,2013,9448,21.306096528365792
 2027,2000,2199,10438,21.067254263268826
 2027,2004,5212,14112,36.93310657596372
 2027,2008,3130,8498,36.832195810779005
 2027,2012,4463,10823,41.23625612122332
 2027,2016,3729,8783,42.45701924171696
 2027,2020,4844,9506,50.95729013254786
 2027,2024,1807,8860,20.395033860045146
 2028,2000,2116,11040,19.166666666666668
 2028,2004,5141,14577,35.267887768402275
 2028,2008,3642,9792,37.193627450980394
 2028,2012,2188,8449,25.89655580542076
 2028,2016,4749,11427,41.55946442635862
 2028,2020,6264,12749,49.13326535414542
 2028,2024,2213,9279,23.849552753529473
 2029,2000,2806,8823,31.803241527825005
 2029,2004,4546,12630,35.99366587490103
 2029,2008,2684,6962,38.55214018960069
 2029,2012,1933,8011,24.12932218199975
 2029,2016,2101,9394,22.365339578454332
 2029,2020,2985,10747,27.775193077137807
 2029,2024,2708,10500,25.79047619047619
 2030,2000,1698,6083,27.91385829360513
 2030,2004,5181,14273,36.299306382680584
 2030,2008,3486,9183,37.96145050637047
 2030,2012,3578,9505,37.643345607574965
 2030,2016,1816,8950,20.29050279329609
 2030,2020,2638,10176,25.92374213836478
 2030,2024,2701,10306,26.20803415486125
 2031,2000,1831,5965,30.695725062866725
 2031,2004,5315,15270,34.8068107400131
 2031,2008,3596,10220,35.18590998043053
 2031,2012,4679,9335,50.12319228709159
 2031,2016,3466,10182,34.04046356315066
 2031,2020,5037,12410,40.588235294117645
 2031,2024,3240,7003,46.265886048836215
 2032,2000,1389,6033,23.023371456986574
 2032,2004,6580,16810,39.14336704342653
 2032,2008,5176,12307,42.057365726822134
 2032,2012,5930,9528,62.23761544920235
 2032,2016,2701,7472,36.148286937901496
 2032,2020,3506,8335,42.063587282543494
 2032,2024,1883,5864,32.11118690313779
 2033,2000,1765,8712,20.25941230486685
 2033,2004,3192,10938,29.18266593527153
 2033,2008,2089,8909,23.4481984510046
 2033,2012,2716,7471,36.353901753446664
 2033,2016,5978,9934,60.17716931749547
 2033,2020,7535,10955,68.7813783660429
 2033,2024,2016,8859,22.756518794446325
 2034,2000,1300,7154,18.17165222253285
 2034,2004,3033,11353,26.715405619660004
 2034,2008,1920,9548,20.108923334729788
 2034,2012,4662,8637,53.97707537339353
 2034,2016,4220,9431,44.74605025978157
 2034,2020,5763,10729,53.714232454096376
 2034,2024,3759,10012,37.54494606472233
 2035,2000,1208,6382,18.92823566280163
 2035,2004,5030,11571,43.47074583009247
 2035,2008,4254,9503,44.764811112280334
 2035,2012,2830,6932,40.82515868436238
 2035,2016,3749,9042,41.46206591462066
 2035,2020,5011,10102,49.60403880419719
 2035,2024,4885,9732,50.19523222359227
 2036,2000,1945,5577,34.875381029227185
 2036,2004,3245,9241,35.115247267611736
 2036,2008,2264,6673,33.927768619811175
 2036,2012,3341,4972,67.1962992759453
 2036,2016,2693,8264,32.58712487899322
 2036,2020,3796,9292,40.85234610417564
 2036,2024,3538,9598,36.861846217962075
 2037,2000,1821,5028,36.217183770883054
 2037,2004,1970,5208,37.826420890937015
 2037,2008,1868,4665,40.042872454448016
 2037,2012,2631,4335,60.692041522491344
 2037,2016,2421,5062,47.826945871197154
 2037,2020,2560,5142,49.786075457020615
 2037,2024,1921,4350,44.160919540229884
 2038,2000,2015,4976,40.494372990353696
 2038,2004,2366,5075,46.62068965517241
 2038,2008,2549,4820,52.88381742738589
 2038,2012,4101,6814,60.18491341356032
 2038,2016,2758,5095,54.13150147203141
 2038,2020,3202,5299,60.42649556520098
 2038,2024,2028,3994,50.77616424636956
 2039,2000,2282,5188,43.98612181958366
 2039,2004,2365,5568,42.474856321839084
 2039,2008,2695,5184,51.98688271604939
 2039,2012,3645,6560,55.5640243902439
 2039,2016,3142,5639,55.71909913105161
 2039,2020,3580,5891,60.770667119334576
 2039,2024,2180,4206,51.83071802187351
 2040,2000,1024,3226,31.742095474271544
 2040,2004,2328,5788,40.22114720110574
 2040,2008,2137,5000,42.74
 2040,2012,2717,4235,64.15584415584415
 2040,2016,2338,4610,50.71583514099783
 2040,2020,2318,4603,50.35846187269172
 2040,2024,1362,3293,41.36046158518069
 2099,2000,0,0,NA
 2099,2004,0,0,NA
 2099,2008,0,0,NA
 2099,2012,0,0,NA
 2099,2016,274,342,80.11695906432749
 2099,2020,373,433,86.14318706697459
 2099,2024,336,401,83.79052369077307
 4001,2000,13025,19456,66.94592927631578
 4001,2004,15658,24198,64.7078270931482
 4001,2008,15390,24262,63.43252823345149
 4001,2012,17147,25848,66.33782110801609
 4001,2016,17083,27661,61.75843245001988
 4001,2020,23293,105516,22.075325069183823
 4001,2024,37744,256808,14.69736145291424
 4003,2000,13360,33241,40.191329984055834
 4003,2004,17514,44483,39.372344491153925
 4003,2008,18943,48820,38.80172060630889
 4003,2012,18546,49003,37.8466624492378
 4003,2016,17450,50015,34.889533140057985
 4003,2020,23732,181326,13.088029295302384
 4003,2024,44592,473080,9.425889912911135
 4005,2000,20280,40883,49.604970281045915
 4005,2004,29243,52267,55.94926052767521
 4005,2008,31433,54344,57.84079199175623
 4005,2012,29257,51731,56.556030233322375
 4005,2016,32404,59784,54.20179312190553
 4005,2020,44698,219816,20.33427957928449
 4005,2024,42646,287796,14.818135067895316
 4007,2000,7700,17736,43.41452413170952
 4007,2004,8314,20843,39.88869164707576
 4007,2008,7884,22333,35.30201943312587
 4007,2012,7697,21528,35.75343738387217
 4007,2016,7003,22312,31.38669774112585
 4007,2020,8943,82986,10.77651652085894
 4007,2024,17008,221584,7.675644450862879
 4009,2000,3355,9664,34.71647350993378
 4009,2004,3185,10720,29.71082089552239
 4009,2008,3487,12007,29.0413925210294
 4009,2012,3609,11855,30.44285111767187
 4009,2016,3301,12134,27.204549200593377
 4009,2020,4034,44985,8.967433588974103
 4009,2024,7557,118312,6.387348705118669
 4011,2000,1216,2960,41.08108108108108
 4011,2004,1146,3067,37.365503749592435
 4011,2008,1165,2913,39.99313422588397
 4011,2012,1310,2974,44.04841963685273
 4011,2016,1092,3270,33.39449541284404
 4011,2020,1182,11055,10.691994572591588
 4011,2024,1908,33160,5.753920386007238
 4012,2000,1769,4483,39.46018291322775
 4012,2004,1849,5055,36.57764589515332
 4012,2008,1929,5552,34.74423631123919
 4012,2012,1880,5717,32.88437991953822
 4012,2016,1575,5951,26.466140144513528
 4012,2020,2236,22374,9.993742737105569
 4012,2024,4202,61144,6.872301452309302
 4013,2000,386683,901699,42.88382265035228
 4013,2004,504849,1192751,42.32643695121614
 4013,2008,602166,1364962,44.115953411157236
 4013,2012,602288,1376558,43.75318729759298
 4013,2016,702907,1567834,44.832998901669434
 4013,2020,1040774,6204432,16.774686224299018
 4013,2024,980016,2061574,47.537270066463776
 4015,2000,17470,44141,39.57771686187444
 4015,2004,20503,57807,35.46802290380058
 4015,2008,22092,67605,32.67805635677835
 4015,2012,19533,70010,27.900299957148977
 4015,2016,17455,79943,21.834306943697385
 4015,2020,24831,314004,7.907861046356097
 4015,2024,48162,885544,5.438690793455774
 4017,2000,11794,25147,46.90022666719688
 4017,2004,14815,32343,45.805893083511116
 4017,2008,15579,35800,43.51675977653631
 4017,2012,16945,37335,45.38636668005893
 4017,2016,16459,40294,40.84727254678116
 4017,2020,23383,155301,15.056567568785779
 4017,2024,41508,507990,8.17102698872025
 4019,2000,147688,287640,51.34473647615074
 4019,2004,193128,366907,52.636771715993426
 4019,2008,206254,393428,52.424840123224584
 4019,2012,201251,382250,52.64905166775671
 4019,2016,224661,421640,53.28265819182241
 4019,2020,304981,1561191,19.53514976706886
 4019,2024,584900,4122296,14.188694843844305
 4021,2000,19650,41290,47.59021554855897
 4021,2004,27252,64622,42.17139673795302
 4021,2008,44254,104883,42.19368248429202
 4021,2012,44306,108315,40.904768499284494
 4021,2016,47892,129546,36.96910749849474
 4021,2020,75106,554922,13.534514760633026
 4021,2024,161312,1681384,9.59400113240045
 4023,2000,5233,8893,58.84403463398178
 4023,2004,6909,11668,59.21323277339733
 4023,2008,8683,13303,65.27099150567541
 4023,2012,9486,13894,68.27407514034836
 4023,2016,11690,16433,71.13734558510315
 4023,2020,13138,58668,22.393809231608373
 4023,2024,22530,153336,14.693222726561277
 4025,2000,24063,68228,35.26851146157003
 4025,2004,33127,87389,37.90751696437767
 4025,2008,36889,99648,37.0193079640334
 4025,2012,33918,100283,33.822282939281834
 4025,2016,35590,114450,31.096548711227612
 4025,2020,49602,429663,11.54439642231237
 4025,2024,97434,1195424,8.150580881762453
 4027,2000,12055,28652,42.07385173809856
 4027,2004,16032,38465,41.67944884960353
 4027,2008,18559,43615,42.55187435515304
 4027,2012,18059,41953,43.04578933568517
 4027,2016,24605,53010,46.415770609319
 4027,2020,32210,209643,15.364214402579623
 4027,2024,53646,683350,7.850442672129948
 5001,2000,2877,6372,45.15065913370998
 5001,2004,3110,6946,44.77397063057875
 5001,2008,2619,6978,37.532244196044715
 5001,2012,2455,6494,37.804126886356634
 5001,2016,1939,6212,31.2137797810689
 5001,2020,1818,25168,7.223458359821996
 5001,2024,3006,55470,5.41914548404543
 5003,2000,4253,8271,51.42062628460887
 5003,2004,3881,8512,45.59445488721804
 5003,2008,2976,8642,34.436473038648465
 5003,2012,2859,7921,36.09392753440222
 5003,2016,2408,8083,29.79091921316343
 5003,2020,2125,31704,6.70262427453949
 5003,2024,3548,70300,5.046941678520626
 5005,2000,6516,16708,38.99928178118267
 5005,2004,7129,18530,38.47274689692391
 5005,2008,6539,19981,32.72608978529603
 5005,2012,5172,19339,26.74388541289622
 5005,2016,4169,19766,21.091773752909035
 5005,2020,4635,84028,5.516018470033798
 5005,2024,8682,209540,4.1433616493270975
 5007,2000,17277,53646,32.205569846773294
 5007,2004,20756,68121,30.4693119596013
 5007,2008,23331,76073,30.669225612240876
 5007,2012,22636,79257,28.560253353016137
 5007,2016,28005,96824,28.92361398000496
 5007,2020,42249,479648,8.808334445259858
 5007,2024,90462,1285950,7.034643648664411
 5009,2000,4493,13635,32.951961862852954
 5009,2004,4640,14777,31.400148880016243
 5009,2008,4435,15474,28.660979707897116
 5009,2012,3772,15391,24.507829250860894
 5009,2016,2926,16111,18.16150456210043
 5009,2020,3064,68456,4.475867710646255
 5009,2024,5708,171120,3.335670874240299
 5011,2000,2122,3979,53.32998240764011
 5011,2004,2206,4249,51.918098376088494
 5011,2008,1680,4041,41.57386785449147
 5011,2012,1449,3652,39.67688937568455
 5011,2016,1317,3653,36.05255954010402
 5011,2020,1214,14616,8.305966064586755
 5011,2024,1922,32090,5.989404799002805
 5013,2000,1017,2185,46.54462242562929
 5013,2004,942,2303,40.90316977854972
 5013,2008,691,2217,31.168245376635088
 5013,2012,660,2174,30.358785648574056
 5013,2016,639,2269,28.162185985015427
 5013,2020,479,8728,5.488084326306141
 5013,2024,758,20920,3.623326959847036
 5015,2000,3595,9590,37.48696558915537
 5015,2004,4161,10481,39.70041026619597
 5015,2008,4172,10579,39.436619718309856
 5015,2012,3696,10183,36.29578709614062
 5015,2016,3342,10758,31.065253764640268
 5015,2020,4023,47188,8.52547257777401
 5015,2024,7624,115380,6.607730975905703
 5017,2000,2820,4452,63.342318059299195
 5017,2004,2993,4757,62.91780533949969
 5017,2008,3043,5208,58.42933947772657
 5017,2012,2649,4361,60.74294886493924
 5017,2016,2350,4176,56.27394636015326
 5017,2020,2260,16412,13.77041189373629
 5017,2024,3592,34900,10.292263610315185
 5019,2000,4661,8626,54.03431486204499
 5019,2004,4985,9189,54.24964631624769
 5019,2008,4267,9094,46.92104684407302
 5019,2012,3811,8409,45.32048995124271
 5019,2016,3620,8526,42.45836265540699
 5019,2020,3438,33580,10.238237045860632
 5019,2024,5918,76570,7.728875538722738
 5021,2000,3527,5900,59.77966101694915
 5021,2004,3264,6096,53.54330708661418
 5021,2008,2244,5511,40.718562874251496
 5021,2012,1738,5110,34.01174168297456
 5021,2016,1199,5200,23.057692307692307
 5021,2020,962,20732,4.640169785838317
 5021,2024,1814,49670,3.652103885645259
 5023,2000,4120,10207,40.36445576565102
 5023,2004,4702,11835,39.72961554710604
 5023,2008,2951,11338,26.027518080790262
 5023,2012,2620,11647,22.495063106379327
 5023,2016,2101,12085,17.385188249896565
 5023,2020,1988,50720,3.9195583596214516
 5023,2024,3882,127390,3.0473349556480103
 5025,2000,1414,3181,44.45143036780886
 5025,2004,1450,3496,41.47597254004577
 5025,2008,911,3505,25.991440798858772
 5025,2012,845,3266,25.872627066748315
 5025,2016,723,3354,21.556350626118068
 5025,2020,651,14400,4.520833333333334
 5025,2024,1048,33740,3.106105512744517
 5027,2000,4003,9307,43.0106371548297
 5027,2004,4108,9909,41.45726107578969
 5027,2008,3554,9558,37.183511194810634
 5027,2012,3557,9455,37.620306716023265
 5027,2016,3140,8887,35.332508157983575
 5027,2020,2814,34464,8.165041782729805
 5027,2024,4932,79400,6.211586901763224
 5029,2000,3496,7234,48.32734310201825
 5029,2004,4259,8649,49.242687015839984
 5029,2008,3149,8138,38.695011059228314
 5029,2012,3005,7730,38.8745148771022
 5029,2016,2656,7927,33.50573987637189
 5029,2020,2615,34740,7.527345998848589
 5029,2024,4898,85410,5.7346914881161455
 5031,2000,12376,25157,49.19505505425925
 5031,2004,13665,29801,45.85416596758498
 5031,2008,11294,30968,36.46990441746319
 5031,2012,10527,31700,33.20820189274448
 5031,2016,10538,35573,29.623590925702075
 5031,2020,11921,154044,7.738698034327854
 5031,2024,22420,372420,6.020084850437677
 5033,2000,6288,17625,35.67659574468085
 5033,2004,6764,20401,33.155237488358416
 5033,2008,5238,20532,25.511396843950905
 5033,2012,4881,20591,23.70453110582293
 5033,2016,4488,22450,19.99109131403118
 5033,2020,4959,96364,5.146112656178656
 5033,2024,9506,238340,3.98841990433834
 5035,2000,7224,13234,54.58667069669034
 5035,2004,8277,15300,54.09803921568628
 5035,2008,10330,18255,56.58723637359627
 5035,2012,9487,16716,56.75400813591769
 5035,2016,8410,15952,52.720661985957875
 5035,2020,8514,65468,13.00482678560518
 5035,2024,14724,146810,10.029289557932021
 5037,2000,3096,6215,49.81496379726468
 5037,2004,3135,7074,44.31721798134012
 5037,2008,2580,7130,36.18513323983169
 5037,2012,2279,6681,34.11165993114803
 5037,2016,1999,6874,29.080593540878674
 5037,2020,1772,27768,6.381446269086719
 5037,2024,3284,65340,5.026017753290481
 5039,2000,1710,3325,51.42857142857142
 5039,2004,1667,3383,49.275790718297365
 5039,2008,1471,3318,44.333936106088004
 5039,2012,1337,3084,43.35278858625162
 5039,2016,1165,2771,42.042583904727536
 5039,2020,963,10596,9.088335220838053
 5039,2024,1596,23240,6.8674698795180715
 5041,2000,2776,4495,61.7575083426029
 5041,2004,2851,4647,61.3514095115128
 5041,2008,2569,4678,54.916631038905514
 5041,2012,2443,4420,55.27149321266969
 5041,2016,2228,4257,52.337326755931414
 5041,2020,2016,16656,12.103746397694524
 5041,2024,3276,35050,9.346647646219687
 5043,2000,3060,5922,51.671732522796354
 5043,2004,2952,6249,47.239558329332695
 5043,2008,2598,6610,39.30408472012103
 5043,2012,2630,6633,39.650233680084426
 5043,2016,2365,6595,35.860500379075056
 5043,2020,2426,27632,8.779675738274465
 5043,2024,4100,63650,6.441476826394343
 5045,2000,11950,29216,40.90224534501643
 5045,2004,14538,36686,39.6281960420869
 5045,2008,14955,41179,36.31705480949027
 5045,2012,13621,41460,32.85335262904004
 5045,2016,14629,47527,30.78039851032045
 5045,2020,18347,217712,8.427188211949732
 5045,2024,35504,544650,6.518681722206922
 5047,2000,2674,6140,43.55048859934853
 5047,2004,3008,7289,41.267663602688984
 5047,2008,1869,6475,28.864864864864863
 5047,2012,1726,6540,26.391437308868504
 5047,2016,1376,6770,20.32496307237814
 5047,2020,1300,28516,4.558844157665872
 5047,2024,2464,69710,3.534643523167408
 5049,2000,1976,4108,48.10126582278481
 5049,2004,2370,4955,47.83047426841574
 5049,2008,1819,4676,38.90076988879384
 5049,2012,1452,4522,32.10968597965502
 5049,2016,1067,4772,22.35959765297569
 5049,2020,1035,20476,5.054698183238914
 5049,2024,1812,50430,3.5930993456276026
 5051,2000,15840,35935,44.07958814526228
 5051,2004,18040,40154,44.927030930915976
 5051,2008,15899,43719,36.366339577757955
 5051,2012,13804,40728,33.89314476527205
 5051,2016,12311,40805,30.17032226442838
 5051,2020,14045,176796,7.944184257562388
 5051,2024,26030,423270,6.149738937321332
 5053,2000,2535,6013,42.15865624480293
 5053,2004,2524,6770,37.2821270310192
 5053,2008,1562,6793,22.994258795819224
 5053,2012,1468,6479,22.657817564438957
 5053,2016,1373,7445,18.441907320349227
 5053,2020,1268,32800,3.8658536585365852
 5053,2024,2384,80780,2.9512255508789305
 5055,2000,6319,12484,50.616789490547895
 5055,2004,6561,13947,47.042374704237474
 5055,2008,4541,13612,33.360270349691454
 5055,2012,4000,13761,29.067654966935542
 5055,2016,3071,14600,21.034246575342465
 5055,2020,3058,64400,4.748447204968944
 5055,2024,5870,158200,3.7104930467762323
 5057,2000,3937,7289,54.012896144875846
 5057,2004,3817,7452,51.221148684916805
 5057,2008,2869,7349,39.03932507824194
 5057,2012,2468,6921,35.659586764918366
 5057,2016,2377,7049,33.721095190807205
 5057,2020,2138,27392,7.805198598130842
 5057,2024,3552,60890,5.833470192149778
 5059,2000,5527,10981,50.3323923139969
 5059,2004,5903,12068,48.914484587338414
 5059,2008,4288,11955,35.86783772480134
 5059,2012,3830,11260,34.01420959147424
 5059,2016,3149,11944,26.364701942397854
 5059,2020,3082,50228,6.136019749940273
 5059,2024,5636,122830,4.588455589025482
 5061,2000,2063,4459,46.265978919040144
 5061,2004,2166,4943,43.819542787780705
 5061,2008,1746,4846,36.029715229054894
 5061,2012,1471,4462,32.96727924697445
 5061,2016,1351,4674,28.904578519469403
 5061,2020,1340,19336,6.930078609846918
 5061,2024,2316,44730,5.177733065057009
 5063,2000,5146,11594,44.38502673796791
 5063,2004,5443,13011,41.83383291061409
 5063,2008,3688,12299,29.986177738027482
 5063,2012,3281,12397,26.466080503347584
 5063,2016,2881,13614,21.162039077420303
 5063,2020,2806,58048,4.833930540242558
 5063,2024,5378,140110,3.838412675754764
 5065,2000,2587,5032,51.410969793322735
 5065,2004,2586,5493,47.07809939923539
 5065,2008,1792,5218,34.342660022997315
 5065,2012,1524,5278,28.87457370215991
 5065,2016,1113,5448,20.429515418502202
 5065,2020,1021,23240,4.39328743545611
 5065,2024,1898,59250,3.2033755274261604
 5067,2000,3651,6072,60.12845849802372
 5067,2004,3515,6219,56.52034089081845
 5067,2008,2207,5582,39.5378000716589
 5067,2012,2095,5347,39.18084907424724
 5067,2016,1583,5156,30.70209464701319
 5067,2020,1365,20364,6.703005303476724
 5067,2024,2366,47750,4.954973821989529
 5069,2000,17716,27201,65.12995845740966
 5069,2004,19675,30493,64.5230052799003
 5069,2008,18465,29689,62.194752265148715
 5069,2012,17470,27383,63.798707227111706
 5069,2016,15772,25894,60.90986328879278
 5069,2020,14981,100632,14.886914699101677
 5069,2024,25604,216080,11.849315068493151
 5071,2000,3270,7161,45.664013405948886
 5071,2004,3622,8044,45.02734957732471
 5071,2008,3034,8180,37.09046454767726
 5071,2012,2799,8098,34.56408989874043
 5071,2016,2427,9112,26.635206321334504
 5071,2020,2283,37992,6.009159823120657
 5071,2024,4214,90590,4.651727563748758
 5073,2000,1806,3383,53.38456990836535
 5073,2004,1567,3191,49.106863052334695
 5073,2008,1133,2902,39.042039972432804
 5073,2012,1173,2929,40.047797883236605
 5073,2016,1032,2860,36.08391608391609
 5073,2020,839,10716,7.829413960432998
 5073,2024,1396,23250,6.004301075268817
 5075,2000,3255,6040,53.890728476821195
 5075,2004,3544,6615,53.57520786092215
 5075,2008,2138,5830,36.67238421955403
 5075,2012,1788,5540,32.27436823104693
 5075,2016,1263,5685,22.21635883905013
 5075,2020,1080,23428,4.6098685333788625
 5075,2024,1930,56920,3.3907238229093464
 5077,2000,2727,4121,66.17325891773841
 5077,2004,2548,4080,62.450980392156865
 5077,2008,2263,3763,60.138187616263615
 5077,2012,2107,3424,61.53621495327103
 5077,2016,1735,3026,57.33641771315268
 5077,2020,1423,11392,12.49122191011236
 5077,2024,2540,25200,10.079365079365079
 5079,2000,1957,3546,55.188945290468126
 5079,2004,2149,4109,52.29982964224872
 5079,2008,1710,4406,38.81071266454834
 5079,2012,1425,3726,38.24476650563607
 5079,2016,1252,3826,32.723470987977
 5079,2020,1032,15500,6.658064516129032
 5079,2024,1626,33720,4.822064056939502
 5081,2000,2883,5263,54.77864335930078
 5081,2004,2677,5294,50.56667925953911
 5081,2008,1753,5152,34.025621118012424
 5081,2012,1552,5051,30.72658879429816
 5081,2016,1397,5227,26.72661182322556
 5081,2020,1226,20708,5.920417230056017
 5081,2024,2168,48990,4.42539293733415
 5083,2000,3283,8096,40.55088932806324
 5083,2004,3361,8551,39.30534440416326
 5083,2008,2286,7907,28.91109143796636
 5083,2012,2009,7331,27.404174055381258
 5083,2016,1715,7921,21.651306653200354
 5083,2020,1544,32900,4.693009118541033
 5083,2024,2928,82050,3.5685557586837295
 5085,2000,6851,17943,38.18202084378309
 5085,2004,7454,22030,33.83567862006355
 5085,2008,5968,23741,25.137947011499094
 5085,2012,5625,24114,23.326698183627766
 5085,2016,5664,27100,20.900369003690038
 5085,2020,6686,122648,5.4513730350270695
 5085,2024,13580,306200,4.435009797517962
 5087,2000,2055,5628,36.513859275053306
 5087,2004,2421,6384,37.92293233082707
 5087,2008,2144,6328,33.88116308470291
 5087,2012,2099,6568,31.957978075517662
 5087,2016,1588,6841,23.212980558397895
 5087,2020,1563,29404,5.315603319276288
 5087,2024,2982,75010,3.9754699373416877
 5089,2000,2233,6015,37.1238570241064
 5089,2004,2602,6867,37.89136449686909
 5089,2008,2384,7162,33.28679139905055
 5089,2012,2037,7051,28.88951921713232
 5089,2016,1434,7107,20.17728999577881
 5089,2020,1531,30012,5.1012928162068505
 5089,2024,3002,78510,3.823716723984206
 5091,2000,6278,13745,45.674790833030194
 5091,2004,6139,14678,41.8244992505791
 5091,2008,4869,15063,32.32423819956184
 5091,2012,4518,15329,29.47354687194207
 5091,2016,4273,16091,26.5552172021627
 5091,2020,4245,66116,6.420533607598767
 5091,2024,7538,158030,4.769980383471493
 5093,2000,7107,12586,56.46750357540123
 5093,2004,7593,14153,53.64940295343743
 5093,2008,6667,14010,47.58743754461099
 5093,2012,6467,13375,48.35140186915888
 5093,2016,5670,13204,42.94153286882762
 5093,2020,4558,49368,9.23270134500081
 5093,2024,7148,107170,6.669776989829243
 5095,2000,1910,3293,58.001822046765874
 5095,2004,2049,3667,55.876738478320156
 5095,2008,1615,3449,46.825166714989855
 5095,2012,1583,3230,49.00928792569659
 5095,2016,1312,2884,45.49237170596394
 5095,2020,1147,11264,10.182883522727272
 5095,2024,2004,24330,8.236744759556105
 5097,2000,1438,3739,38.4594811446911
 5097,2004,1524,3958,38.50429509853461
 5097,2008,1092,3622,30.149088901159583
 5097,2012,920,3404,27.027027027027028
 5097,2016,748,3559,21.01713964596797
 5097,2020,731,15492,4.718564420345985
 5097,2024,1290,37070,3.4799028864310766
 5099,2000,1867,3738,49.94649545211343
 5099,2004,1694,3477,48.72016105838367
 5099,2008,1474,3635,40.55020632737277
 5099,2012,1314,3384,38.82978723404255
 5099,2016,1157,3246,35.64386937769562
 5099,2020,1076,13432,8.010720667063728
 5099,2024,1698,29070,5.841073271413829
 5101,2000,1205,3927,30.685001273236566
 5101,2004,1506,4378,34.39926907263591
 5101,2008,1182,3960,29.848484848484848
 5101,2012,993,3661,27.123736683966133
 5101,2016,699,3753,18.62509992006395
 5101,2020,709,15992,4.433466733366683
 5101,2024,1288,37700,3.416445623342175
 5103,2000,5464,10395,52.56373256373257
 5103,2004,5188,10650,48.713615023474176
 5103,2008,4346,9960,43.63453815261044
 5103,2012,4633,10315,44.91517207949588
 5103,2016,4321,9935,43.49270256668344
 5103,2020,3995,38516,10.372312805068024
 5103,2024,6824,86260,7.910966844423835
 5105,2000,1648,4007,41.128025954579485
 5105,2004,1921,4431,43.35364477544572
 5105,2008,1352,4279,31.596167328815145
 5105,2012,1187,3938,30.142204164550535
 5105,2016,1049,4306,24.361356247097074
 5105,2020,1012,18508,5.467905770477631
 5105,2024,1846,45840,4.027050610820244
 5107,2000,6018,9313,64.61934929668206
 5107,2004,5642,8868,63.622011727559766
 5107,2008,5695,8969,63.49648790277623
 5107,2012,5202,7930,65.59899117276167
 5107,2016,4310,6953,61.9876312383144
 5107,2020,3623,24968,14.510573534123678
 5107,2024,5508,49380,11.154313487241799
 5109,2000,1604,3971,40.392848149080834
 5109,2004,1310,3367,38.9070389070389
 5109,2008,1089,3966,27.458396369137674
 5109,2012,851,3788,22.465681098204858
 5109,2016,685,3981,17.20673197689023
 5109,2020,644,16984,3.7918040508714084
 5109,2024,1120,43580,2.569986232216613
 5111,2000,4102,7235,56.696613683483065
 5111,2004,4069,7723,52.68677974880228
 5111,2008,2742,7928,34.58627648839556
 5111,2012,2390,7560,31.613756613756617
 5111,2016,1880,7722,24.346024346024343
 5111,2020,1424,30084,4.733413109958782
 5111,2024,2470,70790,3.4891933888967364
 5113,2000,2315,7193,32.18406784373697
 5113,2004,2473,7799,31.709193486344407
 5113,2008,1957,7681,25.478453326389793
 5113,2012,1556,7726,20.139787729743723
 5113,2016,1212,8231,14.724820799416838
 5113,2020,1246,33960,3.669022379269729
 5113,2024,2290,82880,2.763030888030888
 5115,2000,6669,18422,36.20128107697319
 5115,2004,7100,20902,33.96804133575734
 5115,2008,6002,22079,27.184202183069882
 5115,2012,5126,20439,25.079504868144237
 5115,2016,5000,22569,22.154282422792328
 5115,2020,5772,97728,5.906188605108055
 5115,2024,10974,241910,4.536397833905172
 5117,2000,1563,3507,44.56800684345594
 5117,2004,1562,3624,43.10154525386313
 5117,2008,1048,3381,30.99674652469683
 5117,2012,880,3141,28.01655523718561
 5117,2016,814,3444,23.635307781649246
 5117,2020,654,13980,4.6781115879828326
 5117,2024,1048,32000,3.2750000000000004
 5119,2000,68320,127151,53.731390236805055
 5119,2004,82755,151758,54.53089787688293
 5119,2008,88854,161343,55.07149365017385
 5119,2012,87248,159381,54.74178227015767
 5119,2016,89574,159776,56.06223713198478
 5119,2020,101947,679824,14.996087222575255
 5119,2024,184076,1539240,11.958888802266053
 5121,2000,3019,5877,51.36974646928705
 5121,2004,3412,6667,51.1774411279436
 5121,2008,2469,6319,39.07263807564488
 5121,2012,2046,5956,34.35191403626595
 5121,2016,1425,6379,22.338924596331715
 5121,2020,1215,27248,4.459042865531416
 5121,2024,2276,66360,3.429776974080771
 5123,2000,4986,8496,58.686440677966104
 5123,2004,5684,9588,59.28243637880685
 5123,2008,5486,9505,57.71699105733824
 5123,2012,4910,8362,58.71801004544367
 5123,2016,4031,7430,54.25302826379542
 5123,2020,3604,28432,12.675858187957232
 5125,2000,12700,32391,39.208422092556575
 5125,2004,14153,39376,35.943214140593255
 5125,2008,12695,44653,28.430340626609635
 5125,2012,12869,47062,27.34477922740215
 5125,2016,13256,52100,25.44337811900192
 5125,2020,16060,227836,7.048929932056391
 5125,2024,33218,576090,5.766112933742992
 5127,2000,1444,3981,36.27229339361969
 5127,2004,1473,4038,36.47845468053492
 5127,2008,1053,3995,26.357947434292868
 5127,2012,897,3640,24.642857142857146
 5127,2016,602,3510,17.150997150997153
 5127,2020,483,14204,3.4004505773021685
 5127,2024,850,33840,2.5118203309692673
 5129,2000,1229,4058,30.285855101034993
 5129,2004,1370,3992,34.3186372745491
 5129,2008,961,3847,24.98050428905641
 5129,2012,814,3694,22.035733622089875
 5129,2016,601,3728,16.121244635193133
 5129,2020,588,16076,3.657626275192834
 5129,2024,1022,38690,2.6415094339622645
 5131,2000,15555,40159,38.73353420154884
 5131,2004,16479,44211,37.273529212187015
 5131,2008,13673,43212,31.641673609182636
 5131,2012,13092,43362,30.19233430192334
 5131,2016,12300,44637,27.55561529672693
 5131,2020,14487,188560,7.682965634280865
 5131,2024,27304,454520,6.007216404118631
 5133,2000,2095,4293,48.80037269974377
 5133,2004,2035,4601,44.22951532275592
 5133,2008,1291,4580,28.187772925764193
 5133,2012,1042,4330,24.064665127020785
 5133,2016,1075,4562,23.56422621657168
 5133,2020,1116,20808,5.3633217993079585
 5133,2024,1724,47140,3.6571913449299958
 5135,2000,3236,7126,45.41117036205445
 5135,2004,3265,7470,43.708165997322624
 5135,2008,2436,7252,33.59073359073359
 5135,2012,2092,7283,28.72442674721955
 5135,2016,1472,7249,20.306249137812113
 5135,2020,1398,30264,4.619349722442506
 5135,2024,8538,134160,6.364042933810375
 5137,2000,2043,4860,42.03703703703704
 5137,2004,2255,5549,40.63795278428546
 5137,2008,1598,5324,30.015026296018032
 5137,2012,1356,5354,25.326858423608517
 5137,2016,1203,5618,21.413314346742613
 5137,2020,1180,23752,4.968002694509936
 5137,2024,2178,60300,3.611940298507463
 5139,2000,6261,15609,40.11147414952912
 5139,2004,7071,17832,39.65343203230148
 5139,2008,6190,17179,36.03236509692066
 5139,2012,6196,17177,36.071490947196835
 5139,2016,5855,16894,34.657274772108444
 5139,2020,5584,66428,8.40609381586078
 5139,2024,10038,154480,6.497928534438115
 5141,2000,3202,6984,45.847651775486824
 5141,2004,3310,7374,44.88744236506645
 5141,2008,2151,6703,32.0901089064598
 5141,2012,1832,6430,28.49144634525661
 5141,2016,1549,7339,21.106417768088296
 5141,2020,1593,31228,5.101191238631997
 5141,2024,2874,76210,3.7711586405983466
 5143,2000,21425,51459,41.63508812841291
 5143,2004,27597,64103,43.05102725301468
 5143,2008,29021,68380,42.44077215560105
 5143,2012,28236,70460,40.07380073800738
 5143,2016,33366,81861,40.759335947520796
 5143,2020,43824,377064,11.622430144484756
 5143,2024,87558,971580,9.011918730315568
 5145,2000,8342,22150,37.66139954853273
 5145,2004,9129,26425,34.546830652790916
 5145,2008,6732,26955,24.974958263772955
 5145,2012,5765,26514,21.7432299917025
 5145,2016,5170,27219,18.99408501414453
 5145,2020,5978,123540,4.838918568884572
 5145,2024,11282,308370,3.6585919512274216
 5147,2000,1699,2651,64.08902301018483
 5147,2004,1972,3026,65.1685393258427
 5147,2008,1412,2761,51.14089098152843
 5147,2012,1340,2685,49.906890130353815
 5147,2016,1118,2571,43.48502528199144
 5147,2020,856,9904,8.64297253634895
 5147,2024,1520,23180,6.557377049180328
 5149,2000,3062,6479,47.260379688223495
 5149,2004,2913,6659,43.74530710316865
 5149,2008,2003,6036,33.18422796554009
 5149,2012,1722,5974,28.82490793438232
 5149,2016,1480,6439,22.98493554899829
 5149,2020,1284,26964,4.761904761904762
 5149,2024,2426,64770,3.745561216612629
 6001,2000,342889,494336,69.36355029777317
 6001,2004,422585,560742,75.36175282037016
 6001,2008,489106,621029,78.75735271621777
 6001,2012,469684,595642,78.85340523334486
 6001,2016,514842,654266,78.69001293052061
 6001,2020,617659,770070,80.20816289428234
 6001,2024,499551,669907,74.57020153543701
 6003,2000,265,586,45.22184300341297
 6003,2004,373,699,53.36194563662375
 6003,2008,422,692,60.982658959537574
 6003,2012,389,653,59.57120980091884
 6003,2016,334,602,55.48172757475083
 6003,2020,476,741,64.23751686909581
 6003,2024,479,738,64.90514905149053
 6005,2000,5906,15464,38.1919296430419
 6005,2004,6211,16879,36.79720362580722
 6005,2008,7813,18810,41.536416799574695
 6005,2012,6830,17649,38.69907643492549
 6005,2016,6004,17734,33.85587008007217
 6005,2020,8153,22304,36.553981348637016
 6005,2024,7783,22403,34.74088291746641
 6007,2000,31338,83721,37.431468807109326
 6007,2004,42448,95735,44.33906094949601
 6007,2008,49013,98325,49.84795321637427
 6007,2012,42669,90752,47.01714562764457
 6007,2016,41567,95564,43.49650496002679
 6007,2020,50426,102066,49.40528677522387
 6007,2024,44228,94556,46.774398240196284
 6009,2000,7093,18876,37.57681712227166
 6009,2004,8286,22306,37.14695597597059
 6009,2008,9813,23306,42.105037329443064
 6009,2012,8670,21786,39.79619939410631
 6009,2016,7944,23136,34.33609958506224
 6009,2020,10046,27164,36.98277131497571
 6009,2024,9181,26480,34.67145015105741
 6011,2000,1745,5590,31.216457960644007
 6011,2004,1947,6166,31.57638663639312
 6011,2008,2569,6429,39.959558251672114
 6011,2012,2314,6034,38.34935366257872
 6011,2016,2661,6632,40.123642943305185
 6011,2020,3239,7961,40.68584348699912
 6011,2024,2431,7021,34.624697336561745
 6013,2000,224338,381478,58.807585234273006
 6013,2004,257254,412139,62.41923234636858
 6013,2008,306983,451650,67.96922395660357
 6013,2012,290824,438226,66.36393093974343
 6013,2016,319287,466175,68.4908028101035
 6013,2020,416386,581316,71.62816781234302
 6013,2024,356008,528904,67.31051381725229
 6015,2000,3117,8294,37.58138413310827
 6015,2004,3892,9421,41.31196263666278
 6015,2008,4323,9531,45.357255272269434
 6015,2012,3791,8770,43.226909920182436
 6015,2016,3485,9558,36.46160284578364
 6015,2020,4677,11453,40.836462062341745
 6015,2024,4266,10564,40.38243089738736
 6017,2000,26220,72136,36.34800931573694
 6017,2004,32242,86278,37.369897308699784
 6017,2008,40529,92926,43.61427372317758
 6017,2012,35166,88774,39.612949737535764
 6017,2016,36404,93591,38.896902479939314
 6017,2020,51621,116159,44.439948691018344
 6017,2024,47703,111890,42.633836804003934
 6019,2000,95059,220835,43.04526003577331
 6019,2004,103154,247160,41.735717753681826
 6019,2008,136706,272289,50.206214720389
 6019,2012,129129,258827,49.89008101936815
 6019,2016,141341,282319,50.064288978070906
 6019,2020,193025,364917,52.8955899560722
 6019,2024,151628,325994,46.512512500230066
 6021,2000,2498,8711,28.67638617839513
 6021,2004,2995,9435,31.74350821409645
 6021,2008,3734,9879,37.79734790970746
 6021,2012,3301,9211,35.837585495603086
 6021,2016,3065,9470,32.36536430834213
 6021,2020,3995,11297,35.36337080640878
 6021,2024,3260,10442,31.220072782991764
 6023,2000,24851,55972,44.39898520688916
 6023,2004,37988,65510,57.98809342085178
 6023,2008,39692,63727,62.28443203037959
 6023,2012,34457,57470,59.95649904297895
 6023,2016,33200,59246,56.03753839921682
 6023,2020,44768,68843,65.02912423921096
 6023,2024,39800,64228,61.96674347636545
 6025,2000,15489,28937,53.52662680996648
 6025,2004,13955,25902,53.87614855995676
 6025,2008,24162,38820,62.24111282843895
 6025,2012,25136,38565,65.17827045248282
 6025,2016,32667,48091,67.92747083653906
 6025,2020,34678,56743,61.114146238302524
 6025,2024,26083,54025,48.279500231374364
 6027,2000,2652,7815,33.93474088291747
 6027,2004,3021,7718,39.142264835449595
 6027,2008,3743,8533,43.8649947263565
 6027,2012,3422,8036,42.58337481333997
 6027,2016,3155,8086,39.018055899084835
 6027,2020,4634,9484,48.86123998312948
 6027,2024,4201,8951,46.93330354150374
 6029,2000,66003,182308,36.20411611119644
 6029,2004,68603,210858,32.535165846209296
 6029,2008,93457,232850,40.13613914537256
 6029,2012,89495,221472,40.40917136251987
 6029,2016,98689,244163,40.419310051072436
 6029,2020,133366,305292,43.68473461472951
 6029,2024,108241,283246,38.214484935356545
 6031,2000,11041,28335,38.96594317981295
 6031,2004,10833,32093,33.75502446016265
 6031,2008,14747,35108,42.00467129998861
 6031,2012,12979,31418,41.310713603666684
 6031,2016,13617,33915,40.150375939849624
 6031,2020,18699,43861,42.6324069218668
 6031,2024,15519,41501,37.3942796559119
 6033,2000,10717,20919,51.23093838137578
 6033,2004,9679,18166,53.28085434327865
 6033,2008,14854,25542,58.15519536449769
 6033,2012,13163,23391,56.273780513872865
 6033,2016,11496,24496,46.93011103853691
 6033,2020,14941,28812,51.85686519505761
 6033,2024,12794,26759,47.8119511192496
 6035,2000,2982,10586,28.169280181371626
 6035,2004,3158,11437,27.61213604966337
 6035,2008,3586,11387,31.49205234038816
 6035,2012,3053,10683,28.57811476177104
 6035,2016,2224,10524,21.13264918282022
 6035,2020,2799,11987,23.35029615416701
 6035,2024,2478,11371,21.792278603464954
 6037,2000,1710505,2695154,63.46594665833567
 6037,2004,1907736,3021647,63.13563430804459
 6037,2008,2295853,3318248,69.18871042791255
 6037,2012,2216903,3181067,69.69054722833565
 6037,2016,2464364,3434308,71.75722154215637
 6037,2020,3028885,4264365,71.02780836068207
 6037,2024,2417109,3728427,64.8291893605534
 6039,2000,11650,33395,34.885461895493336
 6039,2004,13481,38780,34.762764311500774
 6039,2008,17952,42355,42.38460630386023
 6039,2012,16018,39866,40.17960166557969
 6039,2016,17029,43112,39.499443310447205
 6039,2020,23168,53732,43.11769522816943
 6039,2024,20981,54624,38.40985647334505
 6041,2000,79135,123155,64.25642483049815
 6041,2004,99070,134919,73.42924273082367
 6041,2008,109320,140197,77.97599092705265
 6041,2012,99896,134516,74.26328466502126
 6041,2016,108707,139273,78.05317613607806
 6041,2020,128288,155830,82.32561124302124
 6041,2024,116152,144113,80.59786417602854
 6043,2000,2816,8074,34.87738419618528
 6043,2004,3251,8638,37.636026858069
 6043,2008,4100,9651,42.48264428556626
 6043,2012,3498,9000,38.86666666666667
 6043,2016,3122,8877,35.16953925875859
 6043,2020,4088,10280,39.766536964980546
 6043,2024,3622,9509,38.090230308129144
 6045,2000,16634,34410,48.34059866317931
 6045,2004,24385,38179,63.870190418816634
 6045,2008,27843,40016,69.5796681327469
 6045,2012,23193,35017,66.23354370734215
 6045,2016,22079,37477,58.91346692638152
 6045,2020,28782,43340,66.40978311029072
 6045,2024,24049,39216,61.32445940432476
 6047,2000,22726,50418,45.07517156571066
 6047,2004,24491,57945,42.26594184140133
 6047,2008,34031,63808,53.33343781344032
 6047,2012,33005,62057,53.18497510353385
 6047,2016,37317,70789,52.71581742926161
 6047,2020,48991,90554,54.10142014709455
 6047,2024,40190,86392,46.5205111584406
 6049,2000,945,4107,23.009495982468955
 6049,2004,1149,4456,25.785457809694794
 6049,2008,1313,4420,29.705882352941178
 6049,2012,1111,3986,27.87255393878575
 6049,2016,877,3788,23.15205913410771
 6049,2020,1150,4343,26.47939212525904
 6049,2024,1008,4016,25.099601593625497
 6051,2000,1788,4371,40.905971173644474
 6051,2004,2628,5330,49.30581613508443
 6051,2008,3093,5571,55.51965535810447
 6051,2012,2733,5181,52.7504342790967
 6051,2016,2773,5276,52.558756633813495
 6051,2020,4013,6738,59.557732264767
 6051,2024,3522,6064,58.08047493403694
 6053,2000,67618,117534,57.53058689400514
 6053,2004,75241,124544,60.41318730729702
 6053,2008,88453,129783,68.15453487744928
 6053,2012,82920,123518,67.13191599604916
 6053,2016,89088,133408,66.77860398177022
 6053,2020,113953,163923,69.51617527741683
 6053,2024,93060,146718,63.42780026990553
 6055,2000,28097,51724,54.32101152269739
 6055,2004,33666,56465,59.622775170459576
 6055,2008,38849,59642,65.13698400456055
 6055,2012,35870,56968,62.96517343069794
 6055,2016,39199,61372,63.87114645115036
 6055,2020,49817,72150,69.04643104643104
 6055,2024,43212,65549,65.92320248974049
 6057,2000,17670,47479,37.216453590008214
 6057,2004,24220,53739,45.069688680474144
 6057,2008,28617,55647,51.42595288155696
 6057,2012,24663,51676,47.726217199473645
 6057,2016,26053,54935,47.425138800400475
 6057,2020,36359,64750,56.152895752895745
 6057,2024,33784,62132,54.3745573939355
 6059,2000,391819,970905,40.35605955268538
 6059,2004,419239,1073296,39.06089280124029
 6059,2008,549558,1153687,47.63493044473934
 6059,2012,512440,1122664,45.64500153207015
 6059,2016,609961,1197521,50.93530718876747
 6059,2020,814009,1522113,53.4788810029216
 6059,2024,691731,1390965,49.7302951548026
 6061,2000,42449,117799,36.035110654589595
 6061,2004,55573,152945,36.33528392559417
 6061,2008,75112,173107,43.3905041390585
 6061,2012,66818,171322,39.00141254479868
 6061,2016,73509,182839,40.204223387789256
 6061,2020,106869,235084,45.459920709193305
 6061,2024,103958,234809,44.27343074584024
 6063,2000,3458,10401,33.24680319200077
 6063,2004,4129,11178,36.93862945070674
 6063,2008,4715,11028,42.75480594849474
 6063,2012,4026,10047,40.07166318303971
 6063,2016,3459,9676,35.7482430756511
 6063,2020,4561,11260,40.50621669626998
 6063,2024,4020,10067,39.93245256779577
 6065,2000,202576,451127,44.90442824304464
 6065,2004,228806,556882,41.086980724821416
 6065,2008,325017,647299,50.21126249229491
 6065,2012,329063,661907,49.71438585783199
 6065,2016,373695,751391,49.73376045228117
 6065,2020,528340,997156,52.98468845396307
 6065,2024,451782,940405,48.04121628447318
 6067,2000,212792,431550,49.30877071023056
 6067,2004,236657,476765,49.63808165448387
 6067,2008,316506,541101,58.49296157279325
 6067,2012,300503,516809,58.14585272315305
 6067,2016,326023,559330,58.28813044177855
 6067,2020,440808,718440,61.35627192249875
 6067,2024,381564,656626,58.10979157084854
 6069,2000,9131,16831,54.25108430871606
 6069,2004,9851,18725,52.60881174899866
 6069,2008,11917,19705,60.4770362852068
 6069,2012,11276,19044,59.21024994749003
 6069,2016,12521,21924,57.1109286626528
 6069,2020,17628,28830,61.14464099895942
 6069,2024,15179,27649,54.898911353032666
 6071,2000,214749,454893,47.208684240030074
 6071,2004,227789,522777,43.57288097984418
 6071,2008,315720,606334,52.07031108267061
 6071,2012,305109,581517,52.46776964387971
 6071,2016,340833,653983,52.11649232472404
 6071,2020,455859,841130,54.1960220179996
 6071,2024,362114,761714,47.53936516855408
 6073,2000,437666,958634,45.65517183826152
 6073,2004,526437,1133584,46.44005208259821
 6073,2008,666581,1231047,54.147485839289644
 6073,2012,626957,1192282,52.58462343640179
 6073,2016,735476,1306400,56.29791794243724
 6073,2020,964650,1602143,60.20998125635477
 6073,2024,841372,1477786,56.93463058927342
 6075,2000,241578,319786,75.54364481246833
 6075,2004,296772,355929,83.37955041595374
 6075,2008,322220,382865,84.16021312995441
 6075,2012,301723,361209,83.5314180986631
 6075,2016,345084,405792,85.0396262124438
 6075,2020,378156,443553,85.25610242744385
 6075,2024,323719,402964,80.33447156569818
 6077,2000,79776,167239,47.701792046113646
 6077,2004,87012,189505,45.91541120287064
 6077,2008,113974,209349,54.44210385528472
 6077,2012,114121,204697,55.75118345652355
 6077,2016,121124,224166,54.033171845864224
 6077,2020,161137,288492,55.85492838622908
 6077,2024,126647,263671,48.03220680317517
 6079,2000,44526,108886,40.89230938780008
 6079,2004,58742,128647,45.66138347571261
 6079,2008,68176,132653,51.394239105033435
 6079,2012,61258,125638,48.757541508142445
 6079,2016,67107,135009,49.70557518387663
 6079,2020,88310,159714,55.29258549657513
 6079,2024,81314,150766,53.933910828701435
 6081,2000,166757,259399,64.28590703896315
 6081,2004,197922,284077,69.67195513892361
 6081,2008,222826,303292,73.4691320575551
 6081,2012,206085,285720,72.12830743385132
 6081,2016,237882,314384,75.66606443075983
 6081,2020,291496,374251,77.8878346350444
 6081,2024,242957,330510,73.50972739100179
 6083,2000,73411,154974,47.36988139946055
 6083,2004,90314,169125,53.40073909830008
 6083,2008,105614,174912,60.38122027076472
 6083,2012,94129,163320,57.63470487386726
 6083,2016,107142,176786,60.60547780932879
 6083,2020,129963,200339,64.87154273506407
 6083,2024,114149,184715,61.79736350594158
 6085,2000,332490,548129,60.65907842861809
 6085,2004,386100,602614,64.07086459989313
 6085,2008,462241,665589,69.44841336019675
 6085,2012,450818,643091,70.10174298816186
 6085,2016,511684,703709,72.71244221688227
 6085,2020,617967,850741,72.6386761658366
 6085,2024,510744,750433,68.0599067471713
 6087,2000,66618,108350,61.484079372404246
 6087,2004,89102,121733,73.19461444308446
 6087,2008,98745,127483,77.45738647505942
 6087,2012,90805,120095,75.61097464507264
 6087,2016,95249,128821,73.93903167961746
 6087,2020,114246,144837,78.87901572112098
 6087,2024,100998,134135,75.2957840981101
 6089,2000,20127,66544,30.24615292137533
 6089,2004,24339,77571,31.376416444289745
 6089,2008,28867,80390,35.90869511133226
 6089,2012,25819,76335,33.823278967708134
 6089,2016,22301,80053,27.85779421133499
 6089,2020,30000,92930,32.28236306897665
 6089,2024,27130,88900,30.51743532058493
 6091,2000,540,1847,29.236599891716295
 6091,2004,646,1945,33.2133676092545
 6091,2008,743,1991,37.31793068809643
 6091,2012,653,1795,36.37883008356546
 6091,2016,601,1830,32.84153005464481
 6091,2020,730,1931,37.80424650440186
 6091,2024,641,1754,36.54503990877993
 6093,2000,6323,19819,31.90372874514355
 6093,2004,7880,20863,37.77021521353593
 6093,2008,9292,21470,43.27899394503959
 6093,2012,8046,19910,40.411853340030135
 6093,2016,7234,20492,35.301581104821395
 6093,2020,9593,23472,40.869972733469666
 6093,2024,8329,21489,38.75936525664294
 6095,2000,75116,131735,57.02053364709455
 6095,2004,85096,148746,57.20893334946822
 6095,2008,102095,160973,63.4236797475353
 6095,2012,96783,152444,63.48757576552701
 6095,2016,102360,166113,61.620703978616966
 6095,2020,131639,205877,63.94060531288099
 6095,2024,113997,189834,60.0508865640507
 6097,2000,117295,197006,59.53879577271758
 6097,2004,148261,220077,67.36778491164456
 6097,2008,168888,229351,73.63735061107212
 6097,2012,153942,216508,71.10222255066788
 6097,2016,160435,231253,69.37639727917043
 6097,2020,199938,268317,74.51559163228569
 6097,2024,179600,251426,71.43254874197576
 6099,2000,56448,128267,44.008201641887624
 6099,2004,58829,145514,40.428412386437046
 6099,2008,80279,161015,49.85808775579915
 6099,2012,77724,155369,50.02542334699972
 6099,2016,81647,172146,47.4289266088088
 6099,2020,105841,214954,49.23890692892432
 6099,2024,85347,197472,43.219798249878465
 6101,2000,8416,26564,31.681975606083423
 6101,2004,9602,30145,31.85271189251949
 6101,2008,13412,32941,40.715218117239914
 6101,2012,12192,31026,39.296074260297814
 6101,2016,13076,33523,39.0060555439549
 6101,2020,17367,42644,40.725541694024955
 6101,2024,13016,39336,33.089282082570676
 6103,2000,6507,20854,31.202646974201592
 6103,2004,7504,23405,32.06152531510361
 6103,2008,8945,24436,36.60582746767065
 6103,2012,7934,22977,34.530182356269314
 6103,2016,6809,23908,28.480006692320565
 6103,2020,8911,28731,31.015279663081692
 6103,2024,7415,26532,27.94738429066787
 6105,2000,1932,5797,33.32758323270657
 6105,2004,2782,6479,42.938725111899984
 6105,2008,3233,6374,50.72168183244431
 6105,2012,2674,5674,47.12724709199859
 6105,2016,2214,5686,38.93774182201899
 6105,2020,2851,6259,45.55040741332481
 6105,2024,2449,5645,43.38352524357838
 6107,2000,33006,89818,36.74764523814826
 6107,2004,32494,98739,32.90898226637904
 6107,2008,43634,105206,41.47482082770944
 6107,2012,41752,101100,41.297725024727995
 6107,2016,47585,112334,42.36028272829241
 6107,2020,66105,146885,45.00459543180039
 6107,2024,53221,138271,38.49035589530704
 6109,2000,9359,23727,39.44451468790829
 6109,2004,10104,26188,38.58255689628838
 6109,2008,11532,27181,42.42669511791325
 6109,2012,9998,24687,40.49904808198647
 6109,2016,9123,25529,35.735829840573466
 6109,2020,11978,30408,39.39094975006577
 6109,2024,10909,28810,37.86532454009024
 6111,2000,133258,282692,47.138935661426565
 6111,2004,148859,312909,47.57261695892416
 6111,2008,187601,339800,55.20924072984108
 6111,2012,170929,326974,52.276021946699124
 6111,2016,194402,351726,55.27086425228729
 6111,2020,251388,422825,59.45438420150181
 6111,2024,217424,387595,56.09566686876766
 6113,2000,33747,61436,54.930334006120184
 6113,2004,42885,72009,59.555055618047746
 6113,2008,53488,79749,67.07043348505938
 6113,2012,48715,74475,65.41121181604565
 6113,2016,54752,82090,66.69752710439761
 6113,2020,67598,97294,69.47807675704566
 6113,2024,61405,92589,66.31997321496074
 6115,2000,5546,16127,34.389533081168224
 6115,2004,5687,18020,31.559378468368482
 6115,2008,8866,21401,41.42797065557684
 6115,2012,7711,19700,39.142131979695435
 6115,2016,7910,22998,34.394295156100526
 6115,2020,11230,29796,37.6896227681568
 6115,2024,10725,30070,35.66677751912205
 8001,2000,54132,107852,50.191002484886695
 8001,2004,69122,136672,50.57509950831187
 8001,2008,93443,160499,58.22030043800896
 8001,2012,100649,176230,57.112296430800654
 8001,2016,96558,193665,49.85826039811014
 8001,2020,134202,236740,56.68750528005406
 8001,2024,124056,233336,53.16624952857681
 8003,2000,2455,5659,43.38222300759851
 8003,2004,3017,6269,48.125697878449515
 8003,2008,3521,6286,56.013363028953236
 8003,2012,3811,6715,56.753536857781086
 8003,2016,3189,6939,45.957630782533506
 8003,2020,3759,7808,48.142930327868854
 8003,2024,3244,7519,43.144035111052006
 8005,2000,82614,189942,43.49432984805888
 8005,2004,110262,232171,47.49171946539404
 8005,2008,148218,266148,55.69006718066639
 8005,2012,153905,285516,53.90415948668375
 8005,2016,159885,303046,52.75931706737591
 8005,2020,213607,350183,60.998677834161
 8005,2024,190725,325451,58.60329204703627
 8007,2000,1432,4758,30.096679277007144
 8007,2004,2141,5839,36.667237540674776
 8007,2008,2836,6625,42.80754716981132
 8007,2012,2679,6734,39.78318978318978
 8007,2016,2500,7339,34.06458645592043
 8007,2020,3738,9144,40.879265091863516
 8007,2024,3904,9355,41.73169428113309
 8009,2000,531,2278,23.309920983318698
 8009,2004,483,2186,22.09515096065874
 8009,2008,536,2175,24.643678160919542
 8009,2012,467,2106,22.17473884140551
 8009,2016,283,2153,13.144449605202043
 8009,2020,317,2225,14.247191011235955
 8009,2024,275,2004,13.722554890219559
 8011,2000,783,1963,39.887926642893525
 8011,2004,785,2155,36.42691415313225
 8011,2008,799,1920,41.614583333333336
 8011,2012,815,1942,41.96704428424305
 8011,2016,590,1927,30.61754021795537
 8011,2020,732,2274,32.189973614775724
 8011,2024,645,2189,29.465509365006852
 8013,2000,69983,139626,50.12175382808359
 8013,2004,105564,159257,66.28531241954828
 8013,2008,124159,171763,72.28506721470865
 8013,2012,125091,179499,69.6889676265606
 8013,2016,132334,188142,70.33729842353115
 8013,2020,159089,206111,77.18607934559533
 8013,2024,150149,196150,76.54804996176395
 8014,2004,10935,23235,47.062621045836025
 8014,2008,16168,29453,54.894238277934335
 8014,2012,16966,32777,51.76190621472374
 8014,2016,19731,37689,52.35214518825121
 8014,2020,29077,46632,62.354177388917485
 8014,2024,29426,46817,62.853237072003765
 8015,2000,2768,7610,36.37319316688568
 8015,2004,3766,8769,42.946744212567
 8015,2008,4861,9920,49.002016129032256
 8015,2012,5086,10462,48.614031733894095
 8015,2016,4888,11250,43.44888888888889
 8015,2020,7160,13718,52.19419740486951
 8015,2024,7992,14416,55.43840177580466
 8017,2000,209,1212,17.244224422442244
 8017,2004,198,1134,17.46031746031746
 8017,2008,198,1111,17.82178217821782
 8017,2012,172,1093,15.736505032021958
 8017,2016,132,1102,11.978221415607985
 8017,2020,131,1136,11.53169014084507
 8017,2024,108,1055,10.23696682464455
 8019,2000,2188,4924,44.43541835905768
 8019,2004,2989,5613,53.251380723320864
 8019,2008,3332,5767,57.77700710941565
 8019,2012,3119,5743,54.30959428869928
 8019,2016,2729,5866,46.52233208319127
 8019,2020,3604,6548,55.0397067806964
 8019,2024,3464,6101,56.77757744632027
 8021,2000,1749,3671,47.6436938163988
 8021,2004,1894,3800,49.84210526315789
 8021,2008,2154,3874,55.60144553433144
 8021,2012,2213,4101,53.9624481833699
 8021,2016,1771,4022,44.032819492789656
 8021,2020,1959,4333,45.211170090006924
 8021,2024,1627,4104,39.64424951267056
 8023,2000,1054,1648,63.95631067961165
 8023,2004,1170,1759,66.51506537805571
 8023,2008,1245,1697,73.36476134354743
 8023,2012,1340,1837,72.94501905280349
 8023,2016,1125,1848,60.87662337662337
 8023,2020,1311,2094,62.607449856733524
 8023,2024,1155,2080,55.52884615384615
 8025,2000,511,1445,35.363321799307954
 8025,2004,478,1493,32.01607501674481
 8025,2008,552,1558,35.43003851091143
 8025,2012,535,1502,35.61917443408788
 8025,2016,339,1527,22.20039292730845
 8025,2020,437,1750,24.97142857142857
 8025,2024,422,1706,24.73622508792497
 8027,2000,507,2111,24.01705352913311
 8027,2004,739,2428,30.436573311367383
 8027,2008,912,2629,34.68999619627235
 8027,2012,868,2715,31.970534069981582
 8027,2016,797,3066,25.99478147423353
 8027,2020,1112,3635,30.591471801925724
 8027,2024,1188,3867,30.721489526764934
 8029,2000,3264,12686,25.729150244363865
 8029,2004,4224,14159,29.832615297690513
 8029,2008,5084,15434,32.9402617597512
 8029,2012,4622,15925,29.023547880690735
 8029,2016,4087,16790,24.341870160810007
 8029,2020,5887,19370,30.392359318533813
 8029,2024,6030,19476,30.96118299445471
 8031,2000,122693,198347,61.85775433961693
 8031,2004,166135,238672,69.60808138365623
 8031,2008,204882,271533,75.45381224381566
 8031,2012,222018,301694,73.59045920701107
 8031,2016,244551,331852,73.69279076214697
 8031,2020,313293,393829,79.55051557909651
 8031,2024,278634,363076,76.74261036256873
 8033,2000,293,1134,25.83774250440917
 8033,2004,333,1146,29.05759162303665
 8033,2008,369,1217,30.320460147904683
 8033,2012,334,1245,26.827309236947794
 8033,2016,242,1255,19.282868525896415
 8033,2020,341,1449,23.533471359558316
 8033,2024,325,1419,22.903453136011276
 8035,2000,27076,86225,31.40156567120905
 8035,2004,39661,121200,32.723597359735976
 8035,2008,61960,151819,40.81175610430842
 8035,2012,60991,167781,36.351553513210675
 8035,2016,68657,187499,36.617261958730445
 8035,2020,104653,231605,45.18598475853285
 8035,2024,110408,243758,45.294103167896026
 8037,2000,6772,15188,44.58783249934159
 8037,2004,9744,18511,52.638971422397496
 8037,2008,13187,21652,60.904304452244595
 8037,2012,12792,22668,56.43197458973002
 8037,2016,14099,25223,55.89739523450818
 8037,2020,18588,29140,63.788606726149624
 8037,2024,16943,27798,60.950428088351686
 8039,2000,2326,8965,25.945343000557724
 8039,2004,2834,11361,24.944987237038994
 8039,2008,3819,13206,28.918673330304408
 8039,2012,3603,14178,25.412611087600506
 8039,2016,3134,15978,19.61446989610715
 8039,2020,4490,18983,23.652741926987307
 8039,2024,4768,20417,23.353088112847136
 8041,2000,61799,200757,30.782986396489285
 8041,2004,77648,241786,32.11434905246789
 8041,2008,108899,273175,39.86418962203715
 8041,2012,111819,290175,38.535021969501166
 8041,2016,108010,318967,33.86243718002176
 8041,2020,161941,378851,42.74530092305418
 8041,2024,166597,380813,43.74771869657811
 8043,2000,5293,16056,32.96586945690085
 8043,2004,5933,18523,32.03044863143119
 8043,2008,6844,19919,34.359154576032935
 8043,2012,6704,20416,32.83699059561129
 8043,2016,5297,21973,24.10685841714832
 8043,2020,7369,25557,28.833587666784048
 8043,2024,7526,25467,29.55196921506263
 8045,2000,6087,17104,35.588166510757716
 8045,2004,9228,20647,44.6941444277619
 8045,2008,11357,23082,49.202842041417554
 8045,2012,11305,24408,46.316781383153064
 8045,2016,11271,26470,42.580279561768045
 8045,2020,15427,30904,49.91910432306498
 8045,2024,15128,30372,49.80903463716581
 8047,2000,1099,2465,44.5841784989858
 8047,2004,1807,3196,56.53942428035044
 8047,2008,1954,3301,59.1941835807331
 8047,2012,1892,3338,56.680647094068306
 8047,2016,1634,3576,45.69351230425056
 8047,2020,2223,4186,53.105590062111794
 8047,2024,2254,4129,54.58948898038266
 8049,2000,2308,6353,36.32929324728475
 8049,2004,3243,7609,42.620580891050075
 8049,2008,4037,8308,48.591718825228696
 8049,2012,3684,8187,44.99816782704287
 8049,2016,3358,8588,39.10107126222636
 8049,2020,4710,9870,47.72036474164133
 8049,2024,4743,9883,47.99150055651118
 8051,2000,3059,7236,42.274737423991155
 8051,2004,4782,8420,56.79334916864608
 8051,2008,5556,8870,62.63810597519729
 8051,2012,5044,8667,58.1977616245529
 8051,2016,5128,9412,54.48363790905228
 8051,2020,7132,11190,63.73547810545129
 8051,2024,6887,10939,62.9582228722918
 8053,2000,188,566,33.215547703180206
 8053,2004,236,602,39.202657807308974
 8053,2008,240,599,40.06677796327212
 8053,2012,229,600,38.166666666666664
 8053,2016,197,589,33.446519524618
 8053,2020,255,632,40.348101265822784
 8053,2024,257,606,42.40924092409241
 8055,2000,1495,3174,47.10144927536232
 8055,2004,1663,3402,48.88300999412111
 8055,2008,1989,3643,54.59785890749382
 8055,2012,1953,3714,52.58481421647819
 8055,2016,1633,3783,43.16679883690193
 8055,2020,2076,4406,47.117566954153425
 8055,2024,1965,4438,44.27670121676431
 8057,2000,173,925,18.7027027027027
 8057,2004,210,934,22.483940042826553
 8057,2008,277,913,30.339539978094194
 8057,2012,216,848,25.471698113207548
 8057,2016,171,861,19.860627177700348
 8057,2020,175,876,19.97716894977169
 8057,2024,173,834,20.743405275779374
 8059,2000,100970,235491,42.87637319472931
 8059,2004,126558,271293,46.64993199234776
 8059,2008,158153,295062,53.59992137245732
 8059,2012,159296,311052,51.21201599732521
 8059,2016,160776,328882,48.88561855011828
 8059,2020,218396,377358,57.87501523751981
 8059,2024,210875,361504,58.33268788173851
 8061,2000,211,968,21.797520661157023
 8061,2004,172,892,19.282511210762333
 8061,2008,178,852,20.89201877934272
 8061,2012,118,821,14.372716199756393
 8061,2016,91,855,10.64327485380117
 8061,2020,98,903,10.852713178294573
 8061,2024,102,863,11.819235225955968
 8063,2000,809,3458,23.395026026604974
 8063,2004,729,3502,20.81667618503712
 8063,2008,912,3442,26.496223126089486
 8063,2012,838,3702,22.636412749864938
 8063,2016,536,3702,14.478660183684495
 8063,2020,662,3871,17.101524153965382
 8063,2024,556,3698,15.035154137371551
 8065,2000,1296,2628,49.31506849315068
 8065,2004,1623,2949,55.03560528992879
 8065,2008,1859,3002,61.92538307794804
 8065,2012,1839,3040,60.49342105263158
 8065,2016,1616,3199,50.51578618318224
 8065,2020,2303,3961,58.14188336278717
 8065,2024,2199,3911,56.226029148555355
 8067,2000,7864,20490,38.37969741337238
 8067,2004,13409,25490,52.604943114947034
 8067,2008,16057,27979,57.38947067443439
 8067,2012,15489,29184,53.07360197368421
 8067,2016,15525,31150,49.83948635634029
 8067,2020,20548,35667,57.610676535733305
 8067,2024,20677,35681,57.949609035621194
 8069,2000,46055,118537,38.85284763407206
 8069,2004,68266,146435,46.61863625499368
 8069,2008,89822,166373,53.988327432936835
 8069,2012,92747,180180,51.47463647463647
 8069,2016,93113,195980,47.5114807633432
 8069,2020,126120,224338,56.21874136347832
 8069,2024,129376,225482,57.37752902670723
 8071,2000,3243,6094,53.21627830653102
 8071,2004,3300,6587,50.09867921663883
 8071,2008,3562,6761,52.684514125129425
 8071,2012,3445,6862,50.20402215097639
 8071,2016,2650,6793,39.0107463565435
 8071,2020,3497,7961,43.92664238161035
 8071,2024,3276,7792,42.04312114989733
 8073,2000,510,2199,23.192360163710777
 8073,2004,503,2337,21.523320496362857
 8073,2008,546,2304,23.697916666666664
 8073,2012,552,2287,24.136423261915173
 8073,2016,409,2436,16.789819376026273
 8073,2020,470,2651,17.729158807996985
 8073,2024,432,2571,16.802800466744458
 8075,2000,2296,8096,28.3596837944664
 8075,2004,2491,8766,28.416609628108603
 8075,2008,2846,8977,31.70324161746686
 8075,2012,2712,9124,29.723805348531346
 8075,2016,1851,9722,19.039292326681753
 8075,2020,2218,10532,21.059627800987464
 8075,2024,2098,10162,20.645542216099194
 8077,2000,15465,51054,30.29145610530027
 8077,2004,19564,61885,31.613476609840834
 8077,2008,24008,69631,34.47889589407017
 8077,2012,23846,72947,32.689486887740415
 8077,2016,21729,77653,27.98217712129602
 8077,2020,31536,90623,34.7991128080068
 8077,2024,33573,91600,36.651746724890835
 8079,2000,168,486,34.5679012345679
 8079,2004,227,619,36.67205169628433
 8079,2008,270,623,43.33868378812199
 8079,2012,291,650,44.76923076923077
 8079,2016,237,652,36.34969325153374
 8079,2020,317,756,41.93121693121693
 8079,2024,317,753,42.09827357237716
 8081,2000,1223,5337,22.915495596777216
 8081,2004,1355,5725,23.66812227074236
 8081,2008,1582,5871,26.94600579117697
 8081,2012,1330,6168,21.562905317769133
 8081,2016,874,6525,13.39463601532567
 8081,2020,1203,7026,17.122117847993167
 8081,2024,1167,6671,17.49362914105831
 8083,2000,2556,9384,27.237851662404093
 8083,2004,3867,11015,35.10667271901952
 8083,2008,4661,11825,39.41649048625793
 8083,2012,4542,12318,36.87286897223575
 8083,2016,3973,12858,30.899051174366154
 8083,2020,5836,15500,37.651612903225804
 8083,2024,5793,15136,38.27299154334038
 8085,2000,4041,14215,28.427717200140695
 8085,2004,4776,16219,29.446944941118442
 8085,2008,6495,19153,33.91113663655824
 8085,2012,6138,20130,30.491803278688522
 8085,2016,5466,21186,25.800056641178138
 8085,2020,7687,24922,30.84423401011155
 8085,2024,8354,25617,32.6111566537846
 8087,2000,2885,8998,32.06268059568793
 8087,2004,3039,9936,30.585748792270532
 8087,2008,3813,10234,37.25815907758452
 8087,2012,3912,10777,36.29952676997309
 8087,2016,3151,11960,26.346153846153847
 8087,2020,3876,13744,28.20139697322468
 8087,2024,3291,13458,24.453856442264822
 8089,2000,2963,7312,40.522428884026255
 8089,2004,3164,8180,38.67970660146699
 8089,2008,3546,8064,43.973214285714285
 8089,2012,3647,8192,44.51904296875
 8089,2016,2943,8452,34.820160908660675
 8089,2020,3605,9576,37.646198830409354
 8089,2024,3164,8925,35.450980392156865
 8091,2000,705,2233,31.571876399462607
 8091,2004,1278,2719,47.002574475910265
 8091,2008,1636,3060,53.4640522875817
 8091,2012,1646,3202,51.405371642723296
 8091,2016,1697,3310,51.26888217522658
 8091,2020,2365,4020,58.83084577114428
 8091,2024,2442,4098,59.5900439238653
 8093,2000,2393,6665,35.9039759939985
 8093,2004,3445,8355,41.2327947336924
 8093,2008,4250,9383,45.29468187146968
 8093,2012,3862,9366,41.2342515481529
 8093,2016,3421,10417,32.840549102428724
 8093,2020,4903,12291,39.890977137743064
 8093,2024,4841,12044,40.194287612089006
 8095,2000,564,2220,25.405405405405407
 8095,2004,582,2325,25.032258064516128
 8095,2008,622,2260,27.52212389380531
 8095,2012,588,2265,25.96026490066225
 8095,2016,436,2332,18.69639794168096
 8095,2020,486,2485,19.557344064386317
 8095,2024,412,2354,17.50212404418012
 8097,2000,4137,7800,53.03846153846153
 8097,2004,6335,9255,68.44948676391141
 8097,2008,7349,9966,73.7407184427052
 8097,2012,6849,10075,67.9801488833747
 8097,2016,7333,10523,69.68545091703888
 8097,2020,8989,11957,75.17772016392071
 8097,2024,7932,11167,71.03071550102982
 8099,2000,1361,4524,30.083996463306807
 8099,2004,1308,4745,27.56585879873551
 8099,2008,1487,4615,32.22101841820152
 8099,2012,1519,4863,31.23586263623278
 8099,2016,1186,5016,23.64433811802233
 8099,2020,1458,5561,26.218306060061142
 8099,2024,1227,5144,23.85303265940902
 8101,2000,28888,53946,53.54984614243874
 8101,2004,35369,67182,52.64654222857313
 8101,2008,41097,72427,56.74265122122966
 8101,2012,42551,76194,55.84560464078536
 8101,2016,35875,78646,45.615797370495635
 8101,2020,43772,88301,49.5713525328139
 8101,2024,39328,85107,46.210064977028914
 8103,2000,543,2855,19.01926444833625
 8103,2004,566,3003,18.847818847818846
 8103,2008,655,3147,20.813473149030823
 8103,2012,568,3369,16.859602255862274
 8103,2016,436,3450,12.63768115942029
 8103,2020,561,3691,15.19913302628014
 8103,2024,637,3690,17.262872628726285
 8105,2000,1707,5075,33.635467980295566
 8105,2004,2006,5523,36.32084012312149
 8105,2008,2448,5444,44.9669360764144
 8105,2012,2478,5533,44.785830471715165
 8105,2016,2001,5534,36.15829418142392
 8105,2020,2495,6305,39.57176843774782
 8105,2024,2306,6194,37.229577010009685
 8107,2000,4208,9638,43.66051047935256
 8107,2004,6392,11761,54.34911997279143
 8107,2008,8270,13199,62.65626183801803
 8107,2012,7547,13317,56.67192310580461
 8107,2016,7600,13986,54.340054340054344
 8107,2020,10582,16876,62.704432329936
 8107,2024,10208,16335,62.491582491582484
 8109,2000,1145,2529,45.27481217872677
 8109,2004,1594,2803,56.86764181234392
 8109,2008,1730,2747,62.97779395704405
 8109,2012,1864,2930,63.61774744027304
 8109,2016,1417,2835,49.982363315696645
 8109,2020,1884,3389,55.591619946886986
 8109,2024,1704,3400,50.117647058823536
 8111,2000,149,436,34.174311926605505
 8111,2004,253,486,52.05761316872428
 8111,2008,264,496,53.2258064516129
 8111,2012,266,506,52.569169960474305
 8111,2016,265,506,52.37154150197628
 8111,2020,342,562,60.854092526690394
 8111,2024,376,588,63.94557823129252
 8113,2000,1598,3255,49.093701996927805
 8113,2004,2876,4019,71.56008957452103
 8113,2008,3349,4350,76.98850574712644
 8113,2012,2992,4256,70.30075187969925
 8113,2016,2975,4329,68.72256872256872
 8113,2020,3924,5147,76.23858558383525
 8113,2024,3529,4804,73.45961698584513
 8115,2000,384,1303,29.470452801227935
 8115,2004,374,1360,27.500000000000004
 8115,2008,468,1351,34.64100666173205
 8115,2012,419,1338,31.31539611360239
 8115,2016,267,1364,19.574780058651026
 8115,2020,301,1446,20.816044260027663
 8115,2024,283,1358,20.839469808541974
 8117,2000,5304,11068,47.92193711601012
 8117,2004,8144,13735,59.29377502730251
 8117,2008,9802,14899,65.78965031210149
 8117,2012,9347,15312,61.04362591431557
 8117,2016,9557,16174,59.088660813651536
 8117,2020,12631,18479,68.35326586936522
 8117,2024,11762,17542,67.0505073537795
 8119,2000,2750,9847,27.92728749873058
 8119,2004,3556,11840,30.033783783783786
 8119,2008,4513,12906,34.96823183015651
 8119,2012,4333,13407,32.318937868277764
 8119,2016,3603,14444,24.944613680420936
 8119,2020,5278,16939,31.158864159631623
 8119,2024,5065,16326,31.02413328433174
 8121,2000,477,2445,19.509202453987733
 8121,2004,455,2530,17.984189723320156
 8121,2008,529,2513,21.050537206526066
 8121,2012,468,2591,18.06252412196063
 8121,2016,296,2733,10.830589096231249
 8121,2020,369,3008,12.267287234042554
 8121,2024,329,2806,11.724875267284391
 8123,2000,23436,64541,36.311801800405945
 8123,2004,31868,88652,35.94729955330957
 8123,2008,47292,105866,44.67156594185102
 8123,2012,49050,115866,42.33338511729066
 8123,2016,46519,135428,34.349617508934635
 8123,2020,66060,166974,39.563045743648715
 8123,2024,68752,179854,38.22656154436376
 8125,2000,1082,4358,24.827902707664066
 8125,2004,1064,4559,23.338451414783947
 8125,2008,1117,4483,24.916350658041488
 8125,2012,987,4577,21.564343456412498
 8125,2016,726,4791,15.153412648716344
 8125,2020,785,4981,15.75988757277655
 8125,2024,758,4663,16.255629423118165
 9001,2000,193769,370289,52.329126709137995
 9001,2004,205902,400967,51.35135809181304
 9001,2008,241320,411096,58.701617140521925
 9001,2012,217294,396130,54.85421452553455
 9001,2016,243852,421209,57.89334985719678
 9001,2020,297505,472396,62.977882962599175
 9001,2024,267019,452303,59.03542536750807
 9003,2000,221167,367556,60.17232748207076
 9003,2004,229902,391808,58.67720924534466
 9003,2008,268301,411785,65.15560304527848
 9003,2012,244639,392240,62.369722618804815
 9003,2016,240403,406864,59.08682016595226
 9003,2020,283368,449336,63.06372069008492
 9003,2024,259366,429325,60.41250800675479
 9005,2000,41806,87338,47.86690787515171
 9005,2004,44647,96668,46.18591467703894
 9005,2008,51037,98870,51.62030949731972
 9005,2012,43856,92427,47.44933839678882
 9005,2016,39775,97442,40.81915395825209
 9005,2020,50164,107544,46.64509410101912
 9005,2024,47940,105969,45.23964555671942
 9007,2000,43319,77433,55.94384823008278
 9007,2004,47292,83984,56.31072585254334
 9007,2008,52966,87155,60.77218748207217
 9007,2012,47855,83538,57.28530728530728
 9007,2016,45357,88624,51.1791388337245
 9007,2020,56848,99198,57.30760700820581
 9007,2024,54173,97519,55.55122591494991
 9009,2000,197928,341099,58.02655534023846
 9009,2004,199060,366392,54.32978886001878
 9009,2008,232820,381739,60.9893146888319
 9009,2012,218972,361026,60.65269537374039
 9009,2016,205609,379006,54.24953694664464
 9009,2020,242630,417983,58.04781534177227
 9009,2024,218981,397987,55.02214896466467
 9011,2000,60449,109147,55.383107185722004
 9011,2004,66062,118360,55.81446434606286
 9011,2008,74745,124765,59.90862822105558
 9011,2012,67144,115102,58.334346927073376
 9011,2016,62278,123528,50.41609999352373
 9011,2020,79459,139604,56.917423569525226
 9011,2024,76190,137500,55.41090909090909
 9013,2000,33554,62700,53.515151515151516
 9013,2004,39146,71729,54.57485814663525
 9013,2008,44969,75406,59.63583799697637
 9013,2012,39366,70928,55.501353485224456
 9013,2016,38506,77424,49.73393263070882
 9013,2020,44151,80714,54.700547612557926
 9013,2024,43311,81520,53.129293424926395
 9015,2000,24023,43963,54.643677638013784
 9015,2004,25477,48861,52.1417899756452
 9015,2008,34133,56269,60.66039915406351
 9015,2012,25957,46494,55.828709080741604
 9015,2016,21792,50823,42.87822442594888
 9015,2020,26706,57082,46.7853263725868
 9015,2024,25073,56887,44.075096243429954
10001,2000,22790,48247,47.23609758119676
10001,2004,23872,55977,42.64608678564411
10001,2008,36392,66925,54.377288008965266
10001,2012,35527,68696,51.71625713287528
10001,2016,33351,74598,44.707632912410524
10001,2020,44552,87025,51.194484343579425
10001,2024,44222,88141,50.17188368636616
10003,2000,127539,212995,59.87887039601869
10003,2004,146171,241444,60.54033233379169
10003,2008,178768,256417,69.71768642484703
10003,2012,167082,252012,66.2992238464835
10003,2016,162919,262391,62.090163153461816
10003,2020,195034,287633,67.80654514607156
10003,2024,180700,275917,65.49070916253801
10005,2000,29739,66287,44.864000482749255
10005,2004,30098,77749,38.711751919638836
10005,2008,40299,89070,45.244189962950486
10005,2012,39975,93229,42.87828894442716
10005,2016,39333,106008,37.103803486529316
10005,2020,56682,129352,43.819964128888614
10005,2024,64836,147639,43.91522565175868
11001,2000,171923,201894,85.15508137933767
11001,2004,202970,227586,89.18386895503238
11001,2008,245800,265853,92.45710975614342
11001,2012,267070,293764,90.91311392818724
11001,2016,282830,311268,90.86382152999987
11001,2020,317323,344356,92.14969392140692
11001,2024,294185,325879,90.27430426630744
12001,2000,47365,85729,55.24968213789966
12001,2004,62504,111328,56.14400689853406
12001,2008,75565,125519,60.20204112524797
12001,2012,69699,120418,57.88088159577471
12001,2016,75820,128571,58.97130768213672
12001,2020,89704,142604,62.904266359989904
12001,2024,81578,136548,59.74309400357384
12003,2000,2392,8154,29.335295560461123
12003,2004,2180,9955,21.898543445504774
12003,2008,2327,11059,21.04168550501854
12003,2012,2311,11368,20.32899366643209
12003,2016,2112,12634,16.71679594744341
12003,2020,2037,14059,14.488939469379044
12003,2024,1982,14977,13.2336248915003
12005,2000,18850,58805,32.05509735566704
12005,2004,21068,75024,28.08168052889742
12005,2008,23653,81127,29.15552158960642
12005,2012,22051,79861,27.6117253728353
12005,2016,21797,87453,24.924245023040946
12005,2020,25614,93024,27.53482972136223
12005,2024,25201,97777,25.77395502009675
12007,2000,3075,8673,35.45485991006572
12007,2004,3244,10855,29.88484569322893
12007,2008,3430,11676,29.376498800959233
12007,2012,3325,11635,28.577567683712935
12007,2016,2924,12098,24.169284179203174
12007,2020,3160,13632,23.18075117370892
12007,2024,2946,13932,21.145564168819984
12009,2000,97318,218395,44.56054396849745
12009,2004,110309,265462,41.55359335799474
12009,2008,127620,287859,44.334205288005585
12009,2012,122993,285559,43.070959066252506
12009,2016,119679,314752,38.023269113460756
12009,2020,148549,360764,41.17622600924704
12009,2024,141233,361449,39.074115573704724
12011,2000,387703,575143,67.40984416049574
12011,2004,453873,706872,64.20865446643805
12011,2008,492640,733899,67.12640295190482
12011,2012,508312,756422,67.19952619040694
12011,2016,553320,831951,66.50872467248672
12011,2020,618752,957672,64.6100126139221
12011,2024,507328,874539,58.010906317499845
12013,2000,2155,5174,41.6505604947816
12013,2004,2116,5963,35.48549387892
12013,2008,1821,6244,29.16399743754004
12013,2012,1664,6152,27.0481144343303
12013,2016,1241,6081,20.407827659924354
12013,2020,1209,6526,18.52589641434263
12013,2024,1021,6428,15.88363410080896
12015,2000,29645,66896,44.31505620664913
12015,2004,34256,79786,42.93485072569123
12015,2008,39031,85158,45.833626905281946
12015,2012,35906,84682,42.40098249923242
12015,2016,33445,96374,34.70334322535123
12015,2020,42273,116340,36.335740072202164
12015,2024,40450,123676,32.70642646916136
12017,2000,25525,57206,44.61944551270845
12017,2004,29277,69467,42.14519124188464
12017,2008,31460,76158,41.30885790068016
12017,2012,28460,73935,38.493271116521264
12017,2016,22789,79700,28.593475533249684
12017,2020,27092,93208,29.066174577289505
12017,2024,26276,98237,26.747559473518123
12019,2000,14632,57353,25.512178961867733
12019,2004,18971,81495,23.27872875636542
12019,2008,26697,94577,28.22779322668302
12019,2012,25759,96589,26.668668274855317
12019,2016,27822,106483,26.128114346891053
12019,2020,38317,124405,30.80020899481532
12019,2024,37926,126811,29.907500138000646
12021,2000,29921,92162,32.46565829734598
12021,2004,43892,128683,34.10862351670384
12021,2008,54450,141988,38.34831112488379
12021,2012,51698,149112,34.67058318579323
12021,2016,61085,170789,35.766354976023045
12021,2020,77621,207818,37.350470122896
12021,2024,71720,216370,33.1469242501271
12023,2000,7047,18508,38.07542684244651
12023,2004,8031,24991,32.13556880476972
12023,2008,9171,28128,32.604522184300336
12023,2012,8462,27163,31.152670912638513
12023,2016,7601,28707,26.477862542237084
12023,2020,8914,33042,26.977785848314266
12023,2024,8250,33592,24.55941890926411
12027,2000,3320,7817,42.47153639503646
12027,2004,3913,9510,41.14616193480547
12027,2008,4383,10131,43.263251406573886
12027,2012,4174,9865,42.31120121642169
12027,2016,3781,10818,34.951007579959324
12027,2020,4259,12659,33.644047713089506
12027,2024,3525,12488,28.22709801409353
12029,2000,1826,4666,39.13416202314616
12029,2004,1960,6442,30.42533374728345
12029,2008,1925,7264,26.500550660792953
12029,2012,1798,6941,25.90404840801037
12029,2016,1270,7202,17.633990558178283
12029,2020,1365,8167,16.713603526386677
12029,2024,1183,8148,14.518900343642613
12031,2000,107864,264636,40.75938269925483
12031,2004,158610,381061,41.623257168799746
12031,2008,202618,415761,48.734248763111495
12031,2012,196737,411848,47.76932266272994
12031,2016,205704,432695,47.540184194409456
12031,2020,252556,492820,51.247108477740355
12031,2024,229365,471282,48.6683132392071
12033,2000,40943,116648,35.099615938550166
12033,2004,48329,143278,33.730928684096654
12033,2008,61572,154447,39.86610293498741
12033,2012,58185,148502,39.1812904876702
12033,2016,57461,152469,37.687005227292104
12033,2020,70929,170372,41.63184091282605
12033,2024,64601,162755,39.69217535559583
12035,2000,13897,27111,51.25963630998488
12035,2004,18578,38480,48.27962577962578
12035,2008,24726,49031,50.42932022597948
12035,2012,23207,50595,45.868168791382544
12035,2016,22026,57503,38.304088482340056
12035,2020,28161,71716,39.26738803056501
12035,2024,28431,79968,35.55297118847539
12037,2000,2046,4644,44.05684754521964
12037,2004,2401,5931,40.48221210588434
12037,2008,2134,6029,35.395587991375024
12037,2012,1845,5474,33.70478626233102
12037,2016,1744,6015,28.994181213632586
12037,2020,2120,6849,30.953423857497448
12037,2024,1870,6758,27.67090855282628
12039,2000,9735,14727,66.10307598288857
12039,2004,14629,20984,69.71502096835684
12039,2008,15582,22510,69.22256774766771
12039,2012,15770,22499,70.09200408907063
12039,2016,15020,22113,67.92384570162348
12039,2020,16153,23762,67.97828465617373
12039,2024,14203,21868,64.94878361075544
12041,2000,1910,5395,35.403151065801666
12041,2004,2017,7015,28.752672843905913
12041,2008,1996,7819,25.527561069190437
12041,2012,1885,7909,23.83360728284233
12041,2016,1458,8420,17.31591448931116
12041,2020,1700,9685,17.552916881775943
12041,2024,1662,10686,15.553060078607524
12043,2000,1442,3365,42.852897473997025
12043,2004,1718,4188,41.02196752626552
12043,2008,1674,4261,39.286552452475945
12043,2012,1603,3989,40.185510152920536
12043,2016,1271,4353,29.1982540776476
12043,2020,1385,5193,26.670518005006738
12043,2024,1222,5279,23.14832354612616
12045,2000,2397,6144,39.013671875
12045,2004,2407,7277,33.07681736979525
12045,2008,2149,7205,29.826509368494104
12045,2012,2014,7108,28.334271243669107
12045,2016,1720,7293,23.584258878376527
12045,2020,1985,8163,24.317040303809872
12045,2024,1970,8697,22.651489019202025
12047,2000,1722,3964,43.440968718466195
12047,2004,2260,5079,44.49694821815318
12047,2008,2364,5587,42.31251118668337
12047,2012,2228,5407,41.205844275938595
12047,2016,1904,5460,34.87179487179487
12047,2020,1963,5830,33.67066895368782
12047,2024,1727,5733,30.123844409558696
12049,2000,2339,6233,37.52607091288304
12049,2004,2149,7249,29.645468340460752
12049,2008,2568,7412,34.64651915812196
12049,2012,2463,7226,34.08524771657902
12049,2016,2149,7583,28.339707239878674
12049,2020,2298,8485,27.083087802003536
12049,2024,1751,8143,21.50313152400835
12051,2000,3240,8139,39.80833026170291
12051,2004,3960,9775,40.51150895140665
12051,2008,4998,10879,45.941722584796395
12051,2012,4751,10185,46.647029945999016
12051,2016,4615,11115,41.52046783625731
12051,2020,4929,12940,38.091190108191654
12051,2024,4096,13460,30.430906389301633
12053,2000,32644,65219,50.05289869516552
12053,2004,37187,80547,46.16807578184166
12053,2008,41886,87901,47.65133502462998
12053,2012,37830,83667,45.21495930295099
12053,2016,31795,93796,33.898034031301975
12053,2020,37519,108922,34.44575016984631
12053,2024,34431,110691,31.10550993305689
12055,2000,14167,35149,40.305556345841985
12055,2004,15347,41496,36.98428764218238
12055,2008,18135,44783,40.49527722573298
12055,2012,16148,42444,38.04542455941947
12055,2016,14937,45686,32.69491748019087
12055,2020,16938,52170,32.466935020126506
12055,2024,15227,51905,29.336287448222713
12057,2000,169557,360295,47.06060311689033
12057,2004,214132,463222,46.22664726632155
12057,2008,272963,513312,53.17682033539056
12057,2012,286467,542102,52.843745273029796
12057,2016,307896,597660,51.51691597229194
12057,2020,376367,712063,52.85585685536252
12057,2024,321455,671993,47.8360637685214
12059,2000,2177,7395,29.438810006761322
12059,2004,1810,8300,21.80722891566265
12059,2008,1446,8589,16.835487251135174
12059,2012,1264,8274,15.276770606719845
12059,2016,853,8514,10.018792576932112
12059,2020,924,9068,10.189677988531098
12059,2024,882,9116,9.6752961825362
12061,2000,19768,49622,39.83716899762202
12061,2004,23956,61414,39.00739245123262
12061,2008,29710,70591,42.087518238868974
12061,2012,27492,71464,38.469719019366394
12061,2016,29043,80009,36.29966628754266
12061,2020,37844,97484,38.82072955561938
12061,2024,35654,99017,36.00795822939495
12063,2000,6868,16300,42.13496932515338
12063,2004,7555,19807,38.14308072903519
12063,2008,7671,21565,35.57152793878971
12063,2012,7342,20941,35.06040781242539
12063,2016,6397,21041,30.402547407442608
12063,2020,6766,22419,30.17975824077791
12063,2024,5892,22098,26.663046429541136
12065,2000,3041,5644,53.880226789510985
12065,2004,4135,7478,55.295533565124366
12065,2008,4088,7957,51.37614678899083
12065,2012,3945,7808,50.52510245901639
12065,2016,3541,7645,46.31785480706344
12065,2020,3897,8451,46.11288604898828
12065,2024,3429,8502,40.33168666196189
12067,2000,789,2505,31.49700598802395
12067,2004,845,3325,25.413533834586467
12067,2008,642,3359,19.112831199761835
12067,2012,687,3399,20.211827007943516
12067,2016,518,3392,15.271226415094338
12067,2020,510,3658,13.942044833242209
12067,2024,441,3756,11.741214057507987
12069,2000,36571,88611,41.27139971335387
12069,2004,48221,123950,38.9035901573215
12069,2008,62948,146926,42.84333610116657
12069,2012,61799,150811,40.97778013540127
12069,2016,62838,170462,36.863347842921
12069,2020,83505,211314,39.517022061955196
12069,2024,84546,226788,37.27975025133605
12071,2000,73560,184377,39.89651637677151
12071,2004,93860,240667,38.99994598345432
12071,2008,119701,269276,44.452903340810174
12071,2012,110157,266166,41.38657830075967
12071,2016,124908,326420,38.26603762024386
12071,2020,157695,393899,40.034374293917985
12071,2024,139240,392532,35.47226722916857
12073,2000,61427,103124,59.56615336875994
12073,2004,83873,136379,61.49993767368876
12073,2008,91747,148608,61.73759151593454
12073,2012,90881,148353,61.259967779552824
12073,2016,92068,152132,60.51849709462835
12073,2020,103517,162929,63.53503673379202
12073,2024,94520,156802,60.279843369344775
12075,2000,5398,12724,42.42376611128576
12075,2004,6074,16652,36.47609896709104
12075,2008,6711,18725,35.83978638184246
12075,2012,6119,18399,33.25724224142617
12075,2016,5101,19395,26.300592936323795
12075,2020,6205,23145,26.809246057463813
12075,2024,5994,24378,24.5877430470096
12077,2000,1017,2410,42.19917012448133
12077,2004,1070,3021,35.418735518040386
12077,2008,895,3278,27.3032336790726
12077,2012,942,3284,28.68453105968331
12077,2016,651,3296,19.75121359223301
12077,2020,694,3561,19.488907610221847
12077,2024,566,3490,16.21776504297994
12079,2000,3014,6162,48.91269068484259
12079,2004,4050,8304,48.77167630057804
12079,2008,4270,8907,47.939822611429214
12079,2012,4176,8715,47.917383820998275
12079,2016,3526,8505,41.45796590241035
12079,2020,3747,9380,39.946695095948826
12079,2024,3231,9156,35.28833551769331
12081,2000,49177,110221,44.616724580615305
12081,2004,61262,143621,42.65532199330181
12081,2008,70034,151994,46.0768188217956
12081,2012,66503,153491,43.32697031096286
12081,2016,71224,178958,39.79928251321539
12081,2020,90166,216958,41.559195789046726
12081,2024,86674,228860,37.87206152232806
12083,2000,44665,102956,43.382610047010374
12083,2004,57271,139677,41.00245566557128
12083,2008,70839,162022,43.72184024391749
12083,2012,66831,161385,41.41091179477647
12083,2016,62041,174700,35.51287922152261
12083,2020,74858,204376,36.6275883665401
12083,2024,72436,214106,33.831840303401115
12085,2000,26620,62013,42.926483156757456
12085,2004,30208,72453,41.693235614812366
12085,2008,33508,78294,42.79766010166807
12085,2012,30107,78873,38.17149087774017
12085,2016,30185,85792,35.18393323386796
12085,2020,36893,98726,37.36908210603083
12085,2024,33539,98291,34.12214750078847
12086,2000,328808,625449,52.571512625329966
12086,2004,409732,774726,52.8873433962459
12086,2008,499831,863486,57.88524654713568
12086,2012,541440,878314,61.64537967059617
12086,2016,624146,980204,63.6751125275963
12086,2020,617864,1156816,53.41074120689894
12086,2024,480355,1094105,43.903921470060006
12087,2000,16483,33896,48.6281567146566
12087,2004,19654,39535,49.71291260908056
12087,2008,20907,40272,51.914481525625746
12087,2012,19404,39057,49.6812351179046
12087,2016,18971,42478,44.66076557276708
12087,2020,21881,48029,45.55789210685211
12087,2024,17933,44328,40.45524273596824
12089,2000,6952,23780,29.23465096719933
12089,2004,8573,32743,26.182695537977587
12089,2008,10618,38304,27.7203425229741
12089,2012,10251,40528,25.293624161073826
12089,2016,10869,46607,23.320531250670502
12089,2020,15564,58811,26.464436925065037
12089,2024,17143,65625,26.122666666666667
12091,2000,16948,70680,23.978494623655912
12091,2004,19368,89756,21.578501715762734
12091,2008,25872,95529,27.08287535722137
12091,2012,23421,94798,24.706217430747486
12091,2016,23780,100855,23.57840464032522
12091,2020,34248,116373,29.42950684437112
12091,2024,32074,113636,28.22521032067303
12093,2000,4588,9853,46.564498122399264
12093,2004,5153,12190,42.27235438884331
12093,2008,5108,12786,39.94994525262005
12093,2012,4856,12324,39.40279130152548
12093,2016,3959,13653,28.997289972899733
12093,2020,4390,15954,27.516610254481634
12093,2024,3671,16058,22.860879312492216
12095,2000,140220,280125,50.05622489959839
12095,2004,193354,388044,49.82785457319273
12095,2008,273009,462711,59.002055278564804
12095,2012,273665,466359,58.68118766872731
12095,2016,329894,546275,60.38973044711913
12095,2020,395014,647403,61.01516366158328
12095,2024,340807,607199,56.127727483082154
12097,2000,28181,55659,50.63152410212185
12097,2004,38633,82204,46.99649652085057
12097,2008,59962,100670,59.562928379854974
12097,2012,67239,108698,61.858543855452716
12097,2016,85458,140206,60.9517424361297
12097,2020,97297,172436,56.424992460971026
12097,2024,84205,172780,48.73538604005093
12099,2000,269732,433186,62.267016939605625
12099,2004,328687,544622,60.351399686387985
12099,2008,361271,590500,61.1805249788315
12099,2012,349651,600721,58.20522338989315
12099,2016,374673,662332,56.56876007802734
12099,2020,433572,773158,56.078059077187326
12099,2024,372512,745709,49.95407055567252
12101,2000,69564,142731,48.73783550875423
12101,2004,84749,190916,44.39072681179157
12101,2008,102417,214866,47.66552176705481
12101,2012,98263,213573,46.00909290968428
12101,2016,90142,241139,37.38175906842112
12101,2020,119073,301970,39.43206278769414
12101,2024,117450,318471,36.87933909209944
12103,2000,200630,398472,50.34983637495232
12103,2004,225460,455357,49.51279984715289
12103,2008,248299,463282,53.595650165557906
12103,2012,239104,457702,52.240103823011474
12103,2016,233701,492403,47.46132740864698
12103,2020,277450,559715,49.56987038046148
12103,2024,242452,517074,46.88922668708928
12105,2000,75200,168607,44.60075797564751
12105,2004,86009,210830,40.79542759569321
12105,2008,113865,244833,46.50721103772776
12105,2012,114622,248683,46.09161060466538
12105,2016,117433,284314,41.303980809949564
12105,2020,145049,343256,42.25679958981053
12105,2024,136879,348931,39.228099538304136
12107,2000,12102,26222,46.15208603462741
12107,2004,12412,30973,40.07361250121073
12107,2008,13236,33171,39.90232431943565
12107,2012,11667,31324,37.246200996041374
12107,2016,10094,33117,30.47981399281336
12107,2020,10527,36373,28.94179748714706
12107,2024,9354,36272,25.788486987207765
12109,2000,19502,60746,32.1041714680802
12109,2004,26399,86290,30.593348012515936
12109,2008,35791,105844,33.81485960470126
12109,2012,35190,114795,30.654645237161898
12109,2016,43099,136514,31.571120910675827
12109,2020,63850,176622,36.15064940947334
12109,2024,66862,197457,33.86154960320475
12111,2000,41559,77989,53.288284245214065
12111,2004,51835,100063,51.80236451035848
12111,2008,67125,120579,55.66889756922847
12111,2012,65869,123027,53.54027977598413
12111,2016,66881,140847,47.48485945742543
12111,2020,84137,172169,48.86884398468946
12111,2024,83517,185131,45.11237988235358
12113,2000,12802,50319,25.441682068403587
12113,2004,14659,67307,21.779309730042936
12113,2008,19470,76185,25.55621185272691
12113,2012,17768,76846,23.12156781094657
12113,2016,18464,87745,21.04279446122286
12113,2020,27612,106928,25.8229836899596
12113,2024,27035,112425,24.04714253947076
12115,2000,72853,160942,45.26661778777448
12115,2004,88442,195652,45.2037290699814
12115,2008,102686,207353,49.52231219225186
12115,2012,95119,207480,45.84490071332177
12115,2016,97870,229063,42.72623688679534
12115,2020,120110,270575,44.39064954264067
12115,2024,112668,277866,40.547602081578894
12117,2000,59174,137634,42.99373701265676
12117,2004,76971,186195,41.33891887537259
12117,2008,99335,205895,48.245464921440536
12117,2012,96445,208620,46.22998753714888
12117,2016,105914,224896,47.09465708594195
12117,2020,132528,260815,50.813028391771944
12117,2024,120717,253727,47.57751441509969
12119,2000,9637,22261,43.290957279547186
12119,2004,11584,31842,36.379624395452545
12119,2008,17655,48868,36.12793648195138
12119,2012,19524,60479,32.28227979959986
12119,2016,22638,76665,29.528468010174137
12119,2020,29341,92485,31.72514461804617
12119,2024,32551,105218,30.936721853675227
12121,2000,4075,12473,32.67056842780406
12121,2004,4522,15802,28.61663080622706
12121,2008,4916,17662,27.833767410259313
12121,2012,4751,17629,26.949912076691813
12121,2016,3964,18694,21.204664598266824
12121,2020,4485,21057,21.29933038894429
12121,2024,4217,21891,19.26362432049701
12123,2000,2649,6808,38.910105757931845
12123,2004,3049,8581,35.531989278638854
12123,2008,2803,9366,29.92739696775571
12123,2012,2764,9120,30.30701754385965
12123,2016,2152,9290,23.164693218514532
12123,2020,2299,10127,22.70168855534709
12123,2024,1991,9997,19.915974792437733
12125,2000,1407,3826,36.774699424986935
12125,2004,1251,4675,26.759358288770052
12125,2008,1299,5285,24.578997161778616
12125,2012,1339,5393,24.82848136473206
12125,2016,1014,5694,17.80821917808219
12125,2020,1053,6245,16.861489191353083
12125,2024,971,6231,15.583373455304125
12127,2000,97304,183654,52.98223833948621
12127,2004,115519,228939,50.45841905485741
12127,2008,127795,243824,52.41280595839623
12127,2012,114748,234536,48.9255380837057
12127,2016,109091,260869,41.81830727299909
12127,2020,130575,307439,42.47183994223244
12127,2024,120132,310498,38.690104284085564
12129,2000,3838,8587,44.69546989635496
12129,2004,4896,11763,41.622035195103294
12129,2008,5311,14376,36.94351697273233
12129,2012,5175,14660,35.30013642564802
12129,2016,4348,15351,28.323887694612726
12129,2020,5351,18404,29.075201043251468
12129,2024,5441,19856,27.40229653505238
12131,2000,5642,18318,30.800305710230376
12131,2004,6213,23976,25.913413413413412
12131,2008,7174,27046,26.525179324114472
12131,2012,6671,28494,23.41194637467537
12131,2016,6876,33637,20.441775425870322
12131,2020,10338,43711,23.65079728214866
12131,2024,10287,49601,20.739501219733473
12133,2000,2798,8029,34.84867355835098
12133,2004,2912,10366,28.091838703453597
12133,2008,2863,11131,25.72095948252628
12133,2012,2820,10999,25.63869442676607
12133,2016,2264,11156,20.29401219074937
12133,2020,2347,12327,19.039506773748684
12133,2024,2140,12584,17.005721551176098
13001,2000,2093,6099,34.31710116412527
13001,2004,1848,6369,29.015544041450774
13001,2008,1846,6996,26.38650657518582
13001,2012,1758,7086,24.809483488569008
13001,2016,1434,7012,20.45065601825442
13001,2020,1779,33364,5.332094473084762
13001,2024,1560,8334,18.718502519798417
13003,2000,821,2071,39.64268469338484
13003,2004,799,2470,32.34817813765182
13003,2008,938,2904,32.30027548209367
13003,2012,930,2902,32.046864231564435
13003,2016,697,2610,26.70498084291188
13003,2020,825,12620,6.537242472266244
13003,2024,700,3057,22.89826627412496
13005,2000,956,2995,31.91986644407346
13005,2004,930,3790,24.538258575197887
13005,2008,817,3938,20.7465718638903
13005,2012,791,3931,20.12210633426609
13005,2016,608,4020,15.124378109452735
13005,2020,625,18672,3.3472579263067694
13005,2024,645,4839,13.32920024798512
13007,2000,893,1519,58.78867676102699
13007,2004,936,1764,53.06122448979592
13007,2008,846,1687,50.14819205690575
13007,2012,794,1589,49.968533668974196
13007,2016,650,1440,45.13888888888889
13007,2020,652,6220,10.482315112540192
13007,2024,590,1476,39.97289972899729
13009,2000,5893,12126,48.59805376876134
13009,2004,6775,14547,46.57317659998625
13009,2008,8587,16537,51.92598415673943
13009,2012,8483,16238,52.24165537627786
13009,2016,7970,16116,49.45395879870936
13009,2020,9140,73004,12.51986192537395
13009,2024,9159,18825,48.65338645418327
13011,2000,1220,4533,26.913743657621886
13011,2004,1149,5590,20.554561717352414
13011,2008,1027,6241,16.455696202531644
13011,2012,780,6195,12.590799031477
13011,2016,684,6975,9.806451612903226
13011,2020,932,35204,2.6474264288149074
13011,2024,1136,10519,10.79950565643122
13013,2000,3657,12102,30.218145761031234
13013,2004,4095,17727,23.100355390082925
13013,2008,6657,24582,27.080790822553087
13013,2012,6028,25199,23.921584189848804
13013,2016,6580,29060,22.64280798348245
13013,2020,10453,151684,6.891300334906781
13013,2024,12949,43934,29.47375608867847
13015,2000,7508,22781,32.95728896887758
13015,2004,7741,30232,25.605318867425247
13015,2008,9662,36093,26.769733743385142
13015,2012,8396,35802,23.45120384336071
13015,2016,8212,39550,20.763590391908977
13015,2020,12092,201868,5.990052905859274
13015,2024,13942,57547,24.227153457174136
13017,2000,2234,4661,47.92962883501394
13017,2004,2180,5536,39.37861271676301
13017,2008,2590,6036,42.909211398277
13017,2012,2512,5956,42.175957018132976
13017,2016,2101,5936,35.39420485175202
13017,2020,2392,26240,9.115853658536585
13017,2024,2199,6501,33.82556529764651
13019,2000,1640,4410,37.188208616780045
13019,2004,1638,5592,29.291845493562228
13019,2008,1471,6449,22.809737943867265
13019,2012,1273,6201,20.528946944041284
13019,2016,1047,6590,15.887708649468893
13019,2020,1269,30972,4.097249128244866
13019,2024,1209,8068,14.985126425384236
13021,2000,24996,49776,50.216972034715525
13021,2004,29322,57687,50.829476311820684
13021,2008,38987,66368,58.74367164898746
13021,2012,38585,64718,59.62019839920888
13021,2016,36787,62596,58.76893092210365
13021,2020,43468,283208,15.34843648484506
13021,2024,42172,69181,60.95893381130657
13023,2000,1273,3749,33.955721525740195
13023,2004,1281,4467,28.67696440564137
13023,2008,1380,5071,27.213567343719188
13023,2012,1269,4907,25.861014876706744
13023,2016,1101,4974,22.135102533172496
13023,2020,1311,22824,5.743953732912723
13023,2024,1339,6044,22.1542025148908
13025,2000,1372,4566,30.048182216381953
13025,2004,1258,5618,22.39231043075828
13025,2008,1119,6277,17.82698741436992
13025,2012,939,6002,15.644785071642787
13025,2016,619,6301,9.823837486113316
13025,2020,699,30984,2.256003098373354
13025,2024,736,8500,8.658823529411764
13027,2000,2096,4551,46.05581190947044
13027,2004,2193,5113,42.890670839037746
13027,2008,2669,6201,43.04144492823738
13027,2012,3138,6742,46.5440522100267
13027,2016,2528,6336,39.8989898989899
13027,2020,2790,28400,9.82394366197183
13027,2024,2629,7210,36.463245492371705
13029,2000,2172,7059,30.76923076923077
13029,2004,2590,9983,25.94410497846339
13029,2008,3636,12845,28.30673413779681
13029,2012,3707,13453,27.555192150449713
13029,2016,4014,15173,26.45488697027615
13029,2020,6739,85360,7.894798500468604
13029,2024,7779,24651,31.556529146890593
13031,2000,5561,14782,37.62007847381951
13031,2004,6840,19171,35.678889990089196
13031,2008,9586,23920,40.075250836120404
13031,2012,9593,24085,39.82976956611999
13031,2016,9261,25316,36.58160846895244
13031,2020,11243,120336,9.343006249168994
13031,2024,11514,32657,35.25737207949291
13033,2000,3720,7135,52.13735108619482
13033,2004,4213,8479,49.687463144238706
13033,2008,5233,9626,54.36318304591731
13033,2012,5405,9779,55.271500153389916
13033,2016,4731,9351,50.5935194096888
13033,2020,5209,42736,12.188786971171846
13033,2024,4994,11070,45.11291779584462
13035,2000,2281,5635,40.47914818101154
13035,2004,2572,7734,33.25575381432635
13035,2008,3065,9091,33.71466285337147
13035,2012,2968,9381,31.63841807909605
13035,2016,2566,9514,26.9707799033004
13035,2020,3274,47084,6.953529861524084
13035,2024,3544,13019,27.221752822797452
13037,2000,1107,1887,58.66454689984102
13037,2004,1119,2019,55.423476968796436
13037,2008,1342,2211,60.69651741293532
13037,2012,1298,2188,59.32358318098721
13037,2016,1179,2025,58.22222222222222
13037,2020,1260,8776,14.357338195077485
13037,2024,1153,2056,56.07976653696498
13039,2000,3636,10119,35.932404387785354
13039,2004,4637,14175,32.71252204585538
13039,2008,6482,17084,37.94193397330836
13039,2012,6377,17983,35.46126897625535
13039,2016,5930,18901,31.374001375588595
13039,2020,7967,94752,8.408265788584938
13039,2024,8405,26393,31.845565111961506
13043,2000,1053,2722,38.68479059515062
13043,2004,1096,3151,34.78260869565217
13043,2008,1209,3518,34.36611711199545
13043,2012,1157,3528,32.79478458049886
13043,2016,1026,3763,27.265479670475685
13043,2020,1269,17724,7.159783344617468
13043,2024,1196,4568,26.182136602451838
13045,2000,8752,25741,34.0002330911775
13045,2004,10224,35278,28.981234763875502
13045,2008,14334,43498,32.95323922938986
13045,2012,12688,41549,30.537437724132953
13045,2016,12464,44121,28.249586364769613
13045,2020,16238,217896,7.452179021184419
13045,2024,17634,60494,29.1499983469435
13047,2000,5470,17721,30.867332543310198
13047,2004,5807,22304,26.03568866571019
13047,2008,6025,24496,24.595852384062706
13047,2012,5365,23678,22.65816369625813
13047,2016,4771,26757,17.830848002391896
13047,2020,6932,130372,5.317092627251251
13047,2024,7704,35038,21.98755636737257
13049,2000,1015,2816,36.044034090909086
13049,2004,1064,3387,31.414230882787127
13049,2008,1197,3685,32.48303934871099
13049,2012,1197,3764,31.801275239107333
13049,2016,1004,4016,25
13049,2020,1103,18264,6.039202803328953
13049,2024,1007,4628,21.758859118409678
13051,2000,37590,76475,49.153318077803206
13051,2004,45630,91515,49.860678577282414
13051,2008,62755,110238,56.92683103829895
13051,2012,60246,108628,55.46083882608536
13051,2016,62290,112142,55.545647482655916
13051,2020,78254,533680,14.66309398890721
13051,2024,82758,141109,58.648278990000634
13053,2000,600,1207,49.71002485501243
13053,2004,773,1688,45.79383886255924
13053,2008,830,1653,50.21173623714459
13053,2012,729,1490,48.9261744966443
13053,2016,594,1390,42.73381294964029
13053,2020,667,6328,10.540455120101138
13053,2024,703,1694,41.49940968122786
13055,2000,2729,6477,42.13370387525089
13055,2004,2809,7847,35.79711991844017
13055,2008,2596,8307,31.250752377512942
13055,2012,2232,7822,28.534901559703403
13055,2016,1613,8252,19.546776539020843
13055,2020,1854,40200,4.611940298507463
13055,2024,1896,10706,17.709695497851673
13057,2000,12295,52348,23.487048215786658
13057,2004,14824,73587,20.144862543655808
13057,2008,22350,93772,23.834406859190377
13057,2012,19841,98220,20.200570148645898
13057,2016,25231,112043,22.519032871308337
13057,2020,42794,579320,7.38693640820272
13057,2024,48838,162281,30.094712258366663
13059,2000,15167,28904,52.47370606144478
13059,2004,21718,37235,58.32684302403652
13059,2008,29591,45510,65.02087453306964
13059,2012,25431,40368,62.99791914387634
13059,2016,29603,44976,65.8195482034863
13059,2020,36048,205332,17.555958155572437
13059,2024,36297,52887,68.63123262805605
13061,2000,821,1277,64.29130775254502
13061,2004,798,1309,60.962566844919785
13061,2008,879,1440,61.04166666666667
13061,2012,862,1402,61.483594864479315
13061,2016,697,1273,54.752553024351926
13061,2020,790,5736,13.772663877266389
13061,2024,771,1442,53.46740638002774
13063,2000,40042,61402,65.21285951597667
13063,2004,56113,79546,70.54157342921077
13063,2008,82527,99438,82.99342303747058
13063,2012,81479,96067,84.81476469547296
13063,2016,78220,92859,84.23523837215564
13063,2020,95476,449376,21.246350494908494
13063,2024,94203,111729,84.31383078699352
13065,2000,816,1929,42.30171073094868
13065,2004,750,2265,33.11258278145696
13065,2008,989,2696,36.6839762611276
13065,2012,852,2472,34.46601941747573
13065,2016,686,2455,27.94297352342159
13065,2020,747,11456,6.5206005586592175
13065,2024,702,2908,24.140302613480056
13067,2000,86676,235027,36.87916707442124
13067,2004,103955,279473,37.19679539705088
13067,2008,141216,315444,44.76737550880664
13067,2012,133124,310116,42.92716273910408
13067,2016,160121,330819,48.40139169757481
13067,2020,221846,1574984,14.085603409304476
13067,2024,228404,401369,56.90623839907916
13069,2000,3593,9430,38.101802757158005
13069,2004,3979,12327,32.27873773018577
13069,2008,4811,13747,34.99672655852186
13069,2012,5057,14454,34.98685484986855
13069,2016,4094,13915,29.421487603305785
13069,2020,4511,60856,7.412580517943999
13069,2024,4295,15715,27.330575882914417
13071,2000,3297,9972,33.06257521058965
13071,2004,3378,11730,28.797953964194374
13071,2008,4139,13435,30.80759211016003
13071,2012,3973,13328,29.809423769507802
13071,2016,3463,13624,25.418379330593073
13071,2020,4187,64332,6.5084250450786545
13071,2024,4114,16611,24.76672084763109
13073,2000,8969,36008,24.908353699177958
13073,2004,11442,47144,24.27032071949771
13073,2008,15703,55351,28.36985781648028
13073,2012,16451,58923,27.919488145545884
13073,2016,18887,64743,29.172265727569002
13073,2020,29236,322316,9.070601521488229
13073,2024,31624,85920,36.80633147113594
13075,2000,1639,3944,41.55679513184584
13075,2004,1733,4816,35.984219269102994
13075,2008,2075,5903,35.15161782144672
13075,2012,2042,6031,33.85839827557619
13075,2016,1753,6057,28.94172032359254
13075,2020,2059,28140,7.3169864960909745
13075,2024,1956,7357,26.5869240179421
13077,2000,9056,31226,29.001473131364886
13077,2004,10647,42545,25.02526736396756
13077,2008,15521,53549,28.984668247773065
13077,2012,15168,55555,27.302673026730268
13077,2016,16583,61745,26.85723540367641
13077,2020,24210,307196,7.8809619916926
13077,2024,28111,85916,32.719167559011126
13079,2000,1513,3567,42.4165965797589
13079,2004,1552,4402,35.256701499318496
13079,2008,1832,5240,34.961832061068705
13079,2012,1706,5133,33.23592441067601
13079,2016,1421,5176,27.453632148377128
13079,2020,1615,24408,6.616683054736153
13079,2024,1582,6340,24.952681388012618
13081,2000,2268,5609,40.43501515421644
13081,2004,2357,6250,37.712
13081,2008,3085,7550,40.860927152317885
13081,2012,3167,7396,42.82044348296377
13081,2016,2837,7512,37.76624068157615
13081,2020,2986,32156,9.285980843388481
13081,2024,2993,8116,36.877772301626415
13083,2000,1628,5049,32.24400871459695
13083,2004,1823,6230,29.261637239165328
13083,2008,1612,6408,25.15605493133583
13083,2012,1411,6020,23.438538205980066
13083,2016,965,6242,15.459788529317525
13083,2020,1261,29736,4.240651062684961
13083,2024,1343,8200,16.378048780487806
13085,2000,1458,5898,24.720244150559513
13085,2004,1407,8113,17.34253666954271
13085,2008,1632,9974,16.36254261078805
13085,2012,1241,10244,12.114408434205389
13085,2016,1448,11765,12.307692307692308
13085,2020,2486,64324,3.864809402400348
13085,2024,3350,19561,17.12591380808752
13087,2000,3398,7648,44.42991631799163
13087,2004,3577,8951,39.962015417271814
13087,2008,4424,10374,42.6450742240216
13087,2012,4591,10485,43.7863614687649
13087,2016,4124,10286,40.09333074081275
13087,2020,4780,46508,10.277801668530145
13087,2024,4372,11549,37.85609143648801
13089,2000,154509,219980,70.23774888626238
13089,2004,200787,276139,72.71229344641648
13089,2008,254594,322301,78.99261870115203
13089,2012,238224,306265,77.78361876153005
13089,2016,251370,314757,79.86160752580562
13089,2020,308227,1483216,20.780992114432422
13089,2024,299630,366008,81.8643308342987
13091,2000,2326,5877,39.578015994555045
13091,2004,2384,6995,34.08148677626877
13091,2008,2595,8212,31.600097418412084
13091,2012,2442,7733,31.57894736842105
13091,2016,1839,7009,26.237694392923384
13091,2020,2171,32280,6.72552664188352
13091,2024,2081,8350,24.922155688622755
13093,2000,1901,3520,54.00568181818181
13093,2004,1973,3844,51.3267429760666
13093,2008,2138,4160,51.39423076923077
13093,2012,2285,4298,53.16426244765007
13093,2016,1872,3859,48.50997667789583
13093,2020,1911,16420,11.638246041412911
13093,2024,1921,4177,45.989944936557336
13095,2000,16650,29064,57.28736581337738
13095,2004,19805,33647,58.861116890064494
13095,2008,26135,38846,67.27848427122484
13095,2012,26295,37919,69.34518315356416
13095,2016,23311,34087,68.38677501686861
13095,2020,24577,141244,17.400385149103677
13095,2024,23831,33850,70.40177252584934
13097,2000,11162,30964,36.0483141712957
13097,2004,15997,42065,38.029240461191016
13097,2008,27825,55083,50.51467784979031
13097,2012,28441,55267,51.461088895724394
13097,2016,31005,57738,53.69947001974437
13097,2020,42809,276388,15.488733230096821
13097,2024,46240,70721,65.38369084147566
13099,2000,1622,3585,45.24407252440725
13099,2004,1701,4213,40.375029670068834
13099,2008,2603,5335,48.79100281162137
13099,2012,2765,5353,51.653278535400716
13099,2016,2168,4785,45.30825496342737
13099,2020,2437,20748,11.745710429920956
13099,2024,2158,4879,44.230375076860014
13101,2000,272,898,30.28953229398664
13101,2004,231,991,23.30978809283552
13101,2008,201,1187,16.93344566133109
13101,2012,173,1102,15.698729582577132
13101,2016,156,1182,13.19796954314721
13101,2020,167,5764,2.897293546148508
13101,2024,127,1438,8.831710709318498
13103,2000,3232,10650,30.347417840375584
13103,2004,3613,16167,22.34799282489021
13103,2008,4936,20316,24.296121283717266
13103,2012,4947,20816,23.765372790161415
13103,2016,4853,23458,20.688038195924634
13103,2020,7720,126280,6.113398796325625
13103,2024,9144,36244,25.22900342125593
13105,2000,2527,5853,43.17444045788484
13105,2004,2984,7656,38.97596656217346
13105,2008,3366,8317,40.471323794637485
13105,2012,3181,8143,39.064226943386956
13105,2016,2539,7987,31.78915738074371
13105,2020,2879,36684,7.848108167048304
13105,2024,2700,9589,28.157263531129416
13107,2000,2835,6263,45.26584703816063
13107,2004,2774,7468,37.145152651312266
13107,2008,3068,8242,37.22397476340694
13107,2012,2927,8083,36.2118025485587
13107,2016,2435,7860,30.979643765903308
13107,2020,2884,38004,7.588674876328808
13107,2024,2673,9619,27.788751429462522
13109,2000,1217,3080,39.51298701298701
13109,2004,1213,3514,34.51906659077974
13109,2008,1374,3855,35.6420233463035
13109,2012,1268,3563,35.587987650856014
13109,2016,1130,3613,31.27594796567949
13109,2020,1324,16988,7.793736755356723
13109,2024,1214,4244,28.605089538171534
13111,2000,2736,8390,32.61025029797378
13111,2004,2727,9650,28.25906735751295
13111,2008,2611,10584,24.669312169312168
13111,2012,2028,10017,20.245582509733453
13111,2016,1923,11812,16.280054182187605
13111,2020,2571,59400,4.328282828282829
13111,2024,2807,16096,17.43911530815109
13113,2000,11912,42449,28.06190958562039
13113,2004,14887,52528,28.341075236064572
13113,2008,20313,59321,34.242511083764605
13113,2012,19736,58568,33.69758229750034
13113,2016,23284,60913,38.22500943969268
13113,2020,33065,287972,11.482019085188838
13113,2024,35822,74633,47.99753460265566
13115,2000,10282,26825,38.32991612301957
13115,2004,10038,31625,31.740711462450594
13115,2008,10691,34213,31.248355888112705
13115,2012,9640,32829,29.36428158031009
13115,2016,9159,34608,26.46497919556172
13115,2020,12008,166592,7.208029197080291
13115,2024,12862,44738,28.749608833653717
13117,2000,6694,35755,18.721857082925464
13117,2004,9201,56826,16.19153204519058
13117,2008,15406,75376,20.438866482700064
13117,2012,14571,81731,17.827996720950434
13117,2016,23462,98221,23.886948819498883
13117,2020,42203,517220,8.159583929469084
13117,2024,45509,138249,32.918140456712166
13119,2000,2040,5762,35.404373481430056
13119,2004,2245,7502,29.925353239136232
13119,2008,1914,8073,23.708658491267187
13119,2012,1499,7762,19.312032981190416
13119,2016,1243,8502,14.620089390731591
13119,2020,1593,43060,3.699489084997678
13119,2024,1647,12140,13.566721581548599
13121,2000,152039,263212,57.762943938726195
13121,2004,199436,336024,59.351712972882886
13121,2008,272000,405628,67.05651483625391
13121,2012,255470,397413,64.28325193186937
13121,2016,297051,431391,68.85887744528746
13121,2020,381144,2098636,18.161510619278427
13121,2024,384752,535238,71.88428325343118
13123,2000,2230,7370,30.257801899592945
13123,2004,2510,9998,25.10502100420084
13123,2008,2614,11149,23.44604897300206
13123,2012,1958,11018,17.770920312216372
13123,2016,1965,12773,15.38401315274407
13123,2020,2932,66100,4.435703479576399
13123,2024,3413,18481,18.467615388777663
13125,2000,249,1020,24.41176470588235
13125,2004,250,1269,19.70055161544523
13125,2008,210,1428,14.705882352941178
13125,2012,176,1333,13.203300825206302
13125,2016,138,1390,9.928057553956835
13125,2020,155,6264,2.474457215836526
13125,2024,133,1670,7.964071856287425
13127,2000,7778,22384,34.748034310221584
13127,2004,8962,27692,32.36313736819298
13127,2008,12676,33341,38.01925557121862
13127,2012,11950,33133,36.06676123502249
13127,2016,11775,34263,34.36651781805446
13127,2020,15879,167936,9.455387766768293
13127,2024,16144,43912,36.76443796684278
13129,2000,4032,12205,33.03564113068415
13129,2004,4028,15775,25.534072900158478
13129,2008,4268,17607,24.240358948145623
13129,2012,3440,16897,20.358643546191633
13129,2016,3181,18959,16.778311092357193
13129,2020,4384,96132,4.560396121998918
13129,2024,4982,27606,18.04680141998116
13131,2000,2721,6703,40.5937639862748
13131,2004,3092,8191,37.74874862654133
13131,2008,3539,9365,37.789642285104115
13131,2012,3419,9396,36.38782460621541
13131,2016,3013,9213,32.70378812547487
13131,2020,3619,42828,8.450079387316709
13131,2024,3290,10718,30.696025377869006
13133,2000,2137,5197,41.11987685203002
13133,2004,2774,6872,40.36670547147846
13133,2008,3339,7919,42.16441469882561
13133,2012,3201,8323,38.459690015619366
13133,2016,3199,8852,36.138725711703565
13133,2020,4088,44988,9.086867609140214
13133,2024,4514,12786,35.30423901141874
13135,2000,61434,191111,32.14571636378859
13135,2004,81708,243917,33.49828015267489
13135,2008,129025,290147,44.46883820959721
13135,2012,132509,296728,44.65672265509153
13135,2016,166153,328331,50.60533425110635
13135,2020,241827,1655460,14.607843137254903
13135,2024,242507,420681,57.64629255896986
13137,2000,2530,9691,26.106696935300793
13137,2004,2750,13245,20.762551906379766
13137,2008,2900,14808,19.58400864397623
13137,2012,2301,14641,15.716139607950277
13137,2016,2483,16243,15.286584990457428
13137,2020,3563,81728,4.359583007047768
13137,2024,4036,23280,17.33676975945017
13139,2000,10259,38150,26.891218872870247
13139,2004,10514,49696,21.156632324533163
13139,2008,14457,59928,24.123948738486185
13139,2012,12999,61364,21.183430024118373
13139,2016,16180,70694,22.887373751662093
13139,2020,25031,362092,6.912884018426256
13139,2024,28347,101973,27.798534906298727
13141,2000,2414,3086,78.22423849643552
13141,2004,2715,3550,76.47887323943662
13141,2008,3535,4344,81.37661141804789
13141,2012,3308,4088,80.91976516634051
13141,2016,2701,3580,75.44692737430168
13141,2020,2985,16660,17.917166866746697
13141,2024,2864,4240,67.54716981132076
13143,2000,2869,8167,35.12917840088159
13143,2004,2434,10193,23.879132738153636
13143,2008,2248,11097,20.257727313688385
13143,2012,1789,10376,17.24171164225135
13143,2016,1475,11357,12.987584749493704
13143,2020,1792,56992,3.1443009545199323
13143,2024,2065,16364,12.619164018577363
13145,2000,2912,8562,34.010745153001636
13145,2004,3400,12331,27.572784040223823
13145,2008,4184,14908,28.06546820499061
13145,2012,4145,15488,26.762654958677683
13145,2016,4086,16502,24.76063507453642
13145,2020,5457,79964,6.824320944424992
13145,2024,5976,22353,26.73466648771977
13147,2000,3192,7536,42.35668789808918
13147,2004,3479,9021,38.56556922735839
13147,2008,3365,10002,33.64327134573085
13147,2012,2870,9511,30.175586163389763
13147,2016,2585,10117,25.55105268360186
13147,2020,3157,50908,6.201382886776146
13147,2024,3210,14331,22.39899518526272
13149,2000,1178,3198,36.83552220137586
13149,2004,1148,3955,29.02654867256637
13149,2008,1042,4225,24.662721893491124
13149,2012,948,4172,22.722914669223393
13149,2016,743,4223,17.594127397584653
13149,2020,824,21564,3.8211834539046556
13149,2024,859,6210,13.832528180354267
13151,2000,11971,38867,30.799907376437595
13151,2004,21096,64153,32.88388695774165
13151,2008,40527,88229,45.933876616531975
13151,2012,43761,91378,47.8900829521329
13151,2016,50057,98766,50.68242107607881
13151,2020,73276,490968,14.924801616398625
13151,2024,83253,129034,64.52020397724631
13153,2000,13301,36988,35.96031145236293
13153,2004,15054,45153,33.33997741013886
13153,2008,22094,55931,39.502243836155266
13153,2012,22702,58056,39.10362408708833
13153,2016,22553,60079,37.538907105644235
13153,2020,32232,299292,10.76941582133836
13153,2024,35907,81514,44.050101822999736
13155,2000,1105,2852,38.74474053295933
13155,2004,1051,3414,30.785002929115407
13155,2008,1197,3828,31.269592476489027
13155,2012,1141,3709,30.763008897276894
13155,2016,891,3670,24.277929155313352
13155,2020,1008,16672,6.046065259117082
13155,2024,986,4342,22.70842929525564
13157,2000,3420,11635,29.394069617533304
13157,2004,3468,16170,21.447124304267163
13157,2008,4950,22960,21.559233449477354
13157,2012,4238,23704,17.87883901451232
13157,2016,4491,27190,16.51710187568959
13157,2020,7642,150680,5.071675073002389
13157,2024,10472,47243,22.16624685138539
13159,2000,1558,3943,39.51306112097388
13159,2004,1558,4740,32.869198312236286
13159,2008,1935,5904,32.77439024390244
13159,2012,1845,6031,30.59194163488642
13159,2016,1544,6045,25.54177005789909
13159,2020,1761,30576,5.759419152276295
13159,2024,1881,9118,20.629524018425094
13161,2000,1379,4221,32.66998341625207
13161,2004,1277,4844,26.362510322047893
13161,2008,1356,5278,25.691549829480863
13161,2012,1275,5336,23.894302848575713
13161,2016,901,5096,17.680533751962322
13161,2020,1028,23084,4.453300987697107
13161,2024,924,5872,15.735694822888282
13163,2000,2973,5566,53.41358246496587
13163,2004,3447,6535,52.74674827850038
13163,2008,4149,7234,57.35416090682887
13163,2012,4261,7298,58.38585913949027
13163,2016,3821,6968,54.83639494833524
13163,2020,4061,30568,13.28513478147082
13163,2024,3674,7463,49.22953235964089
13165,2000,1250,2593,48.206710374084075
13165,2004,1494,3403,43.90243902439025
13165,2008,1482,3440,43.08139534883721
13165,2012,1488,3390,43.89380530973451
13165,2016,1123,3056,36.74738219895288
13165,2020,1266,13820,9.160636758321274
13165,2024,1179,3409,34.58492226459372
13167,2000,1065,2883,36.94068678459937
13167,2004,1263,3553,35.5474247115114
13167,2008,1198,3647,32.84891691801481
13167,2012,1305,3772,34.597030752916226
13167,2016,1136,3686,30.81931633206728
13167,2020,1222,16400,7.451219512195122
13167,2024,1066,3984,26.7570281124498
13169,2000,3102,8068,38.44819038175508
13169,2004,3855,10845,35.5463347164592
13169,2008,4572,12438,36.75832127351664
13169,2012,4274,12105,35.30772408095828
13169,2016,3961,12551,31.559238307704568
13169,2020,4888,59864,8.165174395296004
13169,2024,4959,16092,30.8165548098434
13171,2000,2194,5230,41.95028680688336
13171,2004,2432,6494,37.44995380351093
13171,2008,2752,7688,35.796045785639954
13171,2012,2602,7592,34.27291886195996
13171,2016,2270,7612,29.821334734629534
13171,2020,2615,36156,7.232547848213298
13171,2024,2795,10412,26.84402612370342
13173,2000,832,1904,43.69747899159664
13173,2004,931,2584,36.029411764705884
13173,2008,1062,2873,36.964845109641495
13173,2012,1114,2972,37.48317631224764
13173,2016,806,2871,28.073841866945315
13173,2020,1019,14304,7.123881431767337
13173,2024,995,3736,26.632762312633833
13175,2000,5724,14036,40.780849244799086
13175,2004,6281,17237,36.4390555201021
13175,2008,7769,19937,38.96774840748357
13175,2012,7513,19604,38.32381146704754
13175,2016,6752,19530,34.57245263696876
13175,2020,8073,90916,8.879625148488715
13175,2024,7820,23352,33.487495717711546
13177,2000,1936,7884,24.556062912227294
13177,2004,2182,10413,20.954576010755783
13177,2008,3100,13087,23.687628944754337
13177,2012,3196,13628,23.45171705312592
13177,2016,3170,14143,22.413915010959485
13177,2020,4558,66856,6.8176379083403145
13177,2024,4957,17683,28.032573658315897
13179,2000,5347,9972,53.62013638186923
13179,2004,6619,12800,51.7109375
13179,2008,10474,16376,63.95945285784074
13179,2012,10457,16170,64.6691403834261
13179,2016,9556,16143,59.19593631914761
13179,2020,13099,85556,15.310439945766516
13179,2024,13459,23028,58.446239360778186
13181,2000,1275,3103,41.08926844988721
13181,2004,1337,3657,36.560021875854524
13181,2008,1650,4416,37.36413043478261
13181,2012,1586,4426,35.83370989606868
13181,2016,1273,4102,31.033642125792298
13181,2020,1435,18600,7.71505376344086
13181,2024,1351,4931,27.398093692962888
13183,2000,975,2314,42.13483146067416
13183,2004,1033,3036,34.025032938076414
13183,2008,1288,3450,37.333333333333336
13183,2012,1442,3802,37.92740662809047
13183,2016,1360,4117,33.03376244838475
13183,2020,2033,22624,8.98603253182461
13183,2024,2476,7056,35.090702947845806
13185,2000,10616,25432,41.74268637936458
13185,2004,12516,31622,39.580039213206
13185,2008,17651,39240,44.98216106014271
13185,2012,17470,39137,44.6380662799908
13185,2016,15064,37805,39.84658114006084
13185,2020,20117,185420,10.849422931722575
13185,2024,19487,47795,40.77204728528089
13187,2000,2121,6750,31.422222222222224
13187,2004,2091,8855,23.613777526821007
13187,2008,2586,11075,23.349887133182847
13187,2012,2055,10905,18.844566712517192
13187,2016,2220,12425,17.867203219315893
13187,2020,3126,62124,5.031871740390188
13187,2024,3356,17808,18.845462713387242
13189,2000,2580,6550,39.38931297709924
13189,2004,2899,7773,37.295767399974274
13189,2008,3989,9544,41.79589270746018
13189,2012,4044,9592,42.16013344453711
13189,2016,3699,9268,39.91152352179543
13189,2020,4168,41820,9.966523194643711
13189,2024,3937,10537,37.36357597039006
13191,2000,2047,3837,53.34897054990878
13191,2004,2523,5378,46.9133506879881
13191,2008,2905,6236,46.58434894162925
13191,2012,2864,6341,45.166377542974296
13191,2016,2303,5903,39.01406064712858
13191,2020,2612,26784,9.752090800477898
13191,2024,2628,7408,35.475161987041034
13193,2000,2757,4355,63.3065442020666
13193,2004,2906,4777,60.83315888633033
13193,2008,3251,4984,65.22873194221509
13193,2012,3211,4781,67.1616816565572
13193,2016,2705,4287,63.097737345463024
13193,2020,2857,18648,15.320677820677819
13193,2024,2755,4686,58.792146820315835
13195,2000,2285,7993,28.587514074815463
13195,2004,2527,9833,25.699176243262485
13195,2008,2965,11365,26.08886933567972
13195,2012,2494,11104,22.460374639769455
13195,2016,2425,11998,20.211701950325054
13195,2020,3411,59748,5.70897770636674
13195,2024,3753,16787,22.35658545302913
13197,2000,982,2184,44.96336996336996
13197,2004,1275,2952,43.1910569105691
13197,2008,1381,3188,43.31869510664993
13197,2012,1412,3170,44.542586750788644
13197,2016,1213,3190,38.025078369905955
13197,2020,1311,14496,9.043874172185431
13197,2024,1253,3621,34.60370063518365
13199,2000,3441,6709,51.289312863317924
13199,2004,3709,8147,45.525960476248926
13199,2008,4465,9504,46.98021885521885
13199,2012,4331,9264,46.750863557858374
13199,2016,3804,9217,41.27156341542801
13199,2020,4287,43508,9.853360301553737
13199,2024,4373,11788,37.097047845266374
13201,2000,783,2150,36.41860465116279
13201,2004,736,2441,30.151577222449816
13201,2008,818,2738,29.87582176771366
13201,2012,852,2775,30.7027027027027
13201,2016,623,2544,24.488993710691823
13201,2020,749,11340,6.604938271604937
13201,2024,670,2724,24.59618208516887
13205,2000,2971,5799,51.23297120193136
13205,2004,3360,7267,46.23641117379937
13205,2008,3872,8120,47.68472906403941
13205,2012,4081,8275,49.31722054380664
13205,2016,3493,7880,44.32741116751269
13205,2020,3995,35852,11.143032466807988
13205,2024,3701,8877,41.69201306747775
13207,2000,2839,7541,37.64752685320249
13207,2004,3216,9783,32.873351732597364
13207,2008,4106,12131,33.8471684115077
13207,2012,3785,12277,30.830007330781132
13207,2016,3571,12687,28.14692204618901
13207,2020,4384,62368,7.029245767060031
13207,2024,4689,17704,26.485539990962494
13209,2000,1013,2509,40.37465125548027
13209,2004,1007,3168,31.78661616161616
13209,2008,1045,3590,29.108635097493035
13209,2012,1135,3832,29.61899791231733
13209,2016,847,3576,23.685682326621922
13209,2020,979,15864,6.171205244578921
13209,2024,927,3973,23.33249433677322
13211,2000,2238,5902,37.919349373093866
13211,2004,2304,7242,31.814415907207955
13211,2008,3091,9151,33.77772920992241
13211,2012,2753,9027,30.49739669879251
13211,2016,2663,9475,28.105540897097626
13211,2020,3355,46828,7.164516955667549
13211,2024,3533,13181,26.803732645474547
13213,2000,2684,8372,32.05924510272337
13213,2004,2899,10689,27.121339695013564
13213,2008,3026,11382,26.585837286944297
13213,2012,2542,11217,22.662030846037265
13213,2016,1800,12458,14.448547118317547
13213,2020,2302,61556,3.739684190005849
13213,2024,2459,17468,14.077169681703685
13215,2000,28193,52163,54.047888349979864
13215,2004,32867,63948,51.39644711327954
13215,2008,44158,74065,59.62060352393168
13215,2012,42573,70603,60.2991374304208
13215,2016,39851,69032,57.7282999188782
13215,2020,49529,322172,15.373465105595768
13215,2024,49413,80491,61.38947211489483
13217,2000,6703,18375,36.47891156462585
13217,2004,10939,29166,37.50600013714599
13217,2008,20827,41435,50.26426933751659
13217,2012,21851,43234,50.54124069019753
13217,2016,21943,43987,49.885193352581446
13217,2020,29794,216956,13.732738435443132
13217,2024,33839,59051,57.30470271460263
13219,2000,3184,11168,28.510028653295127
13219,2004,3789,14170,26.73959068454481
13219,2008,4825,17132,28.163670324538874
13219,2012,4421,17817,24.813380479317505
13219,2016,5581,20149,27.698645094049333
13219,2020,8162,100672,8.107517482517483
13219,2024,8620,27287,31.59013449628028
13221,2000,1519,4385,34.640820980615736
13221,2004,1899,5628,33.74200426439232
13221,2008,2232,6447,34.62075383899489
13221,2012,1914,6273,30.5117168818747
13221,2016,1831,6674,27.434821696134254
13221,2020,2436,32524,7.4898536465379415
13221,2024,2515,8822,28.50827476762639
13223,2000,6743,24260,27.794723825226708
13223,2004,9420,40467,23.278226703239678
13223,2008,17229,56985,30.234272176888656
13223,2012,15825,57399,27.570166727643336
13223,2016,18025,64890,27.77777777777778
13223,2020,29704,341540,8.697077941090356
13223,2024,35802,95196,37.60872305559057
13225,2000,3540,7137,49.600672551492224
13225,2004,3961,8545,46.35459332943241
13225,2008,5927,11165,53.085535154500676
13225,2012,6148,11516,53.38659256686349
13225,2016,5100,10752,47.433035714285715
13225,2020,5920,50180,11.797528895974493
13225,2024,6293,13454,46.774193548387096
13227,2000,2489,8201,30.34995732227777
13227,2004,2444,10627,22.99802390138327
13227,2008,2595,12786,20.295635851712813
13227,2012,1975,12680,15.57570977917981
13227,2016,1979,14038,14.097449779170823
13227,2020,2808,68464,4.101425566721197
13227,2024,3522,20915,16.83958881185752
13229,2000,1300,4681,27.771843623157444
13229,2004,1234,5923,20.834036805672802
13229,2008,1253,6791,18.45089088499485
13229,2012,1124,6846,16.418346479696172
13229,2016,903,7311,12.351251538777184
13229,2020,1100,36192,3.0393457117595046
13229,2024,1089,9761,11.156643786497284
13231,2000,1413,4885,28.925281473899695
13231,2004,1506,6741,22.340898976412994
13231,2008,1575,8203,19.20029257588687
13231,2012,1356,8109,16.722160562338143
13231,2016,1240,8725,14.212034383954157
13231,2020,1505,42880,3.509794776119403
13231,2024,1648,12549,13.132520519563313
13233,2000,4112,10116,40.64847765915381
13233,2004,3868,12395,31.206131504638968
13233,2008,4052,14113,28.711117409480618
13233,2012,3615,13608,26.5652557319224
13233,2016,2867,14215,20.168835736897645
13233,2020,3658,69596,5.256049198229784
13233,2024,3749,19171,19.55557873871994
13235,2000,1390,3346,41.5421398684997
13235,2004,1294,3511,36.855596696097976
13235,2008,1377,3953,34.834303060966356
13235,2012,1219,3682,33.10700706137968
13235,2016,1104,3605,30.62413314840499
13235,2020,1217,16236,7.495688593249569
13235,2024,1281,4336,29.543357933579333
13237,2000,2612,6299,41.46689950785839
13237,2004,2880,8107,35.524855063525344
13237,2008,3102,9132,33.96846254927727
13237,2012,2926,9222,31.728475384949036
13237,2016,2758,9488,29.06829679595278
13237,2020,3448,47420,7.271193589202868
13237,2024,3696,12877,28.70233750097072
13239,2000,542,904,59.95575221238938
13239,2004,543,965,56.26943005181347
13239,2008,597,1114,53.590664272890486
13239,2012,612,1128,54.25531914893617
13239,2016,461,1044,44.157088122605366
13239,2020,497,4424,11.234177215189874
13239,2024,480,1140,42.10526315789473
13241,2000,1776,5341,33.25219996255383
13241,2004,1918,6625,28.950943396226414
13241,2008,2001,7599,26.332412159494673
13241,2012,1559,7463,20.88972263164947
13241,2016,1444,7992,18.06806806806807
13241,2020,1984,38272,5.183946488294314
13241,2024,2222,10423,21.31823851098532
13243,2000,1381,2569,53.75632541845076
13243,2004,1612,3047,52.90449622579586
13243,2008,1833,3215,57.0139968895801
13243,2012,1770,3058,57.8809679529104
13243,2016,1598,2899,55.122456019317
13243,2020,1671,12296,13.589785296031229
13243,2024,1601,2990,53.545150501672246
13245,2000,31413,57538,54.595224025861164
13245,2004,39262,69282,56.669842094627754
13245,2008,52100,79333,65.67254484262538
13245,2012,52560,79020,66.51480637813212
13245,2016,48814,75515,64.64146196119977
13245,2020,59124,348064,16.986531212650547
13245,2024,56657,83578,67.78937040848069
13247,2000,8295,24649,33.65248083086535
13247,2004,12136,31156,38.952368725125176
13247,2008,20526,37706,54.43695963507135
13247,2012,22023,38085,57.825915714848364
13247,2016,23255,37869,61.40906810319786
13247,2020,31244,178744,17.479747571946472
13247,2024,33165,45160,73.43888396811337
13249,2000,460,1176,39.1156462585034
13249,2004,464,1530,30.326797385620914
13249,2008,479,1738,27.56041426927503
13249,2012,448,1748,25.62929061784897
13249,2016,401,1909,21.00576217915139
13249,2020,462,9100,5.076923076923077
13249,2024,453,2428,18.657331136738055
13251,2000,2233,4719,47.31934731934732
13251,2004,2534,5923,42.7823737970623
13251,2008,3024,6481,46.65946613176979
13251,2012,2774,6100,45.47540983606557
13251,2016,2300,5715,40.24496937882765
13251,2020,2661,26512,10.036964393482197
13251,2024,2581,6920,37.297687861271676
13253,2000,1313,2877,45.63781717066389
13253,2004,1278,3274,39.034819792303
13253,2008,1660,3996,41.54154154154154
13253,2012,1478,3769,39.21464579464049
13253,2016,1189,3588,33.138238573021184
13253,2020,1254,15536,8.071575695159629
13253,2024,1191,4007,29.722984776640875
13255,2000,5831,15391,37.88577740237801
13255,2004,7460,21007,35.51197219974294
13255,2008,10141,25255,40.1544248663631
13255,2012,9898,25088,39.453125
13255,2016,9357,25704,36.402894491129786
13255,2020,11784,120464,9.782175587727455
13255,2024,13679,33038,41.40383800472184
13257,2000,2869,8376,34.252626552053485
13257,2004,2714,9660,28.095238095238095
13257,2008,2705,10517,25.720262432252543
13257,2012,2131,9498,22.436302379448307
13257,2016,1837,9815,18.716250636780437
13257,2020,2385,47540,5.016827934371055
13257,2024,2404,13099,18.35254599587755
13259,2000,1267,1954,64.84135107471852
13259,2004,1220,2031,60.068931560807485
13259,2008,1305,2105,61.995249406175766
13259,2012,1323,2076,63.72832369942196
13259,2016,1222,2058,59.37803692905733
13259,2020,1182,7960,14.84924623115578
13259,2024,1177,2028,58.03747534516766
13261,2000,4748,9697,48.96359698875941
13261,2004,5562,11287,49.27793036236378
13261,2008,6454,12235,52.750306497752355
13261,2012,6375,11831,53.88386442397093
13261,2016,5520,10974,50.30071077091307
13261,2020,6318,48600,13
13261,2024,6136,12049,50.925387999004066
13263,2000,1662,2531,65.66574476491506
13263,2004,1830,2943,62.181447502548416
13263,2008,2369,3700,64.02702702702703
13263,2012,2265,3491,64.88112288742481
13263,2016,2002,3246,61.67590881084411
13263,2020,2114,14088,15.005678591709257
13263,2024,1888,3379,55.874519088487716
13265,2000,556,832,66.82692307692307
13265,2004,612,951,64.35331230283911
13265,2008,643,990,64.94949494949495
13265,2012,636,963,66.04361370716511
13265,2016,545,897,60.758082497212925
13265,2020,561,3712,15.113146551724139
13265,2024,507,884,57.35294117647059
13267,2000,1963,5610,34.99108734402852
13267,2004,1787,6463,27.649698282531332
13267,2008,1932,6714,28.775692582663094
13267,2012,1897,6667,28.453577321133945
13267,2016,1681,6903,24.35173113139215
13267,2020,2061,32732,6.296590492484419
13267,2024,1967,8512,23.108552631578945
13269,2000,1340,2780,48.201438848920866
13269,2004,1458,3381,43.12333629103816
13269,2008,1536,3583,42.869104102707226
13269,2012,1572,3538,44.43188241944602
13269,2016,1296,3408,38.028169014084504
13269,2020,1387,15356,9.03230007814535
13269,2024,1366,3982,34.30436966348569
13271,2000,1777,3493,50.873174921271115
13271,2004,1590,3775,42.11920529801325
13271,2008,1862,4374,42.56973022405121
13271,2012,1805,4336,41.62822878228782
13271,2016,1313,3796,34.58904109589041
13271,2020,1487,17332,8.579506115855066
13271,2024,1274,4214,30.23255813953488
13273,2000,1584,3113,50.8833922261484
13273,2004,1951,3824,51.01987447698745
13273,2008,2501,4416,56.634963768115945
13273,2012,2544,4398,57.844474761255114
13273,2016,2267,4189,54.117927906421585
13273,2020,2376,17664,13.451086956521738
13273,2024,2253,4341,51.900483759502414
13275,2000,4862,12058,40.32177807264886
13275,2004,5997,15705,38.18529130850048
13275,2008,7720,18459,41.82241724903841
13275,2012,7653,18953,40.37883184720097
13275,2016,7142,18802,37.98532071056271
13275,2020,8708,87412,9.962018944767308
13275,2024,8347,22080,37.80344202898551
13277,2000,3547,10328,34.34353214562355
13277,2004,3864,12520,30.862619808306707
13277,2008,4749,14257,33.30995300554114
13277,2012,4660,13927,33.460185251669415
13277,2016,4347,14219,30.571770166678387
13277,2020,5322,65132,8.171098691887245
13277,2024,5438,16989,32.00894696568368
13279,2000,2643,7210,36.65742024965326
13279,2004,2567,8813,29.12742539430387
13279,2008,2964,9688,30.59454995871181
13279,2012,2746,9344,29.387842465753423
13279,2016,2338,9138,25.58546727949223
13279,2020,2939,43656,6.73217885284955
13279,2024,2674,10912,24.505131964809383
13281,2000,1495,4497,33.24438514565266
13281,2004,1430,5277,27.098730339207883
13281,2008,1391,5739,24.237672068304583
13281,2012,1273,6211,20.495894380937045
13281,2016,1210,6764,17.88882318154938
13281,2020,1550,31916,4.8564983080586535
13281,2024,1649,8838,18.65806743607151
13283,2000,879,1963,44.77840040753948
13283,2004,1052,2756,38.171262699564586
13283,2008,1112,2954,37.64387271496276
13283,2012,1074,2750,39.054545454545455
13283,2016,862,2703,31.89049204587495
13283,2020,952,12308,7.734806629834254
13283,2024,864,3121,27.68343479653957
13285,2000,6379,17804,35.829027184902266
13285,2004,7630,21912,34.82110259218693
13285,2008,10455,26028,40.16828031350853
13285,2012,10547,25986,40.58723928269068
13285,2016,9713,26111,37.198881697368925
13285,2020,11578,120196,9.632600086525342
13285,2024,11757,31304,37.55750063889599
13287,2000,1169,2456,47.597719869706836
13287,2004,1135,2960,38.3445945945946
13287,2008,1427,3553,40.16324233042499
13287,2012,1510,3559,42.42764821579095
13287,2016,1246,3398,36.668628605061805
13287,2020,1410,15168,9.295886075949367
13287,2024,1365,3833,35.6117923297678
13289,2000,1977,3615,54.68879668049793
13289,2004,2220,4365,50.85910652920962
13289,2008,2402,4519,53.15335251161761
13289,2012,2270,4202,54.02189433603046
13289,2016,1971,4059,48.55875831485588
13289,2020,2044,17776,11.498649864986499
13289,2024,1895,4456,42.52692998204668
13291,2000,2230,6956,32.058654399079934
13291,2004,2327,9225,25.224932249322496
13291,2008,2486,10634,23.37784464923829
13291,2012,2139,11079,19.306796642296238
13291,2016,1963,12063,16.272900605156263
13291,2020,2801,62240,4.500321336760925
13291,2024,3309,17880,18.506711409395972
13293,2000,3158,8282,38.130886259357645
13293,2004,3424,10086,33.948046797541146
13293,2008,4061,11421,35.55730671569915
13293,2012,3959,11263,35.15049276391725
13293,2016,3475,10934,31.781598683007132
13293,2020,4201,51620,8.138318481208834
13293,2024,4098,13662,29.995608256477823
13295,2000,6341,18895,33.55914263032548
13295,2004,5986,21453,27.902857409220154
13295,2008,6095,23542,25.889898904086312
13295,2012,5274,21896,24.08659115820241
13295,2016,4215,23956,17.594757054600098
13295,2020,5769,117416,4.913299720651359
13295,2024,6436,32086,20.058592532568724
13297,2000,5484,19083,28.737619871089453
13297,2004,5887,27624,21.311178685201273
13297,2008,8469,36026,23.50802198412258
13297,2012,8148,37612,21.663298947144526
13297,2016,8292,40698,20.374465575703965
13297,2020,12682,204380,6.205108131911146
13297,2024,15605,58376,26.73187611347129
13299,2000,3480,9628,36.144578313253014
13299,2004,3449,11281,30.573530715362114
13299,2008,4034,12416,32.490335051546396
13299,2012,3900,11939,32.66605243320211
13299,2016,3440,12184,28.233749179251475
13299,2020,4211,56768,7.417911499436302
13299,2024,4068,14392,28.265703168426903
13301,2000,1196,2145,55.757575757575765
13301,2004,1360,2489,54.640417838489356
13301,2008,1554,2660,58.42105263157895
13301,2012,1529,2526,60.5304829770388
13301,2016,1314,2334,56.29820051413882
13301,2020,1469,10604,13.85326291965296
13301,2024,1354,2592,52.23765432098766
13303,2000,3476,6691,51.95038110895233
13303,2004,3733,7847,47.57232063208869
13303,2008,4607,8863,51.9801421640528
13303,2012,4714,8808,53.51952770208901
13303,2016,4200,8461,49.63952251506914
13303,2020,4730,37836,12.501321492758219
13303,2024,4643,9493,48.9097229537554
13305,2000,2736,8004,34.18290854572714
13305,2004,2683,9542,28.11779501152798
13305,2008,2858,10560,27.064393939393938
13305,2012,2596,10269,25.279968838251047
13305,2016,2041,10413,19.600499375780274
13305,2020,2687,51112,5.257082485521991
13305,2024,2708,13561,19.969028832681957
13307,2000,541,909,59.515951595159514
13307,2004,515,1004,51.29482071713147
13307,2008,515,1111,46.35463546354636
13307,2012,582,1187,49.03117101937658
13307,2016,473,1116,42.38351254480286
13307,2020,639,5560,11.492805755395684
13307,2024,544,1336,40.718562874251496
13309,2000,752,1575,47.74603174603175
13309,2004,847,2049,41.337237676915564
13309,2008,794,2210,35.92760180995475
13309,2012,772,2160,35.74074074074074
13309,2016,646,2102,30.73263558515699
13309,2020,689,9140,7.538293216630197
13309,2024,622,2276,27.3286467486819
13311,2000,2014,7043,28.595768848502058
13311,2004,2016,9483,21.259095223030684
13311,2008,2174,10761,20.202583403029458
13311,2012,1671,10488,15.9324942791762
13311,2016,1674,11823,14.15884293326567
13311,2020,2411,59264,4.068237041036717
13311,2024,2609,16825,15.506686478454682
13313,2000,7034,23302,30.186250107286927
13313,2004,6933,26356,26.30520564577326
13313,2008,8167,27677,29.50825595259602
13313,2012,7210,26876,26.826908766185444
13313,2016,7937,30658,25.88883814991193
13313,2020,10670,146984,7.2592935285473255
13313,2024,10953,39828,27.500753238927388
13315,2000,962,2365,40.676532769556026
13315,2004,902,2613,34.51970914657482
13315,2008,978,3163,30.920012646221938
13315,2012,1060,3129,33.87663790348354
13315,2016,852,2976,28.62903225806452
13315,2020,862,13124,6.568119475769582
13315,2024,847,3347,25.30624439796833
13317,2000,1940,4026,48.18678589170393
13317,2004,2028,4543,44.640105657054804
13317,2008,2315,5052,45.82343626286619
13317,2012,2087,4761,43.835328712455365
13317,2016,1848,4486,41.19482835488186
13317,2020,2160,20116,10.737721216941738
13317,2024,2112,5098,41.42801098469988
13319,2000,1884,3740,50.37433155080214
13319,2004,2235,4514,49.51262738147984
13319,2008,2298,4673,49.17611812540124
13319,2012,2181,4450,49.01123595505618
13319,2016,1894,4287,44.180079309540474
13319,2020,2075,19080,10.875262054507337
13319,2024,2012,4908,40.99429502852486
13321,2000,2214,6061,36.52862563933345
13321,2004,2219,7348,30.198693522046817
13321,2008,2542,8370,30.37037037037037
13321,2012,2487,8419,29.54032545432949
13321,2016,2020,8295,24.35201928872815
13321,2020,2395,37140,6.4485729671513194
13321,2024,2300,9309,24.707272531958317
15001,2000,28670,50860,56.37042862760519
15001,2004,35116,57702,60.857509271775676
15001,2008,50819,66916,75.94446769083628
15001,2012,47224,63454,74.422416238535
15001,2016,41259,64867,63.60553131792746
15001,2020,58731,87814,66.8811351265174
15001,2024,52163,82823,62.981297465679816
15003,2000,139618,255990,54.54041173483339
15003,2004,152500,298547,51.080734356734446
15003,2008,214239,306813,69.82722374866775
15003,2012,204349,296742,68.86419852936221
15003,2016,175696,285790,61.47730851324399
15003,2020,238866,382102,62.51367435920252
15003,2024,204301,340921,59.926199911416425
15007,2000,13470,21773,61.86561337436274
15007,2004,14916,24876,59.961408586589485
15007,2008,20416,27224,74.99265354099323
15007,2012,18641,25372,73.470755163172
15007,2016,16456,26335,62.487184355420546
15007,2020,21225,33497,63.36388333283578
15007,2024,17675,30064,58.7912453432677
15009,2000,23484,39248,59.83489604565838
15009,2004,28803,47430,60.72738772928526
15009,2008,39727,51789,76.70933982119756
15009,2012,36052,48653,74.10026103220767
15009,2016,33480,51945,64.45278660121282
15009,2020,47305,71044,66.58549631214458
15009,2024,38905,62893,61.85903041673954
16001,2000,40650,123485,32.91897801352391
16001,2004,58523,155002,37.75628701565141
16001,2008,82236,179402,45.83895385781652
16001,2012,77137,180546,42.7242918702159
16001,2016,75677,195669,38.676029417025696
16001,2020,120539,259389,46.47035919025094
16001,2024,116116,267419,43.42099850795942
16003,2000,336,1909,17.600838135149292
16003,2004,555,2063,26.90256907416384
16003,2008,728,2320,31.379310344827587
16003,2012,577,2060,28.009708737864074
16003,2016,415,2183,19.0105359596885
16003,2020,591,2586,22.8538283062645
16003,2024,577,2681,21.521820216337186
16005,2000,10892,30852,35.304032153507066
16005,2004,12903,34843,37.031828487788076
16005,2008,14792,35105,42.136447799458765
16005,2012,13214,35260,37.4758933635848
16005,2016,10342,33416,30.9492458702418
16005,2020,14682,39553,37.11981392056229
16005,2024,14306,39976,35.78647188312988
16007,2000,517,2899,17.833735770955503
16007,2004,494,3040,16.25
16007,2008,502,2943,17.057424396873937
16007,2012,302,2822,10.701630049610205
16007,2016,255,2928,8.709016393442623
16007,2020,350,3315,10.558069381598793
16007,2024,346,3325,10.406015037593985
16009,2000,895,3687,24.27447789530784
16009,2004,1148,4047,28.366691376328145
16009,2008,1407,4164,33.789625360230545
16009,2012,1164,3884,29.96910401647786
16009,2016,770,4185,18.39904420549582
16009,2020,977,4973,19.64608887995174
16009,2024,935,5145,18.172983479105927
16011,2000,3310,14465,22.88282060145178
16011,2004,3605,16564,21.764066650567496
16011,2008,4424,17155,25.788399883415913
16011,2012,3822,17603,21.712208146338693
16011,2016,2924,16625,17.58796992481203
16011,2020,4124,19996,20.624124824964994
16011,2024,3878,20651,18.778751634303422
16013,2000,3748,7938,47.2159234063996
16013,2004,5992,10146,59.05775675142914
16013,2008,6947,10571,65.71752908901712
16013,2012,5992,10194,58.779674318226405
16013,2016,6416,10724,59.828422230511
16013,2020,8919,13289,67.11565956806382
16013,2024,8424,13089,64.35938574375429
16015,2000,745,3055,24.386252045826513
16015,2004,970,3527,27.50212645307627
16015,2008,1240,3773,32.865094089583884
16015,2012,1053,3445,30.566037735849054
16015,2016,777,3814,20.37231253277399
16015,2020,1204,4820,24.979253112033195
16015,2024,1065,4910,21.69042769857434
16017,2000,4318,14537,29.70351516819151
16017,2004,6649,17681,37.60533906453255
16017,2008,7840,19547,40.10845654064562
16017,2012,6500,18536,35.06689684937419
16017,2016,5819,20943,27.784940075442872
16017,2020,8310,27335,30.400585330162794
16017,2024,7650,29710,25.74890609222484
16019,2000,7235,33556,21.560972702348312
16019,2004,8356,38871,21.496745645854233
16019,2008,11417,41703,27.376927319377504
16019,2012,9903,43213,22.916714877467427
16019,2016,8930,44221,20.194025463015308
16019,2020,14254,53995,26.398740624131868
16019,2024,14458,56436,25.618399603090225
16021,2000,832,3884,21.421215242018537
16021,2004,1268,4378,28.96299680219278
16021,2008,1484,4733,31.354320726811746
16021,2012,1225,4544,26.95862676056338
16021,2016,933,5163,18.070889018012785
16021,2020,1220,6313,19.325201964200854
16021,2024,1145,7110,16.10407876230661
16023,2000,354,1460,24.246575342465754
16023,2004,321,1406,22.83072546230441
16023,2008,318,1410,22.5531914893617
16023,2012,258,1286,20.06220839813375
16023,2016,160,1230,13.008130081300814
16023,2020,188,1415,13.286219081272085
16023,2024,185,1494,12.382864792503346
16025,2000,113,507,22.287968441814595
16025,2004,139,595,23.361344537815125
16025,2008,187,618,30.258899676375407
16025,2012,159,578,27.508650519031143
16025,2016,110,590,18.64406779661017
16025,2020,149,754,19.76127320954907
16025,2024,153,728,21.016483516483518
16027,2000,10588,43000,24.623255813953488
16027,2004,13415,55692,24.087840264310852
16027,2008,20147,64246,31.359150764249915
16027,2012,19866,66090,30.05901044030867
16027,2016,16883,72785,23.195713402486774
16027,2020,25881,90410,28.626258157283484
16027,2024,25669,101030,25.40730476096209
16029,2000,475,3177,14.951211835064527
16029,2004,491,3281,14.964949710454128
16029,2008,553,3302,16.747425802543916
16029,2012,386,3052,12.647444298820446
16029,2016,271,3035,8.929159802306424
16029,2020,431,3416,12.617096018735364
16029,2024,445,3456,12.876157407407407
16031,2000,1087,7279,14.933369968402252
16031,2004,1153,7821,14.742360311980566
16031,2008,1332,7842,16.985462892119358
16031,2012,1098,8396,13.07765602667937
16031,2016,1036,8178,12.668134018097335
16031,2020,1464,9629,15.204071035413854
16031,2024,1359,9558,14.218455743879474
16033,2000,63,382,16.49214659685864
16033,2004,46,353,13.031161473087819
16033,2008,64,375,17.066666666666666
16033,2012,66,328,20.121951219512198
16033,2016,44,283,15.547703180212014
16033,2020,41,311,13.183279742765272
16033,2024,50,333,15.015015015015015
16035,2000,841,3896,21.586242299794662
16035,2004,1117,4034,27.689638076351013
16035,2008,1211,3906,31.00358422939068
16035,2012,1032,3696,27.92207792207792
16035,2016,704,3801,18.521441725861614
16035,2020,877,4419,19.846119031455082
16035,2024,774,4420,17.51131221719457
16037,2000,416,2330,17.854077253218883
16037,2004,559,2358,23.706530958439355
16037,2008,611,2352,25.977891156462583
16037,2012,530,2352,22.534013605442176
16037,2016,427,2414,17.688483844241922
16037,2020,603,2739,22.015334063526833
16037,2024,586,2650,22.11320754716981
16039,2000,1840,6966,26.414010910134937
16039,2004,1959,8059,24.30822682714977
16039,2008,2591,8436,30.713608345187293
16039,2012,2513,8001,31.408573928258964
16039,2016,1814,8522,21.286083079089416
16039,2020,2601,10205,25.4875061244488
16039,2024,2611,10672,24.46589205397301
16041,2000,513,4243,12.090502003299552
16041,2004,456,5054,9.022556390977442
16041,2008,600,5073,11.827321111768184
16041,2012,325,5600,5.803571428571429
16041,2016,385,5499,7.001272958719768
16041,2020,657,6664,9.858943577430972
16041,2024,703,7184,9.785634743875278
16043,2000,699,5088,13.73820754716981
16043,2004,741,5769,12.844513780551223
16043,2008,1065,5880,18.112244897959183
16043,2012,810,5802,13.960703205791106
16043,2016,651,5715,11.391076115485564
16043,2020,998,6719,14.853400803691025
16043,2024,954,6803,14.02322504777304
16045,2000,1346,5983,22.497075045963562
16045,2004,1628,7134,22.820297168488928
16045,2008,2166,7947,27.25556813892035
16045,2012,1957,7490,26.128170894526036
16045,2016,1229,7954,15.451345235101835
16045,2020,1803,9958,18.10604539064069
16045,2024,1699,10620,15.998116760828626
16047,2000,1282,5026,25.507361719060885
16047,2004,1278,5325,24
16047,2008,1489,5391,27.620107586718607
16047,2012,1287,5118,25.146541617819462
16047,2016,930,5191,17.915623193989596
16047,2020,1256,6050,20.760330578512395
16047,2024,1100,5918,18.587360594795538
16049,2000,1187,7452,15.92860976918948
16049,2004,1689,7965,21.20527306967985
16049,2008,2017,8210,24.56760048721072
16049,2012,1708,7837,21.794053847135384
16049,2016,1196,8233,14.526903923235759
16049,2020,1561,9602,16.257029785461363
16049,2024,1460,9867,14.79679740549306
16051,2000,1100,7836,14.037774374680959
16051,2004,1084,8906,12.171569728273074
16051,2008,1641,10441,15.716885355808829
16051,2012,1303,11381,11.448906071522714
16051,2016,976,11475,8.505446623093682
16051,2020,1661,14173,11.719466591406196
16051,2024,1891,15820,11.953223767383058
16053,2000,1360,6007,22.64025303812219
16053,2004,1344,6580,20.425531914893615
16053,2008,1794,6847,26.201256024536296
16053,2012,1699,6681,25.430324801676395
16053,2016,1329,6751,19.685972448526144
16053,2020,1893,7812,24.23195084485407
16053,2024,1742,7946,21.922980115781527
16055,2000,13488,43812,30.78608600383457
16055,2004,17584,54596,32.207487728038686
16055,2008,22120,61932,35.71659239165537
16055,2012,18851,59828,31.508658153373005
16055,2016,16264,66310,24.527220630372494
16055,2020,24312,89467,27.174265371589524
16055,2024,22113,96365,22.947128106677734
16057,2000,5661,15311,36.97341780419306
16057,2004,8430,17547,48.04240041032655
16057,2008,9195,17714,51.908095291859546
16057,2012,8306,16759,49.561429679575156
16057,2016,8093,18173,44.53309855279811
16057,2020,10236,20570,49.76178901312591
16057,2024,9039,20461,44.176726455207465
16059,2000,660,3641,18.12688821752266
16059,2004,915,4053,22.575869726128794
16059,2008,1061,4105,25.846528623629723
16059,2012,960,4110,23.357664233576642
16059,2016,733,4096,17.8955078125
16059,2020,1032,4738,21.78134233853947
16059,2024,1038,4874,21.296676241280263
16061,2000,335,1688,19.845971563981042
16061,2004,440,1820,24.175824175824175
16061,2008,479,1804,26.55210643015521
16061,2012,396,1614,24.53531598513011
16061,2016,270,1590,16.9811320754717
16061,2020,349,1870,18.663101604278076
16061,2024,305,1846,16.522210184182015
16063,2000,437,1574,27.763659466327827
16063,2004,466,1875,24.85333333333333
16063,2008,545,1870,29.144385026737968
16063,2012,469,1662,28.219013237063777
16063,2016,360,1748,20.59496567505721
16063,2020,414,1940,21.34020618556701
16063,2024,392,1917,20.448617631716225
16065,2000,816,8970,9.096989966555185
16065,2004,826,11637,7.0980493254275165
16065,2008,1627,13057,12.460749023512292
16065,2012,832,14412,5.772966971967804
16065,2016,1201,15688,7.655532891381949
16065,2020,2666,17112,15.579710144927535
16065,2024,2767,17363,15.936186142947648
16067,2000,1344,6518,20.619822031297943
16067,2004,1331,7200,18.48611111111111
16067,2008,1630,6890,23.657474600870827
16067,2012,1390,6973,19.934031263444716
16067,2016,1167,6871,16.9844273031582
16067,2020,1550,7993,19.39196797197548
16067,2024,1373,7948,17.274786109713137
16069,2000,4995,16021,31.177829099307157
16069,2004,6476,17700,36.58757062146893
16069,2008,7123,17823,39.96521348818941
16069,2012,6451,16848,38.28941120607787
16069,2016,4828,17201,28.06813557351317
16069,2020,6686,20967,31.888205274955883
16069,2024,5928,20135,29.441271417928977
16071,2000,307,1798,17.07452725250278
16071,2004,304,2133,14.252226910454757
16071,2008,381,2162,17.622571692876964
16071,2012,217,2089,10.38774533269507
16071,2016,184,2068,8.897485493230175
16071,2020,249,2451,10.159118727050185
16071,2024,253,2457,10.297110297110297
16073,2000,623,3188,19.542032622333753
16073,2004,685,3590,19.080779944289695
16073,2008,944,4058,23.262690980778707
16073,2012,833,3724,22.36842105263158
16073,2016,591,3925,15.05732484076433
16073,2020,816,4742,17.207929143821172
16073,2024,756,4950,15.272727272727273
16075,2000,1643,6858,23.95742198891805
16075,2004,1848,8180,22.591687041564793
16075,2008,2415,8613,28.039010797631487
16075,2012,2271,8495,26.73337257210124
16075,2016,1507,8704,17.313878676470587
16075,2020,2161,11293,19.13574780837687
16075,2024,2064,11761,17.549528101351928
16077,2000,755,2709,27.870062753783685
16077,2004,829,2958,28.025693035835026
16077,2008,1027,2842,36.13652357494722
16077,2012,982,2903,33.827075439200826
16077,2016,699,2758,25.34445250181291
16077,2020,865,3074,28.13923227065712
16077,2024,785,3021,25.984773253889443
16079,2000,2225,5385,41.318477251624884
16079,2004,2331,5337,43.676222596964585
16079,2008,2521,5666,44.49346981997882
16079,2012,2277,5148,44.230769230769226
16079,2016,1384,5120,27.03125
16079,2020,1693,6049,27.988097206149774
16079,2024,1472,6132,24.00521852576647
16081,2000,720,2671,26.956196181205538
16081,2004,1416,3690,38.3739837398374
16081,2008,2302,4658,49.42035208243882
16081,2012,1926,4523,42.58235684280345
16081,2016,2159,4976,43.388263665594856
16081,2020,3318,6347,52.276666141484164
16081,2024,3463,6698,51.70200059719319
16083,2000,5777,22530,25.64136706613404
16083,2004,6458,26435,24.429733308114244
16083,2008,8621,28344,30.41560824160316
16083,2012,7541,28142,26.796247601449792
16083,2016,6233,29874,20.864296712860682
16083,2020,9391,36501,25.728062244870003
16083,2024,9064,37383,24.246315169997057
16085,2000,1129,3978,28.38109602815485
16085,2004,1843,4772,38.62112321877619
16085,2008,2405,5296,45.411631419939575
16085,2012,2095,4919,42.589957308396016
16085,2016,1913,5349,35.763694148438965
16085,2020,2976,7063,42.13507008353391
16085,2024,2869,7240,39.62707182320442
16087,2000,980,4070,24.078624078624077
16087,2004,1033,4359,23.698095893553567
16087,2008,1241,4506,27.5410563692854
16087,2012,1104,4330,25.496535796766747
16087,2016,776,4455,17.418630751964084
16087,2020,1073,5344,20.07859281437126
16087,2024,1010,5555,18.181818181818183
17001,2000,12197,30109,40.50948221462021
17001,2004,10511,31477,33.39263589287416
17001,2008,11794,30823,38.26363429906239
17001,2012,9648,30607,31.522200803737704
17001,2016,7676,31951,24.02428718975932
17001,2020,8633,33527,25.749396009186626
17001,2024,8111,31766,25.533589372284833
17003,2000,2357,4022,58.60268523122825
17003,2004,2016,3873,52.05267234701781
17003,2008,2189,3937,55.600711201422406
17003,2012,1965,3501,56.12682090831191
17003,2016,1262,2846,44.34293745607871
17003,2020,1114,2618,42.55156608097785
17003,2024,904,2271,39.806252752091595
17005,2000,3060,7032,43.515358361774744
17005,2004,3228,7369,43.80512959696024
17005,2008,3843,7924,48.49823321554771
17005,2012,3020,7336,41.16684841875682
17005,2016,2068,7530,27.46347941567065
17005,2020,2288,8145,28.09085328422345
17005,2024,2117,7991,26.49230384182205
17007,2000,6481,15523,41.75095020292469
17007,2004,8286,19541,42.403152346348705
17007,2008,11333,22157,51.14862120323148
17007,2012,9883,21365,46.257898432014976
17007,2016,8986,23001,39.067866614495024
17007,2020,10542,24979,42.20345089875495
17007,2024,10159,24256,41.88242084432718
17009,2000,1077,2660,40.48872180451128
17009,2004,895,2585,34.622823984526114
17009,2008,986,2569,38.38069287660568
17009,2012,787,2364,33.29103214890017
17009,2016,476,2379,20.008406893652793
17009,2020,486,2521,19.2780642602142
17009,2024,467,2455,19.022403258655803
17011,2000,7754,16823,46.09166022707008
17011,2004,7961,17902,44.46989163221986
17011,2008,8889,17113,51.942967334774735
17011,2012,8134,16631,48.90866454212014
17011,2016,6029,16571,36.382837487176396
17011,2020,6669,17434,38.252839279568654
17011,2024,5900,15999,36.877304831551974
17013,2000,1310,2602,50.34588777863183
17013,2004,1367,2706,50.517368810051735
17013,2008,1423,2699,52.72323082623194
17013,2012,1080,2576,41.92546583850932
17013,2016,739,2571,28.743679502139248
17013,2020,677,2772,24.422799422799425
17013,2024,560,2680,20.8955223880597
17015,2000,3113,7177,43.374669081789044
17015,2004,3537,8135,43.47879532882606
17015,2008,3965,7674,51.66796976804795
17015,2012,3665,7386,49.62090441375576
17015,2016,2447,7445,32.86769644056414
17015,2020,2748,8024,34.24725822532403
17015,2024,2600,7840,33.16326530612245
17017,2000,2789,5899,47.27919986438379
17017,2004,2492,5700,43.719298245614034
17017,2008,2690,5408,49.74112426035503
17017,2012,2053,4862,42.225421637186344
17017,2016,1621,5124,31.635441061670573
17017,2020,1615,5317,30.374271205567048
17017,2024,1438,5241,27.437511925205115
17019,2000,35515,74285,47.80911354916874
17019,2004,41524,82434,50.37241914743916
17019,2008,48597,84143,57.7552499910866
17019,2012,40831,78359,52.10760729463112
17019,2016,50137,91628,54.71799013402017
17019,2020,57067,95142,59.980870698534815
17019,2024,54314,89581,60.631160625579085
17021,2000,6799,14771,46.02938189696026
17021,2004,6112,15267,40.0340603916945
17021,2008,6918,15100,45.814569536423846
17021,2012,5494,14701,37.371607373648054
17021,2016,3992,15459,25.82314509347306
17021,2020,4335,16204,26.75265366576154
17021,2024,4026,15545,25.89900289482149
17023,2000,2932,7512,39.03088391906283
17023,2004,2877,8007,35.93106032221806
17023,2008,3742,8288,45.1496138996139
17023,2012,2591,7860,32.964376590330794
17023,2016,1877,7928,23.675580221997983
17023,2020,1993,8356,23.85112494016276
17023,2024,1927,8206,23.482817450645868
17025,2000,2212,6135,36.055419722901384
17025,2004,2101,6554,32.056759231003966
17025,2008,2425,6454,37.573597768825536
17025,2012,1584,5908,26.811103588354772
17025,2016,1020,6350,16.062992125984252
17025,2020,1129,6886,16.3955852454255
17025,2024,1054,6769,15.570985374501403
17027,2000,6436,15427,41.719063978738575
17027,2004,6797,17131,39.67660965501138
17027,2008,7657,17314,44.22432713411112
17027,2012,5596,16450,34.01823708206687
17027,2016,3945,17419,22.64768356392445
17027,2020,4493,19170,23.437663015127804
17027,2024,4447,19230,23.12532501300052
17029,2000,8904,20093,44.3139401781715
17029,2004,9566,22780,41.99297629499561
17029,2008,11716,23076,50.77136418790084
17029,2012,9262,21358,43.36548365951868
17029,2016,7309,21863,33.43091067099666
17029,2020,8067,22606,35.685216314252855
17029,2024,7495,21507,34.84911889152369
17031,2000,1280547,1865907,68.62866155708724
17031,2004,1439724,2049434,70.24983483244642
17031,2008,1629024,2137466,76.21286139756141
17031,2012,1488537,2011597,73.99777390799449
17031,2016,1611946,2158615,74.67501152359267
17031,2020,1725973,2321486,74.34776690447413
17031,2024,1447821,2079239,69.63225487786637
17033,2000,3333,8500,39.21176470588235
17033,2004,3194,9332,34.226318045435065
17033,2008,3883,9129,42.53477927483843
17033,2012,2858,8609,33.19781623881984
17033,2016,1992,8728,22.823098075160402
17033,2020,2202,9425,23.36339522546419
17033,2024,2048,8935,22.921096810296586
17035,2000,1870,4975,37.58793969849246
17035,2004,1862,5416,34.37961595273264
17035,2008,2055,5321,38.6205600451043
17035,2012,1641,5295,30.991501416430594
17035,2016,1031,5567,18.519849110831686
17035,2020,1142,5832,19.58161865569273
17035,2024,1059,5769,18.356734269370776
17037,2000,14798,33233,44.52802936839888
17037,2004,19263,40768,47.25029434850864
17037,2008,25784,44818,57.53045651300817
17037,2012,21207,41092,51.60858561277134
17037,2016,20466,43600,46.940366972477065
17037,2020,24643,47825,51.52744380554104
17037,2024,23648,47401,49.889242842978
17039,2000,2870,7051,40.70344631967097
17039,2004,2836,7798,36.36829956399077
17039,2008,3308,7801,42.40481989488527
17039,2012,2601,7345,35.41184479237577
17039,2016,1910,7543,25.321490123293124
17039,2020,2191,8024,27.305583250249256
17039,2024,2058,7758,26.527455529775718
17041,2000,3215,8152,39.43817468105986
17041,2004,2767,8540,32.40046838407494
17041,2008,3228,8356,38.630923887027286
17041,2012,2430,7897,30.771178928707105
17041,2016,1949,8169,23.85848941118864
17041,2020,2335,8738,26.72236209658961
17041,2024,2198,8410,26.135552913198573
17043,2000,152550,364362,41.86770299866616
17043,2004,180097,402446,44.750600080507695
17043,2008,228698,417973,54.71597447682027
17043,2012,199460,401079,49.73085102934833
17043,2016,228622,428769,53.320552558603815
17043,2020,281222,485104,57.97148652660048
17043,2024,251164,456882,54.9734942501565
17045,2000,3216,8232,39.067055393586
17045,2004,3093,8429,36.69474433503381
17045,2008,3743,8255,45.34221683827983
17045,2012,2565,7819,32.80470648420514
17045,2016,1793,7873,22.774037850882763
17045,2020,1887,8196,23.023426061493414
17045,2024,1816,7912,22.95247724974722
17047,2000,978,3260,30
17047,2004,930,3364,27.645659928656364
17047,2008,1140,3350,34.02985074626866
17047,2012,754,3228,23.35811648079306
17047,2016,434,3347,12.966835972512698
17047,2020,488,3366,14.497920380273321
17047,2024,457,3289,13.894800851322591
17049,2000,4225,14485,29.168104936140836
17049,2004,4388,16278,26.956628578449443
17049,2008,5262,16835,31.25631125631126
17049,2012,3861,16613,23.240835490278698
17049,2016,3083,17609,17.50809245272304
17049,2020,3716,19049,19.50758570003675
17049,2024,3617,19084,18.95304967512052
17051,2000,3886,9338,41.61490683229814
17051,2004,3571,9549,37.39658602995078
17051,2008,3967,9680,40.981404958677686
17051,2012,2853,8971,31.802474640508304
17051,2016,1819,9585,18.977569118414188
17051,2020,1826,10056,18.158313444709627
17051,2024,1632,9601,16.99822935110926
17053,2000,2090,6153,33.967170485941814
17053,2004,1912,6479,29.51072696403766
17053,2008,2227,6386,34.87316003758221
17053,2012,1656,6006,27.57242757242757
17053,2016,1414,6396,22.107567229518448
17053,2020,1754,6953,25.2265209262189
17053,2024,1643,6553,25.07248588432779
17055,2000,10201,19212,53.09702269414949
17055,2004,8816,19352,45.55601488218272
17055,2008,8880,18641,47.63692934928383
17055,2012,7254,17914,40.49346879535559
17055,2016,4727,18711,25.263214152103043
17055,2020,4760,18626,25.555674863094595
17055,2024,4257,17692,24.061722812570654
17057,2000,8940,16277,54.924126067457145
17057,2004,9080,17035,53.302025242148524
17057,2008,9732,16323,59.621393126263555
17057,2012,8328,15356,54.232873144047936
17057,2016,6133,15797,38.823827308982715
17057,2020,6503,16678,38.99148578966303
17057,2024,5980,16144,37.0416253716551
17059,2000,1878,3558,52.78246205733558
17059,2004,1573,3225,48.775193798449614
17059,2008,1587,2859,55.508919202518356
17059,2012,1029,2573,39.99222697240575
17059,2016,657,2707,24.270410048023642
17059,2020,622,2674,23.261032161555722
17059,2024,561,2530,22.17391304347826
17061,2000,2490,5767,43.176694988728975
17061,2004,2457,6068,40.49110085695452
17061,2008,2619,5807,45.100740485620804
17061,2012,2023,5622,35.983635716826754
17061,2016,1205,5585,21.575649059982094
17061,2020,1349,6227,21.66372249879557
17061,2024,1220,6056,20.145310435931307
17063,2000,7516,16584,45.320791123974914
17063,2004,8463,19831,42.67560889516414
17063,2008,11063,22171,49.89851607956339
17063,2012,9451,21244,44.48785539446432
17063,2016,8065,23237,34.70757843095063
17063,2020,9626,26691,36.06459106065715
17063,2024,9143,26589,34.38640039113919
17065,2000,1943,4587,42.358840200566824
17065,2004,1814,4514,40.18608772707133
17065,2008,1796,4264,42.12007504690432
17065,2012,1269,3941,32.19994925145902
17065,2016,802,4166,19.251080172827653
17065,2020,824,4315,19.09617612977984
17065,2024,739,4181,17.67519732121502
17067,2000,4256,9691,43.917036425549476
17067,2004,3975,9899,40.15557126982524
17067,2008,4141,9469,43.73217868835147
17067,2012,3650,9111,40.061464164197126
17067,2016,2139,9121,23.451375945619997
17067,2020,2315,9383,24.67227965469466
17067,2024,2183,9065,24.081632653061224
17069,2000,1184,2637,44.899507015547975
17069,2004,923,2437,37.874435781698814
17069,2008,892,2255,39.55654101995565
17069,2012,742,2330,31.84549356223176
17069,2016,420,2148,19.553072625698324
17069,2020,449,2162,20.767807585568917
17069,2024,357,1926,18.53582554517134
17071,2000,2030,3866,52.50905328504915
17071,2004,2269,4153,54.63520346737298
17071,2008,2215,3814,58.075511274252754
17071,2012,1978,3568,55.4372197309417
17071,2016,1155,3518,32.83115406480955
17071,2020,1187,3647,32.547299149986294
17071,2024,1026,3464,29.618937644341802
17073,2000,11921,23470,50.7925010651896
17073,2004,11877,25241,47.05439562616378
17073,2008,13181,24785,53.181359693362914
17073,2012,12332,24322,50.70306718197517
17073,2016,8871,24643,35.99805218520472
17073,2020,9797,25635,38.21728106104935
17073,2024,9226,25092,36.76869121632393
17075,2000,4397,13424,32.75476758045292
17075,2004,3832,13835,27.697867726779908
17075,2008,4643,13596,34.149749926448955
17075,2012,3413,12784,26.697434292866085
17075,2016,2504,13064,19.167176974892836
17075,2020,2908,14025,20.73440285204991
17075,2024,2747,13324,20.61693185229661
17077,2000,11773,23090,50.987440450411434
17077,2004,14300,25826,55.37055680322156
17077,2008,15248,25532,59.72113426288579
17077,2012,13319,24012,55.46809928369149
17077,2016,11634,24617,47.26002356095381
17077,2020,11181,22643,49.379499182970456
17077,2024,11394,22465,50.71889606053862
17079,2000,1815,5021,36.148177653853814
17079,2004,1781,5336,33.37706146926537
17079,2008,2063,5131,40.206587409861626
17079,2012,1436,5043,28.47511401943288
17079,2016,924,5136,17.990654205607477
17079,2020,1007,5576,18.05954088952654
17079,2024,912,5425,16.811059907834103
17081,2000,6685,15360,43.52213541666667
17081,2004,6713,16948,39.609393438753834
17081,2008,7462,17141,43.533049413686484
17081,2012,6089,16320,37.310049019607845
17081,2016,4425,16999,26.03094299664686
17081,2020,4608,17404,26.476672029418523
17081,2024,4240,16662,25.447125195054614
17083,2000,4355,9413,46.26580261340699
17083,2004,4597,10137,45.34872250172635
17083,2008,5042,10583,47.64244543135217
17083,2012,3667,9959,36.820965960437796
17083,2016,2679,10991,24.37448821763261
17083,2020,2961,11937,24.805227444081428
17083,2024,2816,11694,24.080725158200785
17085,2000,4585,10322,44.41968610734354
17085,2004,5311,11584,45.84772099447514
17085,2008,6403,11750,54.4936170212766
17085,2012,5667,11429,49.58439058535305
17085,2016,4462,11334,39.3682724545615
17085,2020,5109,12496,40.885083226632524
17085,2024,5051,12414,40.6879329788948
17087,2000,1928,5362,35.95673256247669
17087,2004,1813,5865,30.912190963341857
17087,2008,1871,5901,31.706490425351635
17087,2012,1572,5672,27.71509167842031
17087,2016,1142,6089,18.755132205616686
17087,2020,1281,6437,19.900574801926364
17087,2024,1241,6103,20.334261838440113
17089,2000,60127,141405,42.521127258583505
17089,2004,75922,171715,44.21395917654253
17089,2008,106756,193299,55.22842849678477
17089,2012,90332,181642,49.7307891346715
17089,2016,103665,199314,52.01089737800656
17089,2020,130166,231876,56.1360382273284
17089,2024,120077,223534,53.717555271233906
17091,2000,19180,40183,47.73162780280218
17091,2004,20003,45036,44.41557864819256
17091,2008,24750,48016,51.54531822725759
17091,2012,21595,45509,47.45215232151882
17091,2016,18971,47305,40.103583130747275
17091,2020,20271,49902,40.62161837200914
17091,2024,18399,47569,38.67855115726629
17093,2000,8444,22769,37.08551100180069
17093,2004,12374,32402,38.18900067897044
17093,2008,24742,46631,53.05912375887285
17093,2012,22471,47295,47.512422031927265
17093,2016,24884,53447,46.55827268134788
17093,2020,33168,63974,51.846062462875544
17093,2024,32977,66397,49.66640059038812
17095,2000,12572,23174,54.25045309398464
17095,2004,13403,24708,54.24558847336895
17095,2008,14191,23988,59.158746039686505
17095,2012,13451,23278,57.78417389810121
17095,2016,10083,22243,45.331115407094366
17095,2020,10703,23143,46.24724538737415
17095,2024,9838,22191,44.33328827001938
17097,2000,115058,242164,47.512429593168264
17097,2004,134352,275295,48.80292050345992
17097,2008,177242,299105,59.257451396666724
17097,2012,153757,287493,53.481997822555684
17097,2016,171095,303520,56.37025566684238
17097,2020,204032,334177,61.05506961879483
17097,2024,184642,310913,59.3870310987318
17099,2000,23355,46007,50.764014171756465
17099,2004,24263,50729,47.82865816396933
17099,2008,27443,50185,54.683670419448035
17099,2012,23073,47259,48.82244651812353
17099,2016,19543,49743,39.287940011659934
17099,2020,22442,53591,41.876434475938126
17099,2024,21029,52508,40.04913536984841
17101,2000,2822,6578,42.900577683186384
17101,2004,2518,6729,37.42012186060336
17101,2008,3016,6536,46.14443084455324
17101,2012,2011,5989,33.578226749039906
17101,2016,1290,6094,21.16836232359698
17101,2020,1419,6411,22.13383247543285
17101,2024,1283,6110,20.99836333878887
17103,2000,6111,14620,41.798905608755135
17103,2004,6416,15876,40.41320231796423
17103,2008,7765,16318,47.585488417698244
17103,2012,6937,15301,45.336906084569634
17103,2016,5528,15489,35.68984440570728
17103,2020,6407,16397,39.07422089406599
17103,2024,6105,16113,37.88866132936138
17105,2000,5829,15421,37.799105116399716
17105,2004,5632,16039,35.11440862896689
17105,2008,6189,15625,39.6096
17105,2012,5020,15039,33.379878981315244
17105,2016,4023,15269,26.34750147357391
17105,2020,4615,17174,26.87201583789449
17105,2024,4311,16549,26.049912381412778
17107,2000,4600,13065,35.20857252200536
17107,2004,4273,13467,31.72941263830103
17107,2008,5250,12896,40.710297766749385
17107,2012,3978,12053,33.004231311706626
17107,2016,3313,12401,26.71558745262479
17107,2020,3840,13294,28.88521137355198
17107,2024,3543,12564,28.199617956064948
17109,2000,6080,13012,46.7260989855518
17109,2004,7119,14929,47.68571237189363
17109,2008,6783,13042,52.00889434135869
17109,2012,5967,12454,47.91231732776618
17109,2016,5288,13092,40.39107852123434
17109,2020,4992,12285,40.63492063492063
17109,2024,4736,11972,39.55897093217507
17111,2000,40698,106185,38.327447379573385
17111,2004,50330,127948,39.33629286897802
17111,2008,72288,139268,51.905678260619815
17111,2012,59797,133844,44.676638474642125
17111,2016,60803,141750,42.894532627865964
17111,2020,78154,163879,47.690064010642
17111,2024,75370,162283,46.4435584750097
17113,2000,24936,60898,40.94715754211961
17113,2004,29877,71620,41.71600111700642
17113,2008,37689,75750,49.75445544554455
17113,2012,31883,73382,43.447984519364425
17113,2016,36196,79835,45.33851067827394
17113,2020,43933,87002,50.49654030941817
17113,2024,44495,86522,51.42622685559742
17115,2000,24262,49499,49.01513161882058
17115,2004,23341,51746,45.1068681637228
17115,2008,25487,51216,49.763745704467354
17115,2012,22780,48899,46.58581975091515
17115,2016,18343,48060,38.166874739908444
17115,2020,19847,49390,40.18424782344604
17115,2024,18009,45341,39.71901810723186
17117,2000,11015,21389,51.49843377437
17117,2004,11193,22785,49.12442396313364
17117,2008,12090,22373,54.03834979662987
17117,2012,9464,21010,45.04521656354117
17117,2016,6689,22360,29.915026833631487
17117,2020,7365,24022,30.65939555407543
17117,2024,6892,23425,29.421558164354323
17119,2000,59077,111104,53.172703052995395
17119,2004,63399,123678,51.261339931111436
17119,2008,68979,128334,53.749590911216046
17119,2012,58922,122473,48.110195716606924
17119,2016,50587,130179,38.85957028399358
17119,2020,57836,137139,42.1732694565368
17119,2024,56341,133072,42.33873391848022
17121,2000,8068,16663,48.41865210346276
17121,2004,7694,17224,44.670227589410125
17121,2008,8345,17364,48.05920294862935
17121,2012,6225,15764,39.48870844963207
17121,2016,4369,17074,25.588614267307015
17121,2020,4524,17458,25.91362126245847
17121,2024,4116,16762,24.555542298055126
17123,2000,2570,5907,43.50770272557982
17123,2004,2806,6584,42.61846901579587
17123,2008,3081,6333,48.64992894362861
17123,2012,2455,5850,41.965811965811966
17123,2016,1789,5984,29.89639037433155
17123,2020,2005,6334,31.654562677612887
17123,2024,1913,6127,31.22245797290681
17125,2000,3192,6772,47.13526284701713
17125,2004,3215,7183,44.75845746902408
17125,2008,3542,6808,52.02702702702703
17125,2012,2867,6272,45.71109693877551
17125,2016,2014,6486,31.05149552883133
17125,2020,1985,6766,29.337865799586165
17125,2024,1773,6374,27.81612802008158
17127,2000,2912,6744,43.1791221826809
17127,2004,2805,7424,37.78286637931034
17127,2008,2693,7186,37.47564709156694
17127,2012,2092,6495,32.20939183987683
17127,2016,1558,6683,23.31288343558282
17127,2020,1725,6813,25.31924262439454
17127,2024,1683,6676,25.20970641102457
17129,2000,2164,6202,34.89197033215092
17129,2004,2137,6574,32.506845147550955
17129,2008,2706,6464,41.86262376237624
17129,2012,2100,6151,34.14079011542839
17129,2016,1817,6515,27.889485801995395
17129,2020,2022,6928,29.18591224018476
17129,2024,1834,6431,28.51811537863474
17131,2000,4400,8318,52.89733108920414
17131,2004,4512,8974,50.27858257187431
17131,2008,4887,8848,55.23282097649186
17131,2012,4507,8534,52.812280290602295
17131,2016,3071,8525,36.023460410557185
17131,2020,3280,8893,36.88294163949173
17131,2024,2950,8346,35.346273664030676
17133,2000,5797,13796,42.019425920556685
17133,2004,6788,16370,41.46609651802077
17133,2008,7953,18083,43.98053420339546
17133,2012,6215,17432,35.652822395594306
17133,2016,5535,19354,28.59873927870208
17133,2020,6569,21148,31.062038963495365
17133,2024,6473,20902,30.968328389627786
17135,2000,6542,13093,49.96563048957458
17135,2004,5979,12930,46.24129930394432
17135,2008,6491,12871,50.43120192681221
17135,2012,5058,12133,41.68795846039726
17135,2016,3504,12978,26.999537679149327
17135,2020,3905,13727,28.447585051358637
17135,2024,3573,13203,27.062031356509884
17137,2000,5899,14334,41.15389981861309
17137,2004,5650,15180,37.22002635046113
17137,2008,7467,15353,48.635445841203676
17137,2012,5806,14096,41.18898978433598
17137,2016,4696,14800,31.729729729729726
17137,2020,5076,15309,33.15696649029982
17137,2024,4848,14677,33.03127342099884
17139,2000,2529,5725,44.174672489082965
17139,2004,2388,6466,36.93164243736467
17139,2008,2668,6260,42.61980830670927
17139,2012,2144,6057,35.39706125144461
17139,2016,1481,6283,23.571542256883653
17139,2020,1662,6744,24.644128113879006
17139,2024,1615,6528,24.739583333333336
17141,2000,7673,20601,37.24576476870055
17141,2004,9018,24091,37.433066290315885
17141,2008,11253,24850,45.28370221327968
17141,2012,9514,23367,40.715539008002736
17141,2016,8050,24193,33.27408754598438
17141,2020,9428,26272,35.88611449451888
17141,2024,8883,25799,34.431567115004455
17143,2000,38604,76812,50.25777222309015
17143,2004,41121,82771,49.680443633639804
17143,2008,45906,81704,56.18574366004112
17143,2012,40209,78411,51.279794926732215
17143,2016,38060,78503,48.482223609288816
17143,2020,43578,83973,51.895252045300275
17143,2024,40564,79138,51.257297379261544
17145,2000,4862,9942,48.90364111848722
17145,2004,4770,10425,45.75539568345324
17145,2008,4701,9995,47.03351675837919
17145,2012,3819,9549,39.99371661954132
17145,2016,2462,9853,24.98731350857607
17145,2020,2612,10053,25.982293842634043
17145,2024,2146,9248,23.205017301038062
17147,2000,3488,8385,41.59809183064997
17147,2004,3124,8586,36.384812485441415
17147,2008,3859,8999,42.88254250472275
17147,2012,3090,8707,35.488687263121626
17147,2016,2645,9008,29.36278863232682
17147,2020,3329,9822,33.89330075341071
17147,2024,3204,9508,33.69793857803954
17149,2000,3198,8112,39.42307692307692
17149,2004,2849,7980,35.70175438596491
17149,2008,3024,7616,39.705882352941174
17149,2012,2278,7286,31.265440570958003
17149,2016,1413,7530,18.764940239043824
17149,2020,1484,7949,18.669014970436532
17149,2024,1302,7509,17.339192968437874
17151,2000,927,2330,39.78540772532189
17151,2004,918,2436,37.68472906403941
17151,2008,845,2231,37.875392200806814
17151,2012,650,2222,29.252925292529252
17151,2016,375,2142,17.507002801120446
17151,2020,433,2175,19.908045977011493
17151,2024,416,2133,19.503047351148616
17153,2000,1518,3016,50.3315649867374
17153,2004,1372,3108,44.14414414414414
17153,2008,1638,3270,50.091743119266056
17153,2012,1389,3003,46.25374625374625
17153,2016,962,2735,35.17367458866545
17153,2020,891,2624,33.95579268292683
17153,2024,769,2381,32.29735405291894
17155,2000,1657,3179,52.123309216734825
17155,2004,1704,3352,50.83532219570406
17155,2008,1900,3337,56.93736889421637
17155,2012,1559,3135,49.728867623604465
17155,2016,1147,3111,36.869173899067825
17155,2020,1338,3390,39.469026548672566
17155,2024,1254,3334,37.6124775044991
17157,2000,6794,14287,47.55372016518513
17157,2004,6771,14956,45.27280021396095
17157,2008,7395,15202,48.644915142744374
17157,2012,5759,14392,40.015286270150085
17157,2016,3439,14194,24.228547273495842
17157,2020,3592,14891,24.121952857430664
17157,2024,3461,14333,24.147073187748553
17159,2000,2491,7428,33.535271943995696
17159,2004,2529,7749,32.63646922183507
17159,2008,3181,7650,41.58169934640522
17159,2012,2362,7282,32.43614391650645
17159,2016,1584,7684,20.614263404476834
17159,2020,1830,8063,22.696266898176855
17159,2024,1747,7755,22.527401676337846
17161,2000,37957,65095,58.31016207081957
17161,2004,39880,69972,56.99422626193334
17161,2008,42210,68401,61.709624128302224
17161,2012,39157,65016,60.226713424387846
17161,2016,32298,63994,50.470356595930866
17161,2020,36691,66758,54.96120315168219
17161,2024,34126,63458,53.7773015222667
17163,2000,55961,100393,55.74193419859951
17163,2004,62410,113189,55.137866753836505
17163,2008,76160,125744,60.567502226746406
17163,2012,67285,119466,56.3214638474545
17163,2016,60756,120580,50.38646541715044
17163,2020,68325,128091,53.34098414408507
17163,2024,63433,119962,52.877577899668225
17165,2000,5427,11650,46.58369098712446
17165,2004,4697,11814,39.757914338919925
17165,2008,5083,11428,44.478473923696185
17165,2012,3701,10720,34.524253731343286
17165,2016,2572,11384,22.59311314125088
17165,2020,2789,11066,25.203325501536238
17165,2024,2634,10605,24.83734087694484
17167,2000,38414,91485,41.9893971689348
17167,2004,38630,95375,40.50327653997379
17167,2008,51300,99828,51.38838802740714
17167,2012,42107,94297,44.65359449399239
17167,2016,40907,98373,41.58356459597654
17167,2020,48917,104752,46.69791507560715
17167,2024,46074,99171,46.45914632301782
17169,2000,1587,3772,42.073170731707314
17169,2004,1594,4031,39.54353758372612
17169,2008,1900,3823,49.69918911849333
17169,2012,1727,3890,44.39588688946016
17169,2016,1075,3828,28.082549634273775
17169,2020,1068,3906,27.342549923195087
17169,2024,961,3759,25.56530992285182
17171,2000,954,2469,38.639125151883356
17171,2004,927,2636,35.16691957511381
17171,2008,1090,2600,41.92307692307693
17171,2012,910,2555,35.61643835616438
17171,2016,535,2608,20.513803680981596
17171,2020,572,2737,20.898794300328827
17171,2024,488,2587,18.86354851178972
17173,2000,4018,10163,39.53557020564794
17173,2004,3744,10577,35.39756074501276
17173,2008,4245,10868,39.05962458594038
17173,2012,3342,10395,32.15007215007215
17173,2016,2288,11010,20.781108083560397
17173,2020,2504,12097,20.699346945523683
17173,2024,2240,11670,19.194515852613538
17175,2000,1211,2989,40.5152224824356
17175,2004,1189,3061,38.843515191114015
17175,2008,1357,2907,46.68042655658755
17175,2012,1095,2662,41.134485349361384
17175,2016,751,2743,27.378782355085672
17175,2020,815,2883,28.26916406520985
17175,2024,725,2761,26.25860195581311
17177,2000,8062,19378,41.60388068944164
17177,2004,8913,21320,41.80581613508443
17177,2008,11349,21605,52.52950705855126
17177,2012,10165,21055,48.27831868914747
17177,2016,7768,20343,38.185125104458535
17177,2020,9055,22048,41.06948476052249
17177,2024,8278,20995,39.428435341748035
17179,2000,25379,58348,43.495921025570716
17179,2004,25814,62338,41.40973403060734
17179,2008,29384,63854,46.01747737025089
17179,2012,24438,61048,40.03079543965404
17179,2016,20685,64400,32.119565217391305
17179,2020,24819,69052,35.94247813242195
17179,2024,24325,68027,35.75786084936863
17181,2000,3982,8660,45.981524249422634
17181,2004,3735,9119,40.95843842526593
17181,2008,3918,9116,42.97937691970162
17181,2012,3137,8282,37.87732431779764
17181,2016,2402,8537,28.136347663113504
17181,2020,2579,8886,29.023182534323656
17181,2024,2285,8226,27.77777777777778
17183,2000,15406,32100,47.993769470404985
17183,2004,14726,33714,43.679183721895946
17183,2008,16246,32872,49.42200048673644
17183,2012,12878,30314,42.482021508214025
17183,2016,10039,30570,32.839385017991496
17183,2020,10323,31584,32.684270516717326
17183,2024,9254,29549,31.317472672510068
17185,2000,1987,5508,36.074800290486564
17185,2004,1752,6006,29.170829170829172
17185,2008,2462,5782,42.5804219993082
17185,2012,1590,5134,30.970003895597976
17185,2016,1151,5464,21.06515373352855
17185,2020,1253,5593,22.40300375469337
17185,2024,1200,5377,22.317277292170353
17187,2000,3524,7631,46.18005503865811
17187,2004,3938,8457,46.56497575972567
17187,2008,4286,8029,53.38149209116951
17187,2012,4044,7793,51.89272423970229
17187,2016,2987,7807,38.26053541693352
17187,2020,3090,7909,39.069414590972315
17187,2024,2711,7447,36.40392104203035
17189,2000,2638,7138,36.95713084897731
17189,2004,2986,8104,36.84600197433367
17189,2008,3342,7932,42.13313161875946
17189,2012,2450,7405,33.08575286968264
17189,2016,1448,7427,19.496431937525248
17189,2020,1641,7902,20.76689445709947
17189,2024,1564,7562,20.682359164242264
17191,2000,2209,7693,28.714415702586766
17191,2004,2139,8287,25.81151200675757
17191,2008,2547,8071,31.55742782802627
17191,2012,1514,7680,19.713541666666668
17191,2016,1048,8261,12.68611548238712
17191,2020,1187,8486,13.987744520386519
17191,2024,1155,8275,13.957703927492446
17193,2000,2958,7637,38.73248657849941
17193,2004,3071,8301,36.99554270569811
17193,2008,3315,7453,44.47873339594794
17193,2012,2188,7064,30.973952434881085
17193,2016,1412,7335,19.250170415814587
17193,2020,1517,7421,20.441988950276244
17193,2024,1390,7067,19.668883543229093
17195,2000,12886,24837,51.88227241615332
17195,2004,13723,26873,51.06612585122614
17195,2008,15607,26906,58.00564929755445
17195,2012,14833,25654,57.819443361659
17195,2016,11035,25582,43.13579860839653
17195,2020,12253,27375,44.75981735159817
17195,2024,11012,26447,41.637992967066204
17197,2000,90902,191670,47.426305629467315
17197,2004,115625,246409,46.924016574069945
17197,2008,160406,286420,56.003770686404586
17197,2012,144229,277387,51.995587392343545
17197,2016,151927,300904,50.49018956211948
17197,2020,183915,345105,53.29247620289477
17197,2024,162874,327604,49.71673117544352
17199,2000,12192,26939,45.25780466980957
17199,2004,11685,29960,39.00200267022697
17199,2008,12914,30821,41.90000324454106
17199,2012,10647,29143,36.533644442919396
17199,2016,8581,31852,26.940223533844026
17199,2020,10206,33653,30.327162511514576
17199,2024,9890,33068,29.908068223055523
17201,2000,51981,109297,47.55940236237042
17201,2004,59740,121425,49.19909409100268
17201,2008,70034,126031,55.56886797692632
17201,2012,61732,118984,51.88260606468097
17201,2016,55713,118376,47.064438737581945
17201,2020,64056,127709,50.15778057928571
17201,2024,59942,121347,49.3971832843004
17203,2000,5529,16793,32.924432799380696
17203,2004,6005,18802,31.93809169237315
17203,2008,6999,19483,35.92362572499101
17203,2012,5572,18874,29.52209388576878
17203,2016,5092,19864,25.63431333064841
17203,2020,6160,21432,28.74206793579694
17203,2024,5958,21123,28.206220707285894
18001,2000,3775,12590,29.98411437648928
18001,2004,3512,13340,26.326836581709145
18001,2008,4928,13513,36.46858580626064
18001,2012,3806,13011,29.252171239720237
18001,2016,2805,13090,21.428571428571427
18001,2020,3236,14209,22.774297980153424
18001,2024,3179,13966,22.762423027352142
18003,2000,41636,114320,36.42057382785164
18003,2004,46710,129609,36.03916394694813
18003,2008,71263,150324,47.4062691253559
18003,2012,60036,146939,40.85777091173888
18003,2016,55382,147137,37.63975070852335
18003,2020,73189,169082,43.2860978696727
18003,2024,69960,163163,42.87736803074226
18005,2000,9015,25769,34.98389537816757
18005,2004,9191,28515,32.232158513063304
18005,2008,13567,31043,43.70389459781593
18005,2012,10625,29326,36.23064857123372
18005,2016,9841,32490,30.289319790704834
18005,2020,12934,36235,35.69477024975852
18005,2024,12525,35488,35.29362037871957
18007,2000,1328,3874,34.27981414558596
18007,2004,1135,3992,28.43186372745491
18007,2008,1563,3814,40.98059779758783
18007,2012,1159,3578,32.39239798770262
18007,2016,860,3666,23.458810692853245
18007,2020,1009,4114,24.52600875060768
18007,2024,1010,3954,25.543753161355585
18009,2000,2103,4893,42.979767014101775
18009,2004,1903,5380,35.37174721189591
18009,2008,2677,5441,49.20051461128469
18009,2012,1927,4743,40.62829432848408
18009,2016,1243,4839,25.687125439140317
18009,2020,1376,5351,25.71481965987666
18009,2024,1227,5136,23.890186915887853
18011,2000,4763,18396,25.891498151772126
18011,2004,5636,22898,24.613503362739102
18011,2008,9752,26647,36.596990280331745
18011,2012,8328,27737,30.024876518729492
18011,2016,10181,32178,31.639629560569333
18011,2020,15244,38520,39.5742471443406
18011,2024,16426,40109,40.95340197960557
18013,2000,2608,6817,38.25729793164148
18013,2004,2730,7330,37.244201909959074
18013,2008,3854,8055,47.84605834885164
18013,2012,3060,7604,40.24197790636507
18013,2016,2518,7945,31.69288860918817
18013,2020,3036,8981,33.80469880859592
18013,2024,2832,8627,32.82717051118581
18015,2000,2965,8268,35.861151427189164
18015,2004,2689,8638,31.129891178513546
18015,2008,3736,8736,42.765567765567766
18015,2012,2635,7810,33.73879641485275
18015,2016,1892,8643,21.890547263681594
18015,2020,2224,9495,23.42285413375461
18015,2024,2120,9184,23.08362369337979
18017,2000,5412,15106,35.82682377863101
18017,2004,4315,13931,30.974086569521216
18017,2008,7011,15653,44.79013607615154
18017,2012,5371,14161,37.92811242143917
18017,2016,3759,14209,26.455063692026183
18017,2020,4304,15198,28.31951572575339
18017,2024,3722,14213,26.187293323014142
18019,2000,17360,37336,46.49667880865652
18019,2004,17648,42337,41.68457850107471
18019,2008,21953,47725,45.998952331063386
18019,2012,20807,47146,44.13311839816739
18019,2016,18808,51147,36.77244022132285
18019,2020,23093,57869,39.90564896576751
18019,2024,22810,58612,38.91694533542619
18021,2000,3605,10158,35.48926954124828
18021,2004,3333,10783,30.909765371417976
18021,2008,4954,11395,43.4752084247477
18021,2012,3460,10784,32.08456973293769
18021,2016,2306,11282,20.439638361992554
18021,2020,2552,12267,20.803782505910164
18021,2024,2495,12055,20.69680630443799
18023,2000,3643,10991,33.145300700573195
18023,2004,3335,11877,28.07948135050939
18023,2008,5307,12392,42.826016785022595
18023,2012,3308,9883,33.47161792977841
18023,2016,2819,11936,23.617627345844504
18023,2020,3361,12949,25.955672252683605
18023,2024,3135,12450,25.180722891566266
18025,2000,1817,4209,43.169398907103826
18025,2004,1932,4574,42.23874070835155
18025,2008,2286,4744,48.18718381112985
18025,2012,2041,4590,44.46623093681917
18025,2016,1323,4593,28.80470280862182
18025,2020,1355,4944,27.40695792880259
18025,2024,1235,5011,24.64577928557174
18027,2000,2697,9761,27.63036574121504
18027,2004,2573,10599,24.275875082554958
18027,2008,3370,10586,31.83449839410542
18027,2012,2437,10250,23.77560975609756
18027,2016,1800,10768,16.716196136701335
18027,2020,2169,11954,18.144554124142545
18027,2024,1963,11449,17.145602236003143
18029,2000,6020,17650,34.107648725212464
18029,2004,6596,20969,31.455958796318374
18029,2008,7123,22217,32.061034343070624
18029,2012,6528,22356,29.200214707461086
18029,2016,4883,23987,20.356859965814817
18029,2020,5446,25383,21.455304731513216
18029,2024,5335,26600,20.05639097744361
18031,2000,2889,9171,31.50147203140334
18031,2004,2621,10199,25.698597901755072
18031,2008,3892,10488,37.10907704042716
18031,2012,2941,10308,28.531237873496313
18031,2016,2121,11127,19.06174170935562
18031,2020,2439,12287,19.850248229836414
18031,2024,2406,12111,19.866237304929403
18033,2000,4776,13785,34.64635473340588
18033,2004,4810,15403,31.2276829189119
18033,2008,7175,17149,41.839174295877314
18033,2012,5419,16328,33.188388045075946
18033,2016,3942,16902,23.322683706070286
18033,2020,4966,19628,25.300590992459753
18033,2024,5064,19792,25.586095392077606
18035,2000,20876,44147,47.287471402360296
18035,2004,20436,47939,42.6291745760237
18035,2008,28384,49863,56.9239716824098
18035,2012,22654,44968,50.37804661092332
18035,2016,18153,45123,40.23003789641646
18035,2020,20474,48191,42.485111327841295
18035,2024,18848,45784,41.16721998951599
18037,2000,5090,15504,32.83023735810113
18037,2004,5210,17066,30.52853627094808
18037,2008,8748,18565,47.12092647454888
18037,2012,6522,18542,35.17419911552152
18037,2016,5389,19984,26.966573258606886
18037,2020,6292,21770,28.902158934313277
18037,2024,5944,21424,27.744585511575803
18039,2000,16402,54482,30.105355897360596
18039,2004,17966,61380,29.270120560443143
18039,2008,31398,71458,43.9390970919981
18039,2012,24399,67852,35.95914637740966
18039,2016,20740,65630,31.60140179795825
18039,2020,26108,74387,35.09753048247678
18039,2024,23082,69765,33.08535798752956
18041,2000,3415,8647,39.49346594194518
18041,2004,3626,9468,38.297422898183356
18041,2008,4389,9462,46.3855421686747
18041,2012,3555,8837,40.228584361208554
18041,2016,2252,9530,23.630640083945437
18041,2020,2237,10136,22.069850039463297
18041,2024,2084,9838,21.18316731042895
18043,2000,13209,30030,43.98601398601399
18043,2004,13857,33890,40.88816760106226
18043,2008,16263,36537,44.511043599638725
18043,2012,14812,35305,41.954397394136805
18043,2016,13945,37425,37.26118904475618
18043,2020,17511,41802,41.89034017511124
18043,2024,17025,41181,41.341880964522474
18045,2000,2717,7281,37.3163027056723
18045,2004,2477,7804,31.74013326499231
18045,2008,3094,7410,41.75438596491228
18045,2012,2237,7111,31.458304036000563
18045,2016,1476,7492,19.701014415376402
18045,2020,1629,7986,20.398196844477837
18045,2024,1526,7982,19.118015534953646
18047,2000,2591,8339,31.070871807171123
18047,2004,2925,9992,29.273418734987988
18047,2008,3404,10610,32.082940622054664
18047,2012,2909,10560,27.547348484848484
18047,2016,1969,11013,17.878870425860345
18047,2020,2137,12000,17.808333333333334
18047,2024,2061,12034,17.126474987535317
18049,2000,2960,8327,35.547015731956286
18049,2004,2607,8703,29.955187866253013
18049,2008,3702,9006,41.10592938041306
18049,2012,2621,8126,32.25449175486094
18049,2016,1960,8374,23.405779794602342
18049,2020,2280,9147,24.926205313217448
18049,2024,2097,8854,23.684210526315788
18051,2000,5802,13772,42.128957304676156
18051,2004,5378,14614,36.800328452169154
18051,2008,6455,15095,42.76250414044386
18051,2012,4928,14721,33.47598668568711
18051,2016,3721,15484,24.031258072849393
18051,2020,4023,16161,24.89326155559681
18051,2024,3722,15901,23.407332872146405
18053,2000,9712,26386,36.807397862502846
18053,2004,8509,27460,30.986890021849963
18053,2008,11293,26299,42.94079622799346
18053,2012,9589,25285,37.92367016017402
18053,2016,7010,25312,27.694374209860932
18053,2020,8015,27159,29.511395854044697
18053,2024,7083,25156,28.15630465892829
18055,2000,4898,12619,38.814486092400344
18055,2004,4606,13352,34.49670461354104
18055,2008,5709,13629,41.88861985472155
18055,2012,4350,13111,33.178247273281976
18055,2016,2929,13801,21.223099775378596
18055,2020,3389,14784,22.923430735930737
18055,2024,3270,14633,22.346750495455478
18057,2000,18002,75926,23.70992808787504
18057,2004,26388,104906,25.153947343335936
18057,2008,49704,129064,38.511126262939314
18057,2012,43796,136863,31.999883094773608
18057,2016,57263,154256,37.122056840576704
18057,2020,88390,193999,45.56209052623982
18057,2024,90394,196727,45.948954642728246
18059,2000,6503,22950,28.335511982570804
18059,2004,6912,27867,24.803531058240928
18059,2008,11874,34253,34.66557673780399
18059,2012,9319,32843,28.37438723624517
18059,2016,8904,36181,24.609601724662117
18059,2020,12895,42911,30.050569783971476
18059,2024,14312,44450,32.19797525309336
18061,2000,5870,14896,39.40655209452202
18061,2004,6171,17310,35.649913344887345
18061,2008,7288,18091,40.28522469736333
18061,2012,6607,17671,37.38894233489899
18061,2016,4783,18558,25.7732514279556
18061,2020,5343,20236,26.403439414904128
18061,2024,5233,20448,25.59174491392801
18063,2000,10786,40221,26.816836975709208
18063,2004,13548,52302,25.903407135482393
18063,2008,24548,64955,37.792317758448156
18063,2012,21112,66644,31.6787707820659
18063,2016,22600,75559,29.910401143477284
18063,2020,32604,88505,36.83859668945257
18063,2024,31917,83189,38.36685138660159
18065,2000,7647,18315,41.75266175266175
18065,2004,7176,20504,34.99804916113929
18065,2008,10059,21319,47.183263755335616
18065,2012,7613,19007,40.053664439417055
18065,2016,5124,20155,25.422971967253783
18065,2020,5544,21030,26.3623395149786
18065,2024,5208,20604,25.276645311589984
18067,2000,12899,34095,37.83252676345506
18067,2004,12998,37021,35.10980254450177
18067,2008,17871,38624,46.26915907207953
18067,2012,15135,36290,41.70570405070267
18067,2016,11215,36843,30.439975029177862
18067,2020,13303,40630,32.7418163918287
18067,2024,12197,38784,31.448535478547857
18069,2000,4119,14620,28.17373461012312
18069,2004,3877,15627,24.809624368080886
18069,2008,5843,16328,35.78515433610975
18069,2012,4596,15765,29.153187440532825
18069,2016,3506,16043,21.85376799850402
18069,2020,4255,17829,23.865612204834818
18069,2024,4416,17735,24.899915421482945
18071,2000,5330,14602,36.50184906177236
18071,2004,5092,16309,31.22202464896683
18071,2008,7354,17374,42.327615977898006
18071,2012,5838,16712,34.93298228817616
18071,2016,3843,17573,21.86877596312525
18071,2020,4302,19238,22.361991891048966
18071,2024,4015,18654,21.523533826525142
18073,2000,3744,11167,33.527357392316645
18073,2004,3678,11844,31.053698074974672
18073,2008,5044,12875,39.17669902912622
18073,2012,4672,12896,36.22828784119106
18073,2016,3329,13378,24.884138137240246
18073,2020,3798,15475,24.54281098546042
18073,2024,3489,15826,22.04600025274864
18075,2000,3167,8030,39.439601494396015
18075,2004,2740,8232,33.28474246841594
18075,2008,3748,8315,45.075165363800366
18075,2012,3063,7901,38.76724465257562
18075,2016,1889,7986,23.653894315051343
18075,2020,1926,8461,22.763266753338847
18075,2024,1747,8103,21.559916080464024
18077,2000,5117,11931,42.888274243567174
18077,2004,5117,12971,39.44954128440367
18077,2008,6255,13490,46.36767976278725
18077,2012,5728,13126,43.638579917720556
18077,2016,4326,13544,31.94034258712345
18077,2020,4731,14697,32.19024290671565
18077,2024,4442,14327,31.004397291826617
18079,2000,3549,9494,37.381504107857594
18079,2004,3538,10517,33.64077208329371
18079,2008,5312,11839,44.86865444716614
18079,2012,3821,10250,37.27804878048781
18079,2016,2364,11150,21.201793721973093
18079,2020,2523,12251,20.594237205126113
18079,2024,2328,11809,19.713777627233465
18081,2000,11952,42284,28.26601078422098
18081,2004,13109,51255,25.57604136181836
18081,2008,21553,58644,36.75226792169702
18081,2012,17260,57964,29.777103029466566
18081,2016,17318,66500,26.042105263157893
18081,2020,24736,77618,31.868896390012623
18081,2024,24880,77832,31.966286360365913
18083,2000,6300,15054,41.849342367477085
18083,2004,5649,15746,35.87577797535882
18083,2008,7569,16424,46.0849975645397
18083,2012,5228,15145,34.519643446682075
18083,2016,3772,15516,24.31038927558649
18083,2020,4067,16011,25.40128661545188
18083,2024,3625,15110,23.99073461283918
18085,2000,5785,25284,22.880082265464324
18085,2004,5977,28360,21.075458392101552
18085,2008,9236,30134,30.649764385743676
18085,2012,6862,30060,22.827677977378578
18085,2016,6313,32084,19.676474255080414
18085,2020,8364,35787,23.371615391063795
18085,2024,7995,34896,22.910935350756535
18087,2000,2733,8333,32.7973118924757
18087,2004,2523,9003,28.023992002665775
18087,2008,3663,9491,38.59445790749131
18087,2012,2898,9316,31.107771575783598
18087,2016,2080,9566,21.74367551745766
18087,2020,2355,10633,22.148029718799965
18087,2024,2162,10411,20.766496974354048
18089,2000,109078,175994,61.978249258497456
18089,2004,114743,188022,61.02636925466168
18089,2008,139301,208757,66.7287803522756
18089,2012,130897,201758,64.87822044231207
18089,2016,116935,201205,58.11734300837455
18089,2020,124870,219956,56.77044499809053
18089,2024,109086,209551,52.05701714618398
18091,2000,19736,39747,49.65406194178177
18091,2004,21114,42606,49.556400506970846
18091,2008,28258,46919,60.22720006820265
18091,2012,24107,43681,55.188754836198804
18091,2016,19798,45203,43.79797801030905
18091,2020,22427,49392,45.40613864593456
18091,2024,20007,47553,42.073055327739574
18093,2000,5071,16142,31.4149423863214
18093,2004,5346,17698,30.2068030285908
18093,2008,7208,18534,38.89068738534585
18093,2012,5779,17822,32.426214790708116
18093,2016,4210,19152,21.98203842940685
18093,2020,4961,21025,23.595719381688465
18093,2024,5010,21220,23.609802073515553
18095,2000,23403,52216,44.81959552627547
18095,2004,21882,54855,39.89062072737216
18095,2008,30152,57340,52.584583188001396
18095,2012,24407,52370,46.604926484628606
18095,2016,18595,53909,34.49331280491198
18095,2020,19524,51793,37.69621377406213
18095,2024,19824,55730,35.57150547281536
18097,2000,134189,279903,47.94125107626571
18097,2004,162249,320838,50.570381313934135
18097,2008,241987,379362,63.78788597698241
18097,2012,216336,359009,60.259213557320294
18097,2016,212899,362372,58.75150397933615
18097,2020,247772,389619,63.59340791901832
18097,2024,221719,352540,62.89187042605094
18099,2000,5541,16150,34.309597523219814
18099,2004,5593,17814,31.39665431682946
18099,2008,7889,18550,42.528301886792455
18099,2012,6137,17765,34.54545454545455
18099,2016,4798,18082,26.53467536776905
18099,2020,5712,19927,28.664625884478344
18099,2024,5356,19559,27.38381307837824
18101,2000,1518,4609,32.93556085918855
18101,2004,1522,4996,30.464371497197757
18101,2008,1706,4903,34.79502345502753
18101,2012,1351,4743,28.484081804764916
18101,2016,881,4809,18.31981700977334
18101,2020,1011,5144,19.653965785381025
18101,2024,933,4992,18.689903846153847
18103,2000,4155,12928,32.13954207920792
18103,2004,3886,13628,28.51482242442031
18103,2008,5564,14113,39.42464394529866
18103,2012,4222,12781,33.03340896643455
18103,2016,2766,13482,20.516243880729863
18103,2020,3235,14473,22.351965729289024
18103,2024,3046,13977,21.792945553409172
18105,2000,17523,40220,43.56787667826952
18105,2004,26965,50467,53.43095488140766
18105,2008,41450,63215,65.56988056632129
18105,2012,33436,57223,58.43105045174143
18105,2016,34216,58454,58.534916344475995
18105,2020,39861,63151,63.12014061535051
18105,2024,37213,59256,62.80039152153368
18107,2000,3899,13101,29.761086939928248
18107,2004,3536,14548,24.305746494363486
18107,2008,6013,15285,39.339221458946675
18107,2012,4271,14440,29.577562326869806
18107,2016,3362,15156,22.182633940353654
18107,2020,4213,17198,24.49703453889987
18107,2024,4134,16581,24.93215125746336
18109,2000,6228,22036,28.26284262116537
18109,2004,6650,26029,25.548426754773523
18109,2008,10330,28811,35.854361181493175
18109,2012,7969,28266,28.19288190759216
18109,2016,6040,31280,19.30946291560102
18109,2020,7781,36159,21.518847313255343
18109,2024,7765,35352,21.964811043222447
18111,2000,2101,5510,38.13067150635209
18111,2004,2032,5848,34.74692202462381
18111,2008,2625,6045,43.424317617866
18111,2012,2212,5654,39.12274495932083
18111,2016,1404,5795,24.22778257118205
18111,2020,1509,6591,22.894856622667273
18111,2024,1370,6601,20.75443114679594
18113,2000,4822,14216,33.91952729319077
18113,2004,4703,15679,29.99553542955546
18113,2008,7064,16974,41.61659007894426
18113,2012,5229,16244,32.19034720512189
18113,2016,3904,16890,23.11426879810539
18113,2020,4660,19190,24.283480979676916
18113,2024,4462,18964,23.528791394220626
18115,2000,951,2492,38.16211878009631
18115,2004,1139,2958,38.50574712643678
18115,2008,1158,2918,39.68471555860178
18115,2012,994,2819,35.26073075558709
18115,2016,686,2921,23.4851078397809
18115,2020,668,3075,21.723577235772357
18115,2024,666,3091,21.546425105143964
18117,2000,2601,7458,34.87530168946098
18117,2004,2885,8652,33.344891354600094
18117,2008,3390,8086,41.92431362849369
18117,2012,2939,7776,37.79578189300412
18117,2016,2048,8192,25
18117,2020,2224,8832,25.181159420289855
18117,2024,1988,8595,23.129726585223967
18119,2000,2253,6503,34.645548208519145
18119,2004,2536,7604,33.35086796422935
18119,2008,3570,8170,43.696450428396574
18119,2012,2823,8113,34.79600640946629
18119,2016,1946,8557,22.741615052004207
18119,2020,2420,9904,24.434571890145396
18119,2024,2354,9876,23.83556095585257
18121,2000,2481,6447,38.483015355979525
18121,2004,2362,6971,33.88323052646679
18121,2008,2924,6964,41.98736358414704
18121,2012,2110,6515,32.386799693016115
18121,2016,1441,6582,21.89304162868429
18121,2020,1503,7013,21.431626978468557
18121,2024,1371,6654,20.60414788097385
18123,2000,3823,7387,51.753079734669015
18123,2004,4131,8315,49.681298857486475
18123,2008,5141,8490,60.553592461719674
18123,2012,4316,7875,54.8063492063492
18123,2016,3062,8055,38.013656114214776
18123,2020,3203,8722,36.723228617289614
18123,2024,2970,8666,34.27186706669744
18125,2000,2605,6302,41.33608378292605
18125,2004,2418,6212,38.92466194462331
18125,2008,2700,6028,44.79097544790975
18125,2012,2125,5926,35.858926763415454
18125,2016,1297,5977,21.699849422787352
18125,2020,1415,6220,22.7491961414791
18125,2024,1314,6009,21.867199201198204
18127,2000,26790,59378,45.117720367813
18127,2004,29388,64873,45.300818522343654
18127,2008,39178,73916,53.003409275393686
18127,2012,37252,73039,51.00288886759129
18127,2016,33676,77190,43.62741287731571
18127,2020,39746,86509,45.94435261071103
18127,2024,37213,84969,43.795972648848405
18129,2000,4430,11110,39.87398739873987
18129,2004,4085,11986,34.08142833305523
18129,2008,5828,12771,45.63464098347819
18129,2012,4533,12226,37.07672174055292
18129,2016,3521,12467,28.24256035934868
18129,2020,3811,13236,28.79268661226957
18129,2024,3572,12978,27.523501309909076
18131,2000,1919,5518,34.777093149691915
18131,2004,1750,5614,31.17206982543641
18131,2008,2466,5964,41.34808853118712
18131,2012,1899,5399,35.17318021855899
18131,2016,1327,5459,24.308481406851072
18131,2020,1463,5806,25.198070961074748
18131,2024,1280,5763,22.210654173173694
18133,2000,4123,11871,34.73169909864375
18133,2004,4103,13136,31.23477466504263
18133,2008,6334,14646,43.24730301788885
18133,2012,4507,13829,32.5909320992118
18133,2016,3356,14715,22.806659870880054
18133,2020,3946,16597,23.77538109296861
18133,2024,3871,16734,23.13254452013864
18135,2000,3906,10132,38.5511251480458
18135,2004,3812,11092,34.36711143166246
18135,2008,4839,10808,44.77239082161362
18135,2012,3769,10189,36.990872509569144
18135,2016,2446,10458,23.388793268311343
18135,2020,2513,11070,22.70099367660343
18135,2024,2349,10553,22.25907324931299
18137,2000,3498,10675,32.76814988290398
18137,2004,3510,11834,29.66030082812236
18137,2008,4187,12188,34.353462422054484
18137,2012,3241,10983,29.509241555130654
18137,2016,2471,12810,19.2896174863388
18137,2020,2774,14271,19.43802116179665
18137,2024,2682,14405,18.61853523082263
18139,2000,2370,7284,32.53706754530478
18139,2004,2000,7421,26.95054574855141
18139,2008,3229,7629,42.32533752785424
18139,2012,2221,7026,31.6111585539425
18139,2016,1525,7214,21.139451067369006
18139,2020,1754,7932,22.11296016137166
18139,2024,1675,7656,21.87826541274817
18141,2000,47703,97474,48.93920430063402
18141,2004,52637,108619,48.46021414301365
18141,2008,68710,118389,58.03748659081502
18141,2012,56460,110704,51.00086717733776
18141,2016,52252,110060,47.47592222424132
18141,2020,59896,115238,51.97591072389316
18141,2024,55215,110823,49.82269023578138
18143,2000,3915,7846,49.89803721641601
18143,2004,3822,8677,44.04748184856517
18143,2008,4271,8877,48.113101272952576
18143,2012,3998,8720,45.84862385321101
18143,2016,2642,9101,29.029776947588175
18143,2020,2701,10167,26.566342087144683
18143,2024,2389,10187,23.45145774025719
18145,2000,5374,15310,35.10124101894187
18145,2004,4519,16027,28.196168964871777
18145,2008,6987,17574,39.7575964493001
18145,2012,5359,16760,31.974940334128878
18145,2016,4247,17994,23.60231188173836
18145,2020,5023,19991,25.126306838077134
18145,2024,4955,19754,25.083527386858357
18147,2000,3752,8987,41.74919327918104
18147,2004,3920,9924,39.500201531640464
18147,2008,5039,10181,49.49415578037521
18147,2012,4026,9728,41.385690789473685
18147,2016,2861,9979,28.670207435614792
18147,2020,3213,10769,29.83563933512861
18147,2024,2853,10442,27.32235203983911
18149,2000,4136,8701,47.53476611883691
18149,2004,3987,8937,44.6122860020141
18149,2008,4778,9466,50.47538559053455
18149,2012,3809,8754,43.51153758281928
18149,2016,2489,9226,26.978105354433126
18149,2020,2650,10290,25.75315840621963
18149,2024,2436,10478,23.24871158618057
18151,2000,4103,11277,36.38379001507493
18151,2004,4345,12905,33.66912049593181
18151,2008,6284,14146,44.42245157641736
18151,2012,4853,13695,35.43629061701351
18151,2016,3744,14566,25.703693532884802
18151,2020,4513,16162,27.923524316297488
18151,2024,4598,16364,28.098264483011487
18153,2000,3833,8262,46.39312515129508
18153,2004,3341,8394,39.802239695020255
18153,2008,4284,8782,48.781598724664086
18153,2012,3191,8290,38.492159227985525
18153,2016,2113,8559,24.68746348872532
18153,2020,2153,8994,23.93818100956193
18153,2024,2006,8795,22.808413871517907
18155,2000,1336,3239,41.24729854893486
18155,2004,1479,3671,40.28874965949333
18155,2008,1638,3640,45
18155,2012,1437,3397,42.302031204003534
18155,2016,930,3699,25.141930251419303
18155,2020,964,4154,23.206547905633123
18155,2024,873,4258,20.502583372475343
18157,2000,18220,46295,39.35630197645534
18157,2004,20818,52360,39.75935828877005
18157,2008,37781,68436,55.2063241568765
18157,2012,26711,56896,46.94706130483689
18157,2016,27282,62515,43.640726225705826
18157,2020,35017,71448,49.01046915239055
18157,2024,32683,66906,48.8491316174932
18159,2000,2392,7316,32.695462001093496
18159,2004,2203,7892,27.91434363912823
18159,2008,3250,7827,41.52293343554363
18159,2012,2432,7365,33.02104548540394
18159,2016,1587,7510,21.131824234354195
18159,2020,1834,8116,22.59733859043864
18159,2024,1893,7976,23.73370110330993
18161,2000,927,2828,32.779349363507784
18161,2004,1045,3344,31.25
18161,2008,1224,3348,36.55913978494624
18161,2012,1018,3100,32.83870967741935
18161,2016,715,3291,21.725919173503495
18161,2020,736,3483,21.131208728107953
18161,2024,746,3494,21.350887235260448
18163,2000,29222,66221,44.127995650926444
18163,2004,28767,70654,40.71531689642483
18163,2008,39423,77656,50.766199649737295
18163,2012,31725,72404,43.81663996464284
18163,2016,28530,72507,39.34792502792834
18163,2020,34415,77662,44.31382143133064
18163,2024,31727,73832,42.971882110737894
18165,2000,3370,6633,50.8065731946329
18165,2004,3424,7017,48.79578167307967
18165,2008,4003,7135,56.10371408549404
18165,2012,2979,6581,45.266676796839384
18165,2016,2081,6939,29.989912091079407
18165,2020,2145,7481,28.67263734794814
18165,2024,1928,7256,26.57111356119074
18167,2000,17570,36228,48.49839902837584
18167,2004,18426,39744,46.36171497584541
18167,2008,25040,43706,57.291905001601606
18167,2012,19712,39877,49.43200341048725
18167,2016,15931,39818,40.009543422572705
18167,2020,18123,43594,41.57223471119879
18167,2024,16338,40914,39.93254142836193
18169,2000,4277,12883,33.19878910191726
18169,2004,3920,13602,28.819291280694014
18169,2008,5456,13871,39.33386201427439
18169,2012,3973,12874,30.860649370824916
18169,2016,3018,13468,22.40867240867241
18169,2020,3494,14576,23.97091108671789
18169,2024,3335,13961,23.88797364085667
18171,2000,1471,3768,39.039278131634816
18171,2004,1356,3960,34.24242424242424
18171,2008,1755,3998,43.89694847423712
18171,2012,1324,3800,34.8421052631579
18171,2016,839,3930,21.34860050890585
18171,2020,974,4472,21.779964221824688
18171,2024,898,4370,20.549199084668192
18173,2000,8749,22309,39.217356223945494
18173,2004,8980,26025,34.50528338136407
18173,2008,12329,28665,43.0106401534973
18173,2012,8793,24630,35.70036540803898
18173,2016,9086,29589,30.707357463922403
18173,2020,11923,33829,35.24490821484525
18173,2024,11292,33102,34.11274243248142
18175,2000,3675,9801,37.49617385981022
18175,2004,3879,10880,35.65257352941176
18175,2008,4562,11305,40.35382574082264
18175,2012,3909,10737,36.40681754680079
18175,2016,2636,11382,23.159374450887366
18175,2020,2784,12139,22.93434385039954
18175,2024,2764,12723,21.72443606067751
18177,2000,10273,25151,40.84529442169298
18177,2004,10775,27657,38.959395451422786
18177,2008,13459,28562,47.122050276591274
18177,2012,10591,25477,41.570828590493385
18177,2016,8322,25579,32.53450095781696
18177,2020,9524,27679,34.40875754181871
18177,2024,8828,26827,32.90714578596191
18179,2000,3319,11281,29.421150607215672
18179,2004,3112,12354,25.190221790513196
18179,2008,4403,13073,33.68010403120936
18179,2012,3436,12935,26.563587166602243
18179,2016,2586,13185,19.613196814562002
18179,2020,2928,14050,20.839857651245552
18179,2024,2850,14110,20.198440822111976
18181,2000,3655,9904,36.90428109854604
18181,2004,3277,10366,31.61296546401698
18181,2008,4839,10767,44.942881025355256
18181,2012,3637,9903,36.72624457235181
18181,2016,2590,10053,25.763453695414306
18181,2020,3032,11166,27.153859931936235
18181,2024,2945,11163,26.381797007972768
18183,2000,4107,12432,33.035714285714285
18183,2004,3880,13481,28.781247681922707
18183,2008,5862,15188,38.59626020542534
18183,2012,4420,15011,29.44507361268403
18183,2016,3379,15623,21.62836843115919
18183,2020,4234,17556,24.117110959216223
18183,2024,4275,17740,24.098083427282976
19001,2000,1753,4123,42.51758428328887
19001,2004,1844,4278,43.10425432445068
19001,2008,1924,4053,47.47100912904021
19001,2012,1790,3996,44.7947947947948
19001,2016,1133,3811,29.72972972972973
19001,2020,1198,8354,14.340435719415847
19001,2024,2172,24480,8.872549019607844
19003,2000,897,2145,41.81818181818181
19003,2004,977,2325,42.02150537634409
19003,2008,1118,2206,50.67996373526745
19003,2012,1028,2185,47.048054919908466
19003,2016,565,2106,26.828110161443497
19003,2020,590,4320,13.657407407407407
19003,2024,1152,12810,8.992974238875878
19005,2000,2883,6462,44.614670380687095
19005,2004,3449,7062,48.83885584820164
19005,2008,3971,7059,56.25442697265902
19005,2012,3553,6934,51.24026535910009
19005,2016,2421,6923,34.97038855987289
19005,2020,2576,14844,17.353812988412827
19005,2024,4700,43908,10.704199690261456
19007,2000,2560,5704,44.88078541374474
19007,2004,3063,6450,47.48837209302326
19007,2008,2970,6176,48.089378238341965
19007,2012,2951,6245,47.253803042433944
19007,2016,1814,6136,29.563233376792695
19007,2020,1891,13032,14.510435850214856
19007,2024,3372,38904,8.667489204194942
19009,2000,1780,3784,47.040169133192386
19009,2004,1608,3592,44.766146993318486
19009,2008,1739,3435,50.6259097525473
19009,2012,1611,3457,46.60109921897599
19009,2016,1080,3412,31.652989449003517
19009,2020,1071,6840,15.657894736842104
19009,2024,1940,19494,9.951780034882528
19011,2000,5915,11766,50.27197008329084
19011,2004,6747,13501,49.974075994370786
19011,2008,7058,13712,51.473162193698954
19011,2012,6862,14023,48.93389431648007
19011,2016,4678,13844,33.79081190407397
19011,2020,5160,29284,17.62054364157902
19011,2024,9478,87054,10.887495117972753
19013,2000,30112,55085,54.66460924026505
19013,2004,35392,63907,55.38047475237454
19013,2008,39184,64775,60.49247394828252
19013,2012,39821,67141,59.30951281631194
19013,2016,32233,64405,50.04735657169475
19013,2020,35647,133186,26.764825131770607
19013,2024,62598,377436,16.585063427971892
19015,2000,6270,12249,51.1878520695567
19015,2004,7027,14009,50.16061103576273
19015,2008,7356,13929,52.81068274822314
19015,2012,7512,14388,52.21017514595496
19015,2016,5541,14196,39.032121724429416
19015,2020,6303,30680,20.54432855280313
19015,2024,11790,92418,12.757255080179187
19017,2000,5169,11175,46.25503355704698
19017,2004,6025,12779,47.14766413647391
19017,2008,6940,12871,53.91966436174346
19017,2012,6763,13346,50.67435935860932
19017,2016,5356,13538,39.56271236519427
19017,2020,5958,29092,20.479857005362298
19017,2024,11142,87642,12.713082768535633
19019,2000,5045,9410,53.613177470775774
19019,2004,5608,10475,53.536992840095465
19019,2008,6050,10338,58.52195782549816
19019,2012,5911,10535,56.10821072615092
19019,2016,3970,10252,38.72415138509559
19019,2020,4169,21548,19.347503248561353
19019,2024,7532,64500,11.677519379844961
19021,2000,3297,7977,41.33132756675442
19021,2004,3520,8490,41.46054181389871
19021,2008,4075,8418,48.408172962698984
19021,2012,3700,8383,44.136943814863415
19021,2016,2856,8278,34.50108721913506
19021,2020,2961,16334,18.127831517080935
19021,2024,4924,45222,10.888505594622085
19023,2000,2735,6724,40.67519333729923
19023,2004,3001,7475,40.147157190635454
19023,2008,3364,7166,46.9439017583031
19023,2012,3329,7545,44.121935056328695
19023,2016,2157,7513,28.710235591641155
19023,2020,2424,16196,14.96665843418128
19023,2024,4288,48276,8.882260336399039
19025,2000,2132,5041,42.29319579448522
19025,2004,2243,5542,40.47275351858535
19025,2008,2341,5195,45.06256015399423
19025,2012,2238,5230,42.79158699808796
19025,2016,1398,5159,27.09827485946889
19025,2020,1470,10516,13.97869912514264
19025,2024,2656,30582,8.684847295794912
19027,2000,4463,9568,46.64506688963211
19027,2004,4689,10524,44.55530216647662
19027,2008,5302,10387,51.044574949456056
19027,2012,4947,10674,46.34626194491287
19027,2016,3309,10544,31.38277693474962
19027,2020,3454,22670,15.235994706660785
19027,2024,6306,66840,9.43447037701975
19029,2000,2481,6880,36.06104651162791
19029,2004,2679,7543,35.51637279596977
19029,2008,3211,7350,43.68707482993197
19029,2012,2858,7205,39.666897987508676
19029,2016,1951,7125,27.382456140350875
19029,2020,2201,14552,15.125068719076415
19029,2024,4154,43302,9.593090388434716
19031,2000,4033,8344,48.33413231064238
19031,2004,4747,9694,48.968434082937904
19031,2008,5221,9665,54.019658561821004
19031,2012,4972,9649,51.52865581925589
19031,2016,3599,9541,37.7214128498061
19031,2020,4337,21406,20.26067457722134
19031,2024,8150,63864,12.76149317299261
19033,2000,12185,22162,54.98149986463316
19033,2004,13372,24516,54.54397128405939
19033,2008,14405,24140,59.672742336371165
19033,2012,13316,23824,55.89321692411014
19033,2016,9862,22965,42.94360984106248
19033,2020,10941,47602,22.984328389563462
19033,2024,19910,138120,14.415001448016218
19035,2000,2845,6592,43.158373786407765
19035,2004,2988,6796,43.96703943496174
19035,2008,2890,6365,45.40455616653574
19035,2012,2634,6415,41.06001558846454
19035,2016,1679,6258,26.829658037711727
19035,2020,1936,13036,14.851181343970543
19035,2024,3222,36630,8.796068796068795
19037,2000,3435,6584,52.17193195625759
19037,2004,3708,6806,54.481339994122834
19037,2008,3923,6583,59.59289077927996
19037,2012,3554,6484,54.81184454040715
19037,2016,2266,6435,35.21367521367522
19037,2020,2233,13262,16.83758105866385
19037,2024,3838,37434,10.252711438798952
19039,2000,2081,4176,49.832375478927204
19039,2004,2323,4566,50.8760402978537
19039,2008,2218,4443,49.92122439792933
19039,2012,2189,4430,49.41309255079007
19039,2016,1465,4454,32.89178266726538
19039,2020,1466,9340,15.695931477516059
19039,2024,2530,26874,9.414303788047928
19041,2000,3294,7578,43.46793349168646
19041,2004,3547,8588,41.30181648812296
19041,2008,3925,8398,46.73731840914503
19041,2012,3385,8502,39.8141613737944
19041,2016,2249,8617,26.099570616223744
19041,2020,2662,17938,14.840004459805996
19041,2024,4734,51246,9.237794169301019
19043,2000,4238,8571,49.44580562361451
19043,2004,4736,9168,51.65794066317626
19043,2008,5195,8989,57.792857937479134
19043,2012,4806,9138,52.593565331582404
19043,2016,3237,9129,35.458429181728555
19043,2020,3340,19188,17.406712528663746
19043,2024,6034,56400,10.698581560283687
19045,2000,12276,22180,55.34715960324617
19045,2004,13813,24684,55.95932587911198
19045,2008,15018,24719,60.75488490634734
19045,2012,15141,25000,60.56399999999999
19045,2016,10095,23067,43.76381844193003
19045,2020,10812,49374,21.89816502612711
19045,2024,23679,157473,15.036863462307823
19047,2000,2838,6555,43.29519450800915
19047,2004,3220,7242,44.462855564761114
19047,2008,3715,7191,51.66179947156168
19047,2012,3066,6752,45.40876777251185
19047,2016,1991,6935,28.709444844989186
19047,2020,2220,14308,15.515795359239586
19047,2024,3624,39270,9.228418640183346
19049,2000,8561,19330,44.288670460424214
19049,2004,10917,26293,41.5205568021907
19049,2008,15149,32640,46.412377450980394
19049,2012,16576,38116,43.48829887711197
19049,2016,15701,38252,41.046219805500364
19049,2020,26879,112044,23.98968262468316
19049,2024,58804,377766,15.566250006617855
19051,2000,1691,3758,44.997339010111766
19051,2004,1731,3918,44.18070444104135
19051,2008,1680,3815,44.03669724770643
19051,2012,1520,3773,40.286244367877025
19051,2016,977,3882,25.167439464193713
19051,2020,1013,8204,12.34763529985373
19051,2024,1756,23724,7.401787219693137
19053,2000,1674,3709,45.13345915341062
19053,2004,1859,4011,46.34754425330341
19053,2008,1986,4102,48.41540711847879
19053,2012,1791,3833,46.725802243673364
19053,2016,1201,3734,32.16389930369577
19053,2020,1120,7608,14.721345951629864
19053,2024,1914,22434,8.531692966033699
19055,2000,3808,8349,45.610252724877235
19055,2004,4227,9200,45.94565217391305
19055,2008,4649,8901,52.23008650713403
19055,2012,4616,9378,49.22158242695671
19055,2016,2957,9241,31.998701439238175
19055,2020,3157,20006,15.780265920223933
19055,2024,5956,60828,9.791543368185703
19057,2000,11351,19365,58.616059901884846
19057,2004,12456,20874,59.672319632078185
19057,2008,12462,20570,60.58337384540593
19057,2012,11888,20385,58.317390237920044
19057,2016,8212,19103,42.98801235408051
19057,2020,8893,39912,22.28151934255362
19057,2024,15870,114324,13.881599664112523
19059,2000,3660,8121,45.068341337273736
19059,2004,4140,9553,43.33717156914059
19059,2008,4625,9906,46.68887542903291
19059,2012,4095,10159,40.309085539915344
19059,2016,3056,10354,29.515163221943208
19059,2020,3661,22488,16.2797936677339
19059,2024,6594,67404,9.782802207584119
19061,2000,22341,40323,55.40510378692062
19061,2004,26561,47043,56.46111004825373
19061,2008,28611,47953,59.66467165766479
19061,2012,28768,50894,56.5253271505482
19061,2016,22850,49721,45.95643691800245
19061,2020,25657,107852,23.789081333679487
19061,2024,37961,288273,13.16842021278441
19063,2000,2165,4630,46.76025917926566
19063,2004,2405,5156,46.64468580294802
19063,2008,2570,5015,51.24626121635095
19063,2012,2099,4687,44.783443567313846
19063,2016,1357,4753,28.550389227856094
19063,2020,1520,9706,15.660416237378941
19063,2024,2630,28788,9.13575100736418
19065,2000,4640,9621,48.22783494439247
19065,2004,5185,10392,49.894149345650504
19065,2008,5908,10259,57.58845891412419
19065,2012,5732,10366,55.29616052479259
19065,2016,3689,9975,36.98245614035088
19065,2020,3835,20372,18.824857647751816
19065,2024,6668,59088,11.28486325480639
19067,2000,3830,7238,52.915169936446524
19067,2004,4349,8167,53.250887718868626
19067,2008,4822,8091,59.597083178840684
19067,2012,4680,8257,56.679181300714546
19067,2016,3179,8060,39.44168734491315
19067,2020,3172,16064,19.746015936254977
19067,2024,5564,45900,12.122004357298474
19069,2000,2122,4938,42.97286350749292
19069,2004,2340,5521,42.383626154682126
19069,2008,2575,5148,50.01942501942502
19069,2012,2266,5186,43.69456228306981
19069,2016,1493,4968,30.05233494363929
19069,2020,1626,10260,15.84795321637427
19069,2024,2786,29400,9.476190476190476
19071,2000,1459,3616,40.34845132743363
19071,2004,1510,3911,38.609051393505496
19071,2008,1848,3894,47.45762711864407
19071,2012,1637,3668,44.62922573609597
19071,2016,963,3595,26.787204450625868
19071,2020,1080,7714,14.00051853772362
19071,2024,2046,22770,8.985507246376812
19073,2000,2301,4719,48.760330578512395
19073,2004,2459,5113,48.093096029728144
19073,2008,2371,4804,49.35470441298918
19073,2012,2375,4846,49.00949236483697
19073,2016,1691,4821,35.075710433520015
19073,2020,1769,10114,17.490607079296026
19073,2024,3206,29286,10.947210271119307
19075,2000,2139,6111,35.00245459008345
19075,2004,2386,6849,34.83720251131552
19075,2008,2790,6828,40.86115992970123
19075,2012,2635,6962,37.84831944843436
19075,2016,1856,6872,27.0081490104773
19075,2020,2206,14552,15.15942825728422
19075,2024,4038,42876,9.417856143296948
19077,2000,2493,5469,45.5842018650576
19077,2004,2614,5994,43.61027694361027
19077,2008,2625,5847,44.894817855310414
19077,2012,2569,5888,43.63111413043478
19077,2016,1732,5750,30.121739130434783
19077,2020,1985,12742,15.578402134672736
19077,2024,4182,39960,10.465465465465465
19079,2000,3407,7574,44.98283601795617
19079,2004,3895,8335,46.73065386922616
19079,2008,4018,8078,49.74003466204506
19079,2012,3782,7927,47.71035700769522
19079,2016,2726,7694,35.430205354821936
19079,2020,2843,15886,17.89626085861765
19079,2024,4964,45582,10.890263700583564
19081,2000,2281,5438,41.94556822361162
19081,2004,2484,5905,42.066045723962745
19081,2008,2805,5930,47.30185497470489
19081,2012,2521,5925,42.54852320675106
19081,2016,1587,5871,27.031170158405722
19081,2020,1683,12344,13.634154244977317
19081,2024,3046,35634,8.548015939832744
19083,2000,3734,8435,44.267931238885595
19083,2004,4015,8949,44.86534808358476
19083,2008,4393,8859,49.58798961508071
19083,2012,4075,8898,45.79680827152169
19083,2016,2787,8533,32.6614320871909
19083,2020,2976,17978,16.55356546890644
19083,2024,5106,50760,10.059101654846337
19085,2000,2551,6543,38.98823169799786
19085,2004,2906,7680,37.838541666666664
19085,2008,3555,7578,46.912114014251785
19085,2012,3136,7322,42.829827915869984
19085,2016,2131,7465,28.546550569323507
19085,2020,2440,16310,14.960147148988352
19085,2024,4490,47754,9.40235372953051
19087,2000,3907,8671,45.058240110713875
19087,2004,4127,9457,43.639632018610556
19087,2008,4349,9377,46.379439053002024
19087,2012,4460,9697,45.99360626998041
19087,2016,2904,9404,30.880476393024246
19087,2020,3275,19964,16.404528150671208
19087,2024,5990,57600,10.399305555555555
19089,2000,2426,4491,54.019149409930975
19089,2004,2614,4697,55.652544177134345
19089,2008,2941,4728,62.20389170896785
19089,2012,2768,4645,59.59095801937567
19089,2016,1677,4559,36.784382540030705
19089,2020,1772,9916,17.870108914885037
19089,2024,3238,29100,11.127147766323024
19091,2000,1949,4940,39.45344129554656
19091,2004,2146,5350,40.112149532710276
19091,2008,2160,5122,42.17102694260055
19091,2012,1972,5158,38.231872818922064
19091,2016,1252,5087,24.61175545508158
19091,2020,1442,10654,13.534822601839686
19091,2024,2472,30498,8.105449537674602
19093,2000,1411,3491,40.41821827556574
19093,2004,1415,3774,37.49337572866985
19093,2008,1454,3547,40.992387933464904
19093,2012,1321,3663,36.06333606333607
19093,2016,792,3612,21.92691029900332
19093,2020,917,7698,11.912184983112496
19093,2024,1652,21930,7.533059735522116
19095,2000,3230,7413,43.57210306218805
19095,2004,3841,8454,45.434114028862076
19095,2008,4202,8546,49.16920196583197
19095,2012,4144,8866,46.74035641777577
19095,2016,3084,8904,34.63611859838275
19095,2020,3547,19484,18.20468076370355
19095,2024,6800,57834,11.757789535567314
19097,2000,4945,9032,54.749778565101856
19097,2004,5656,10011,56.49785236240136
19097,2008,6102,9955,61.29583124058262
19097,2012,5907,10242,57.67428236672525
19097,2016,3837,10310,37.21629485935984
19097,2020,4029,22270,18.091603053435115
19097,2024,7134,64806,11.008239977779835
19099,2000,8699,17835,48.7748808522568
19099,2004,10430,20062,51.98883461270063
19099,2008,10250,19421,52.777920807373455
19099,2012,10257,19515,52.559569561875485
19099,2016,7109,19034,37.34895450246927
19099,2020,7737,40368,19.166171224732462
19099,2024,14282,121188,11.784995214047596
19101,2000,2863,7548,37.93057763645999
19101,2004,4490,8281,54.220504769955326
19101,2008,5070,8631,58.74174487313173
19101,2012,4798,8530,56.24853458382181
19101,2016,3710,8156,45.48798430603237
19101,2020,4319,17918,24.10425270677531
19101,2024,7576,50076,15.129003914050642
19103,2000,31174,52769,59.076351645852675
19103,2004,41847,65373,64.01266577945023
19103,2008,51027,72975,69.92394655704008
19103,2012,50666,75977,66.68597075430722
19103,2016,50200,76940,65.24564595788927
19103,2020,59177,167702,35.28699717355786
19103,2024,117692,519864,22.638997891756304
19105,2000,4690,9143,51.29607349885158
19105,2004,5054,9978,50.65143315293646
19105,2008,5446,10004,54.438224710115954
19105,2012,5534,10449,52.962005933582155
19105,2016,3787,10133,37.37293989933879
19105,2020,4213,21978,19.16916916916917
19105,2024,7884,65880,11.967213114754099
19107,2000,2181,4947,44.08732565191025
19107,2004,2294,5480,41.86131386861314
19107,2008,2518,5361,46.968849095318035
19107,2012,2303,5266,43.733383972654764
19107,2016,1342,4985,26.920762286860583
19107,2020,1414,10606,13.332076183292477
19107,2024,3119,32943,9.467868742980299
19109,2000,3960,8878,44.60464068483893
19109,2004,4132,9258,44.631669907107366
19109,2008,4625,9097,50.84093657249643
19109,2012,3850,8923,43.14692368037655
19109,2016,2543,8607,29.54571860113861
19109,2020,2696,18180,14.829482948294828
19109,2024,4568,50382,9.066730181413996
19111,2000,9632,16572,58.122133719526914
19111,2004,10152,17858,56.84847127337888
19111,2008,9821,17224,57.01927542963306
19111,2012,10714,18911,56.65485696155677
19111,2016,6215,16151,38.48058943718655
19111,2020,6541,33468,19.54404207003705
19111,2024,11318,97188,11.64547063423468
19113,2000,48897,92064,53.111965589155375
19113,2004,60442,110740,54.58009752573596
19113,2008,68037,113355,60.02117242291914
19113,2012,68581,118453,57.89722505972833
19113,2016,58935,117098,50.32963842251789
19113,2020,70874,254916,27.802884087307188
19113,2024,132716,737754,17.989194230055006
19115,2000,2294,4637,49.47164114729351
19115,2004,2297,4916,46.724979658258746
19115,2008,2523,4920,51.28048780487805
19115,2012,2452,4968,49.355877616747186
19115,2016,1648,5008,32.9073482428115
19115,2020,1726,10664,16.18529632408102
19115,2024,2960,30852,9.594191624530014
19117,2000,1934,4303,44.945386939344644
19117,2004,1987,4571,43.46970028440166
19117,2008,2029,4471,45.38134645493178
19117,2012,1987,4323,45.96345130696275
19117,2016,1239,4354,28.45659163987138
19117,2020,1284,9260,13.86609071274298
19117,2024,2338,27876,8.387143062132301
19119,2000,1313,5342,24.578809434668663
19119,2004,1303,6101,21.35715456482544
19119,2008,1675,6217,26.942255106964772
19119,2012,1423,6509,21.862037179290216
19119,2016,920,6377,14.426846479535833
19119,2020,1067,13726,7.773568410316188
19119,2024,2046,42012,4.870037132247929
19121,2000,3093,6969,44.38226431338786
19121,2004,3380,8004,42.22888555722139
19121,2008,3733,8480,44.02122641509434
19121,2012,3630,8458,42.917947505320406
19121,2016,2678,8636,31.009726725335803
19121,2020,3134,19648,15.950732899022801
19121,2024,6016,60168,9.998670389575855
19123,2000,3370,9543,35.3138426071466
19123,2004,3790,10728,35.32811334824758
19123,2008,4464,10932,40.83424807903403
19123,2012,4213,10883,38.7117522741891
19123,2016,2619,10632,24.63318284424379
19123,2020,2894,22808,12.688530340231496
19123,2024,8232,74910,10.989187024429317
19125,2000,5741,14408,39.845918933925596
19125,2004,6574,16696,39.374700527072356
19125,2008,7421,17030,43.57604227833235
19125,2012,7507,17687,42.4436026460112
19125,2016,5482,17816,30.77009429726089
19125,2020,6178,38464,16.061772046589017
19125,2024,11856,117396,10.099151589491976
19127,2000,8322,17624,47.21970040853382
19127,2004,9443,19164,49.2746816948445
19127,2008,10023,18657,53.722463418556046
19127,2012,10257,19064,53.8029794376836
19127,2016,7652,17980,42.55839822024471
19127,2020,8176,36272,22.540802823114248
19127,2024,14268,103620,13.769542559351478
19129,2000,2039,5915,34.47168216398986
19129,2004,2308,6940,33.25648414985591
19129,2008,2976,7282,40.86789343586927
19129,2012,2848,7212,39.48973932334997
19129,2016,2090,7698,27.149909067290206
19129,2020,2508,16536,15.166908563134978
19129,2024,4912,49518,9.91962518680076
19131,2000,2650,5162,51.336691204959315
19131,2004,2785,5480,50.82116788321168
19131,2008,3179,5766,55.1335414498786
19131,2012,2831,5586,50.68027210884354
19131,2016,1888,5417,34.853239800627655
19131,2020,2053,11644,17.631398144967363
19131,2024,3886,34626,11.222780569514237
19133,2000,2086,4560,45.74561403508772
19133,2004,2397,5018,47.76803507373455
19133,2008,2295,4796,47.85237698081735
19133,2012,2101,4742,44.306199915647404
19133,2016,1247,4572,27.27471566054243
19133,2020,1407,9456,14.879441624365484
19133,2024,2472,27822,8.885054992452018
19135,2000,1699,3647,46.58623526185906
19135,2004,1855,3963,46.80797375725461
19135,2008,1798,3873,46.423960753937514
19135,2012,1731,3830,45.19582245430809
19135,2016,1056,3865,27.322121604139717
19135,2020,1078,8176,13.184931506849315
19135,2024,2004,24948,8.032708032708033
19137,2000,1838,5394,34.07489803485354
19137,2004,1899,5556,34.1792656587473
19137,2008,2326,5287,43.994703990921124
19137,2012,1922,5025,38.24875621890547
19137,2016,1314,5044,26.050753370341003
19137,2020,1583,10654,14.858269194668669
19137,2024,3016,30444,9.90671396662725
19139,2000,8058,16076,50.124409056979346
19139,2004,9542,18717,50.98039215686274
19139,2008,10920,19119,57.1159579475914
19139,2012,11323,19865,56.99974830103196
19139,2016,8368,19434,43.05855716785016
19139,2020,9372,41342,22.66944027865125
19139,2024,16424,118512,13.858512218172
19141,2000,2170,7044,30.80636002271437
19141,2004,2330,7731,30.138403828741428
19141,2008,2338,7333,31.88326742124642
19141,2012,1969,7341,26.821958861190577
19141,2016,1315,7406,17.755873615987035
19141,2020,1569,15102,10.389352403655144
19141,2024,2856,45150,6.325581395348837
19143,2000,913,3063,29.80737838720209
19143,2004,934,3266,28.597672994488672
19143,2008,1037,3127,33.16277582347298
19143,2012,912,3194,28.55353788353162
19143,2016,552,3213,17.180205415499533
19143,2020,601,6656,9.029447115384617
19143,2024,1110,19374,5.729327965314339
19145,2000,2293,7059,32.4833545828021
19145,2004,2211,7513,29.428989751098094
19145,2008,2900,7356,39.423599782490484
19145,2012,2613,7079,36.911993219381266
19145,2016,1807,7044,25.653038046564454
19145,2020,2086,15056,13.854941551540914
19145,2024,4120,43932,9.37812983702085
19147,2000,2326,4823,48.227244453659544
19147,2004,2482,5191,47.81352340589482
19147,2008,2428,4806,50.52018310445276
19147,2012,2139,4887,43.76918354818907
19147,2016,1398,4703,29.725706995534768
19147,2020,1519,9916,15.318676885841064
19147,2024,2676,29892,8.95222802087515
19149,2000,3499,10118,34.58193318837715
19149,2004,4278,12222,35.00245459008345
19149,2008,4629,12512,36.99648337595908
19149,2012,4164,12950,32.15444015444015
19149,2016,2885,13190,21.872630780894617
19149,2020,3494,28376,12.313222441499859
19149,2024,6208,83826,7.40581681101329
19151,2000,1736,4141,41.922241004588265
19151,2004,1822,4313,42.24437746348249
19151,2008,1800,4011,44.87658937920718
19151,2012,1523,4032,37.77281746031746
19151,2016,963,3865,24.915912031047867
19151,2020,933,7646,12.202458801987968
19151,2024,1592,21492,7.4074074074074066
19153,2000,89715,174167,51.51090619922258
19153,2004,105218,202618,51.92924616766527
19153,2008,120984,214386,56.43278945453528
19153,2012,128465,228882,56.12717470137451
19153,2016,119804,231555,51.738895726717196
19153,2020,146250,517510,28.260323472010203
19153,2024,280150,1541028,18.179423086407258
19155,2000,14726,34467,42.724925290857925
19155,2004,16906,41820,40.42563366810138
19155,2008,20436,42320,48.28922495274102
19155,2012,19644,42301,46.43861847237654
19155,2016,15355,42680,35.97703842549203
19155,2020,18575,91488,20.303209164043373
19155,2024,34936,267354,13.06731898531535
19157,2000,4222,8980,47.01559020044543
19157,2004,5043,10091,49.97522544841939
19157,2008,5519,10031,55.01943973681587
19157,2012,5357,9975,53.70426065162908
19157,2016,4304,9833,43.77097528729787
19157,2020,4306,20280,21.232741617357
19157,2024,8134,60078,13.53906588102134
19159,2000,1246,2692,46.2852897473997
19159,2004,1286,2778,46.292296616270704
19159,2008,1236,2689,45.96504276682782
19159,2012,1186,2599,45.63293574451712
19159,2016,753,2707,27.81677133357961
19159,2020,709,5428,13.06190125276345
19159,2024,1276,16116,7.917597418714322
19161,2000,2099,5033,41.70474865885158
19161,2004,2215,5374,41.21697059918124
19161,2008,2256,5053,44.64674450821294
19161,2012,2122,5291,40.10584010584011
19161,2016,1270,5212,24.36684574059862
19161,2020,1389,11070,12.547425474254743
19161,2024,2578,32760,7.869352869352869
19163,2000,35857,70568,50.811982768393605
19163,2004,42122,82722,50.91994874398588
19163,2008,48927,86371,56.647485845943656
19163,2012,50652,90263,56.116016529474976
19163,2016,40440,86220,46.90327070285317
19163,2020,46926,185198,25.338286590567932
19163,2024,84958,540798,15.709747447290855
19165,2000,2179,6009,36.2622732567815
19165,2004,2355,6670,35.30734632683658
19165,2008,2863,6453,44.366961103362776
19165,2012,2469,6483,38.08422026839426
19165,2016,1662,6370,26.091051805337518
19165,2020,1959,13590,14.415011037527595
19165,2024,3622,39030,9.280040994107097
19167,2000,2148,14692,14.620201470187858
19167,2004,2259,16570,13.633071816535908
19167,2008,3030,16664,18.18290926548248
19167,2012,2700,17308,15.59972267159695
19167,2016,2300,18194,12.641530174782895
19167,2020,3019,38102,7.923468584326282
19167,2024,5252,114006,4.606775082013227
19169,2000,17478,35364,49.42314217848659
19169,2004,23296,44652,52.17235510167517
19169,2008,26548,46575,57.00053676865271
19169,2012,26192,47150,55.55037115588547
19169,2016,25709,50667,50.74111354530563
19169,2020,29175,102076,28.58164504878718
19169,2024,53530,297156,18.014107068341207
19171,2000,4045,8315,48.647023451593505
19171,2004,4487,9001,49.85001666481502
19171,2008,4899,8850,55.355932203389834
19171,2012,4768,9017,52.877897305090386
19171,2016,3196,8752,36.517367458866545
19171,2020,3577,18096,19.76679929266136
19171,2024,6140,51696,11.877127824203033
19173,2000,1247,3096,40.27777777777778
19173,2004,1252,3190,39.24764890282132
19173,2008,1347,3026,44.5142101784534
19173,2012,1262,2995,42.13689482470785
19173,2016,758,3029,25.024760647078242
19173,2020,746,6498,11.480455524776854
19173,2024,1332,18486,7.205452775073027
19175,2000,2540,5740,44.25087108013937
19175,2004,2747,5978,45.95182335229174
19175,2008,3000,5909,50.7700118463361
19175,2012,3043,5957,51.082759778411955
19175,2016,1922,5832,32.95610425240055
19175,2020,2061,12370,16.661277283751012
19175,2024,3748,36078,10.388602472420866
19177,2000,1440,3561,40.438079191238415
19177,2004,1568,3836,40.87591240875913
19177,2008,1546,3608,42.84922394678492
19177,2012,1402,3569,39.28271224432614
19177,2016,845,3561,23.72928952541421
19177,2020,875,7582,11.54049063571617
19177,2024,1556,21750,7.154022988505747
19179,2000,8355,15139,55.18858577184754
19179,2004,9125,16707,54.61782486382953
19179,2008,8820,15931,55.363756198606495
19179,2012,8663,15770,54.933417882054535
19179,2016,5594,15149,36.92652980394745
19179,2020,5821,31266,18.617667754109895
19179,2024,9792,87498,11.191112939724336
19181,2000,9521,19653,48.44552994453773
19181,2004,10730,23053,46.544918231900404
19181,2008,12299,24880,49.43327974276527
19181,2012,12551,26072,48.139766799631786
19181,2016,10411,27300,38.13553113553114
19181,2020,12574,62078,20.25516285962821
19181,2024,25424,196824,12.917123927976263
19183,2000,3932,9094,43.237299318231806
19183,2004,4595,10688,42.99214071856288
19183,2008,5170,10626,48.65424430641822
19183,2012,5115,11004,46.48309705561614
19183,2016,3943,10929,36.07832372586696
19183,2020,4561,23530,19.383765405864853
19183,2024,8594,69528,12.360487861005637
19185,2000,1300,3021,43.032108573320095
19185,2004,1379,3133,44.015320778806256
19185,2008,1357,2980,45.53691275167785
19185,2012,1251,2900,43.137931034482754
19185,2016,719,2940,24.45578231292517
19185,2020,727,6218,11.691862335156
19185,2024,1286,18744,6.860862142552284
19187,2000,8479,17048,49.736039418113556
19187,2004,9561,18631,51.317696312597285
19187,2008,9917,18554,53.44939096690741
19187,2012,9537,18292,52.13754646840149
19187,2016,6305,17430,36.173264486517496
19187,2020,6613,35644,18.552912131073953
19187,2024,11282,100488,11.227211209298622
19189,2000,2691,5527,48.68825764429166
19189,2004,2707,5952,45.480510752688176
19189,2008,3254,6082,53.50213745478462
19189,2012,2903,5918,49.0537343697195
19189,2016,1931,5787,33.36789355451875
19189,2020,2135,11940,17.88107202680067
19189,2024,3818,33852,11.278506439796763
19191,2000,4339,9417,46.076245088669424
19191,2004,5354,10784,49.647626112759646
19191,2008,6829,11280,60.540780141843975
19191,2012,6256,11084,56.44171779141104
19191,2016,5254,11362,46.24185882767119
19191,2020,5617,24128,23.280006631299734
19191,2024,10642,71874,14.806466872582574
19193,2000,17691,37896,46.68302723242558
19193,2004,21455,44195,48.54621563525286
19193,2008,21983,44801,49.06810115845629
19193,2012,22302,45019,49.53908349807859
19193,2016,16210,43718,37.07854888146759
19193,2020,18704,90724,20.61637493937657
19193,2024,32290,257526,12.538539797923317
19195,2000,2208,4004,55.14485514485514
19195,2004,2286,4123,55.4450642735872
19195,2008,2567,4257,60.30068123091379
19195,2012,2350,4172,56.32790028763183
19195,2016,1530,4257,35.94080338266385
19195,2020,1596,8836,18.062471706654595
19195,2024,3016,25722,11.725371277505637
19197,2000,2796,6336,44.128787878787875
19197,2004,2930,6603,44.373769498712704
19197,2008,3102,6395,48.506645817044564
19197,2012,2836,6278,45.173622172666455
19197,2016,1896,6026,31.46365748423498
19197,2020,1996,12508,15.957787016309563
19197,2024,3540,34338,10.309278350515463
20001,2000,2132,5766,36.975372875476936
20001,2004,1922,5873,32.72603439468755
20001,2008,2189,5855,37.3868488471392
20001,2012,1869,5310,35.19774011299435
20001,2016,1433,5454,26.27429409607627
20001,2020,1570,5892,26.64630006788866
20001,2024,1445,5600,25.80357142857143
20003,2000,1327,3478,38.15411155836688
20003,2004,1295,3863,33.52316852187419
20003,2008,1175,3626,32.404853833425264
20003,2012,944,3315,28.476621417797887
20003,2016,672,3350,20.059701492537314
20003,2020,782,3792,20.622362869198312
20003,2024,732,3791,19.30888947507254
20005,2000,3171,6900,45.95652173913044
20005,2004,3120,7118,43.832537229558866
20005,2008,3241,7191,45.070226672229175
20005,2012,2567,6674,38.46269103985615
20005,2016,1989,6575,30.250950570342205
20005,2020,2359,7440,31.706989247311828
20005,2024,2201,7255,30.337698139214336
20007,2000,637,2498,25.500400320256205
20007,2004,588,2403,24.469413233458177
20007,2008,598,2462,24.289195775792038
20007,2012,482,2314,20.829732065687125
20007,2016,286,2252,12.699822380106571
20007,2020,291,2342,12.425277540563622
20007,2024,288,2170,13.27188940092166
20009,2000,3238,10955,29.557279780921952
20009,2004,2874,11706,24.551512045105074
20009,2008,3027,11057,27.376322691507642
20009,2012,2297,10341,22.21255197756503
20009,2016,1839,10269,17.908267601519135
20009,2020,2340,11130,21.024258760107816
20009,2024,2207,10570,20.879848628193
20011,2000,2211,6308,35.05072923272036
20011,2004,2216,6686,33.14388274005384
20011,2008,2394,6781,35.30452735584722
20011,2012,1996,6254,31.915574032619126
20011,2016,1336,6093,21.926801247333007
20011,2020,1541,6676,23.082684242061113
20011,2024,1444,6572,21.972002434570907
20013,2000,1512,4691,32.23193348966105
20013,2004,1268,4418,28.700769578995022
20013,2008,1317,4376,30.09597806215722
20013,2012,1076,3993,26.947157525669923
20013,2016,863,4036,21.382556987115954
20013,2020,1104,4471,24.692462536345335
20013,2024,1065,4258,25.01174260216064
20015,2000,6755,21002,32.16360346633654
20015,2004,7495,26280,28.51978691019787
20015,2008,9159,27873,32.859756753847805
20015,2012,7282,26085,27.916427065363237
20015,2016,6573,27657,23.766135155656794
20015,2020,9181,32520,28.231857318573184
20015,2024,9150,32236,28.384414939818836
20017,2000,391,1317,29.68868640850418
20017,2004,418,1501,27.848101265822784
20017,2008,383,1384,27.673410404624278
20017,2012,358,1271,28.16679779701023
20017,2016,316,1369,23.082542001460922
20017,2020,345,1491,23.138832997987926
20017,2024,348,1462,23.803009575923394
20019,2000,443,1880,23.56382978723404
20019,2004,404,1960,20.612244897959183
20019,2008,401,1852,21.652267818574515
20019,2012,280,1630,17.177914110429448
20019,2016,197,1481,13.301823092505064
20019,2020,212,1639,12.934716290420988
20019,2024,211,1527,13.817943680419123
20021,2000,3783,9130,41.43483023001095
20021,2004,3726,9913,37.58700696055685
20021,2008,3594,9665,37.18572167615106
20021,2012,2930,8571,34.185042585462604
20021,2016,2005,8620,23.25986078886311
20021,2020,2194,9128,24.035933391761613
20021,2024,1970,8717,22.599518182861075
20023,2000,350,1727,20.26635784597568
20023,2004,320,1692,18.912529550827422
20023,2008,323,1498,21.56208277703605
20023,2012,233,1426,16.339410939691447
20023,2016,181,1407,12.864250177683015
20023,2020,224,1429,15.675297410776768
20023,2024,206,1422,14.486638537271448
20025,2000,292,1261,23.156225218080888
20025,2004,257,1291,19.907048799380327
20025,2008,245,1159,21.138912855910267
20025,2012,174,1017,17.10914454277286
20025,2016,120,1005,11.940298507462686
20025,2020,143,1067,13.402061855670103
20025,2024,129,1014,12.721893491124261
20027,2000,951,4088,23.26320939334638
20027,2004,793,4010,19.77556109725686
20027,2008,1009,4054,24.888998519980266
20027,2012,834,3686,22.626153011394464
20027,2016,677,3820,17.722513089005236
20027,2020,894,4182,21.37733142037303
20027,2024,867,4113,21.079504011670313
20029,2000,1314,4503,29.18054630246502
20029,2004,1210,4503,26.87097490561848
20029,2008,1233,4451,27.7016400808807
20029,2012,974,4058,24.001971414489898
20029,2016,761,3930,19.36386768447837
20029,2020,920,4263,21.581046211588085
20029,2024,767,4047,18.95231035334816
20031,2000,1196,4040,29.603960396039604
20031,2004,1093,4408,24.795825771324864
20031,2008,1121,4232,26.48865784499055
20031,2012,898,3906,22.990271377368153
20031,2016,727,4068,17.87118977384464
20031,2020,964,4565,21.11719605695509
20031,2024,934,4377,21.338816541009827
20033,2000,211,1006,20.974155069582505
20033,2004,200,981,20.38735983690112
20033,2008,194,974,19.917864476386036
20033,2012,143,928,15.40948275862069
20033,2016,102,867,11.76470588235294
20033,2020,126,916,13.755458515283841
20033,2024,130,874,14.874141876430205
20035,2000,5535,14210,38.95144264602393
20035,2004,4818,14447,33.34948432200457
20035,2008,5012,13787,36.35308624066149
20035,2012,4319,12710,33.98111723052714
20035,2016,3551,12621,28.13564693764361
20035,2020,4273,14231,30.025999578385214
20035,2024,3919,13505,29.018881895594223
20037,2000,7076,15034,47.06664892909405
20037,2004,7617,16527,46.08821927754583
20037,2008,7957,16075,49.49922239502333
20037,2012,6826,14945,45.67413850786216
20037,2016,5199,14891,34.91370626552951
20037,2020,6179,16645,37.122258936617605
20037,2024,5956,16334,36.463817803354964
20039,2000,424,1759,24.104604889141555
20039,2004,355,1740,20.402298850574713
20039,2008,343,1548,22.157622739018088
20039,2012,266,1532,17.362924281984334
20039,2016,178,1452,12.258953168044078
20039,2020,218,1498,14.552736982643525
20039,2024,215,1452,14.807162534435262
20041,2000,2413,8092,29.819574888779044
20041,2004,2364,8791,26.891138664543284
20041,2008,2422,8667,27.945079035421717
20041,2012,2020,8042,25.118129818453124
20041,2016,1609,8210,19.598051157125457
20041,2020,2060,9349,22.03444218633009
20041,2024,1989,9144,21.751968503937007
20043,2000,1134,3649,31.077007399287478
20043,2004,1065,3603,29.558701082431305
20043,2008,1115,3564,31.285072951739618
20043,2012,902,3403,26.506024096385545
20043,2016,587,3378,17.37714624037892
20043,2020,686,3709,18.495551361552977
20043,2024,626,3577,17.500698909700866
20045,2000,18249,39838,45.80802249108891
20045,2004,28634,50111,57.14114665442717
20045,2008,34398,53398,64.41814300161055
20045,2012,29267,48145,60.78928237615536
20045,2016,31195,50087,62.28162996386288
20045,2020,40785,59495,68.55197915791244
20045,2024,39582,58041,68.19661963095054
20047,2000,447,1563,28.598848368522074
20047,2004,386,1496,25.802139037433154
20047,2008,333,1357,24.53942520265291
20047,2012,298,1385,21.51624548736462
20047,2016,212,1319,16.07278241091736
20047,2020,271,1431,18.93780573025856
20047,2024,213,1269,16.78486997635934
20049,2000,402,1550,25.93548387096774
20049,2004,369,1515,24.356435643564357
20049,2008,363,1434,25.313807531380757
20049,2012,281,1369,20.525931336742147
20049,2016,160,1259,12.708498808578236
20049,2020,195,1361,14.327700220426157
20049,2024,191,1338,14.275037369207771
20051,2000,3926,11160,35.17921146953405
20051,2004,4033,12187,33.092639698038894
20051,2008,4010,12447,32.216598377118984
20051,2012,3057,11714,26.096977975072562
20051,2016,2742,11947,22.951368544404453
20051,2020,3737,13800,27.07971014492754
20051,2024,3511,13511,25.98623343941973
20053,2000,825,2839,29.059528002817892
20053,2004,801,3102,25.822050290135394
20053,2008,851,2938,28.965282505105517
20053,2012,702,2712,25.88495575221239
20053,2016,521,2679,19.44755505785741
20053,2020,648,2853,22.71293375394322
20053,2024,636,2758,23.060188542422043
20055,2000,2431,9150,26.56830601092896
20055,2004,2351,9933,23.66857948253297
20055,2008,3275,10354,31.630287811473828
20055,2012,2682,9084,29.52443857331572
20055,2016,3195,10159,31.449945860813074
20055,2020,4325,11800,36.652542372881356
20055,2024,3425,10782,31.765906139862732
20057,2000,2566,8917,28.776494336660313
20057,2004,2286,9016,25.35492457852706
20057,2008,2991,8864,33.74323104693141
20057,2012,2600,8362,31.093039942597468
20057,2016,2149,7718,27.844001036537964
20057,2020,2947,8915,33.056646102075156
20057,2024,2461,8224,29.924610894941633
20059,2000,3321,9658,34.38600124249327
20059,2004,3921,11476,34.16695712791913
20059,2008,4433,11739,37.76301218161684
20059,2012,3694,10990,33.61237488626024
20059,2016,2892,10965,26.37482900136799
20059,2020,3690,12477,29.574416927145947
20059,2024,3676,12708,28.926660371419576
20061,2000,2660,6866,38.74162540052432
20061,2004,2531,7328,34.53875545851528
20061,2008,3491,8094,43.130714109216704
20061,2012,3332,7845,42.47291268323773
20061,2016,2722,7504,36.27398720682303
20061,2020,3983,9603,41.47662188899302
20061,2024,3674,9163,40.096038415366145
20063,2000,296,1495,19.79933110367893
20063,2004,247,1467,16.83708248125426
20063,2008,261,1418,18.40620592383639
20063,2012,176,1383,12.72595806218366
20063,2016,149,1343,11.094564408041698
20063,2020,166,1471,11.284840244731475
20063,2024,150,1396,10.744985673352435
20065,2000,346,1474,23.473541383989144
20065,2004,334,1440,23.194444444444446
20065,2008,325,1423,22.839072382290933
20065,2012,256,1340,19.1044776119403
20065,2016,188,1284,14.641744548286603
20065,2020,228,1337,17.053103964098728
20065,2024,210,1287,16.317016317016318
20067,2000,683,2856,23.914565826330534
20067,2004,561,2758,20.340826686004352
20067,2008,635,2661,23.863209319804586
20067,2012,456,2306,19.774501300954032
20067,2016,441,2389,18.45960652992884
20067,2020,518,2501,20.71171531387445
20067,2024,395,2220,17.792792792792792
20069,2000,482,2160,22.314814814814817
20069,2004,408,2245,18.173719376391983
20069,2008,436,2119,20.575743275129778
20069,2012,324,1958,16.547497446373853
20069,2016,263,2066,12.729912875121007
20069,2020,341,2288,14.903846153846153
20069,2024,324,2193,14.774281805745554
20071,2000,143,803,17.80821917808219
20071,2004,138,735,18.775510204081634
20071,2008,151,745,20.268456375838927
20071,2012,113,670,16.865671641791042
20071,2016,83,650,12.769230769230768
20071,2020,78,641,12.168486739469579
20071,2024,75,593,12.647554806070826
20073,2000,1027,3561,28.84021342319573
20073,2004,911,3244,28.0826140567201
20073,2008,622,2279,27.292672224659935
20073,2012,478,2123,22.51530852567122
20073,2016,485,2840,17.077464788732392
20073,2020,569,3077,18.492037699057523
20073,2024,541,2884,18.75866851595007
20075,2000,264,1192,22.14765100671141
20075,2004,229,1130,20.265486725663717
20075,2008,233,1096,21.259124087591243
20075,2012,163,877,18.586088939566707
20075,2016,121,876,13.812785388127855
20075,2020,141,859,16.41443538998836
20075,2024,131,815,16.07361963190184
20077,2000,869,3055,28.44517184942717
20077,2004,727,2930,24.812286689419796
20077,2008,736,2796,26.32331902718169
20077,2012,550,2389,23.022185014650482
20077,2016,393,2578,15.244375484871995
20077,2020,461,2678,17.214339058999254
20077,2024,437,2555,17.10371819960861
20079,2000,4591,13684,33.55013154048524
20079,2004,5331,15110,35.28127068166777
20079,2008,6318,15613,40.46627810158201
20079,2012,5373,14294,37.589198265006296
20079,2016,5068,14916,33.97693751676052
20079,2020,6747,17309,38.979721532150904
20079,2024,6202,16086,38.55526544821584
20081,2000,263,1616,16.274752475247524
20081,2004,227,1599,14.196372732958098
20081,2008,278,1570,17.70700636942675
20081,2012,215,1396,15.401146131805158
20081,2016,245,1354,18.09453471196455
20081,2020,268,1410,19.00709219858156
20081,2024,221,1278,17.29264475743349
20083,2000,217,1088,19.94485294117647
20083,2004,223,1183,18.850380388841927
20083,2008,211,1096,19.251824817518248
20083,2012,179,1060,16.88679245283019
20083,2016,124,1017,12.192723697148477
20083,2020,154,1045,14.736842105263156
20083,2024,136,966,14.078674948240167
20085,2000,1990,5250,37.904761904761905
20085,2004,2064,5888,35.05434782608695
20085,2008,2308,6253,36.91028306412922
20085,2012,1901,5561,34.18449919079302
20085,2016,1512,5818,25.98831213475421
20085,2020,1881,6584,28.569258809234512
20085,2024,1799,6474,27.788075378436822
20087,2000,3000,7877,38.08556557064872
20087,2004,3253,8793,36.99533720004549
20087,2008,3542,8950,39.57541899441341
20087,2012,2977,8013,37.15212779233745
20087,2016,2518,8337,30.202710807244813
20087,2020,3194,9782,32.65180944592108
20087,2024,3030,9927,30.522816560894526
20089,2000,380,1877,20.24507192328183
20089,2004,385,1915,20.10443864229765
20089,2008,313,1584,19.76010101010101
20089,2012,229,1497,15.297261189044756
20089,2016,180,1494,12.048192771084338
20089,2020,212,1628,13.022113022113022
20089,2024,176,1574,11.181702668360865
20091,2000,79118,217536,36.37007208002353
20091,2004,97866,258687,37.83181992137216
20091,2008,127091,283432,44.84003217703012
20091,2012,110526,274365,40.28429282160626
20091,2016,129852,290090,44.76265986418008
20091,2020,184259,347214,53.06784864665596
20091,2024,192,1301,14.757878554957724
20093,2000,320,1435,22.299651567944252
20093,2004,272,1455,18.694158075601376
20093,2008,309,1482,20.850202429149796
20093,2012,268,1386,19.336219336219337
20093,2016,174,1316,13.221884498480243
20093,2020,267,1455,18.350515463917525
20093,2024,753,3947,19.077780592855333
20095,2000,991,3808,26.024159663865547
20095,2004,904,3764,24.017003188097767
20095,2008,963,3664,26.282751091703055
20095,2012,733,3231,22.686474775611266
20095,2016,599,3334,17.96640671865627
20095,2020,752,3949,19.042795644466953
20095,2024,151,1107,13.640469738030713
20097,2000,294,1608,18.28358208955224
20097,2004,256,1565,16.357827476038338
20097,2008,200,1135,17.62114537444934
20097,2012,163,1144,14.248251748251747
20097,2016,114,1079,10.56533827618165
20097,2020,156,1165,13.390557939914164
20097,2024,2385,7921,30.109834616841308
20099,2000,3745,8538,43.86273131881003
20099,2004,3615,9139,39.55575008206587
20099,2008,3839,9031,42.50913520097443
20099,2012,3117,8037,38.78312803284808
20099,2016,2291,8107,28.259528802269646
20099,2020,2655,8563,31.005488730585075
20099,2024,111,843,13.167259786476867
20101,2000,252,1133,22.241835834068844
20101,2004,181,1014,17.850098619329387
20101,2008,193,1027,18.792599805258035
20101,2012,172,928,18.53448275862069
20101,2016,106,871,12.169919632606199
20101,2020,115,895,12.849162011173185
20101,2024,13732,36547,37.573535447505954
20103,2000,9733,23271,41.824588543680974
20103,2004,11039,27331,40.39003329552523
20103,2008,13255,30591,43.32973750449479
20103,2012,11357,29085,39.04761904761905
20103,2016,10209,30301,33.691957361143196
20103,2020,13886,36490,38.05426144149082
20103,2024,250,1507,16.5892501658925
20105,2000,469,1890,24.814814814814813
20105,2004,391,1800,21.722222222222225
20105,2008,347,1586,21.878940731399748
20105,2012,289,1483,19.487525286581253
20105,2016,215,1464,14.685792349726775
20105,2020,266,1579,16.846105129829006
20105,2024,854,5016,17.025518341307816
20107,2000,1587,4259,37.26226813806058
20107,2004,1631,4741,34.40202488926386
20107,2008,1425,4617,30.864197530864196
20107,2012,1170,4467,26.19207521826729
20107,2016,736,4427,16.62525412243054
20107,2020,896,5046,17.756638921918352
20107,2024,183,1400,13.071428571428573
20109,2000,231,1397,16.535433070866144
20109,2004,248,1523,16.283650689428757
20109,2008,225,1440,15.625
20109,2012,197,1350,14.592592592592593
20109,2016,149,1357,10.980103168754605
20109,2020,186,1458,12.757201646090536
20109,2024,5515,13256,41.60380205190102
20111,2000,5190,12455,41.67001204335608
20111,2004,5234,13440,38.94345238095238
20111,2008,5924,12911,45.88335527844474
20111,2012,5111,11875,43.04
20111,2016,4649,12288,37.83365885416667
20111,2020,6055,13988,43.28710323134115
20111,2024,1429,5870,24.344122657580918
20113,2000,3272,12461,26.257924725142445
20113,2004,3589,13367,26.849704496147233
20113,2008,4218,13386,31.51053339309727
20113,2012,3449,12297,28.047491258030416
20113,2016,3226,12742,25.317846491916495
20113,2020,4134,14438,28.632774622523893
20113,2024,247,1695,14.57227138643068
20115,2000,1475,5903,24.98729459596815
20115,2004,1536,6159,24.939113492450073
20115,2008,1801,6059,29.72437695989437
20115,2012,1385,5409,25.605472360880015
20115,2016,1204,5624,21.408250355618776
20115,2020,1516,6111,24.807723776795942
20115,2024,1205,4968,24.255233494363928
20117,2000,1831,5115,35.79667644183773
20117,2004,1789,5108,35.02349256068912
20117,2008,1784,5036,35.42494042891183
20117,2012,1469,4773,30.777288916823803
20117,2016,1072,4673,22.940295313503103
20117,2020,1259,5114,24.61869378177552
20117,2024,4021,14104,28.50964265456608
20119,2000,400,2053,19.48368241597662
20119,2004,356,2121,16.784535596416784
20119,2008,357,1931,18.487830139823924
20119,2012,258,1709,15.096547688706845
20119,2016,210,1720,12.209302325581394
20119,2020,263,1825,14.410958904109588
20119,2024,5472,18685,29.285523146909288
20121,2000,4554,11607,39.23494443008529
20121,2004,4838,14016,34.51769406392694
20121,2008,5742,15377,37.34148403459713
20121,2012,4712,14856,31.717824448034467
20121,2016,3991,15022,26.56770070563174
20121,2020,5247,17937,29.252383341695936
20121,2024,528,3172,16.64564943253468
20123,2000,751,3266,22.994488671157377
20123,2004,693,3349,20.692744102717228
20123,2008,701,3203,21.885732126131753
20123,2012,584,2965,19.6964586846543
20123,2016,477,2942,16.213460231135283
20123,2020,558,3101,17.99419542083199
20123,2024,2934,12441,23.583313238485655
20125,2000,4770,13745,34.70352855583849
20125,2004,4338,14116,30.731085293284217
20125,2008,4338,13907,31.19292442654778
20125,2012,3501,12417,28.19521623580575
20125,2016,2637,12004,21.96767744085305
20125,2020,3228,13426,24.042901832265752
20125,2024,721,2792,25.823782234957022
20127,2000,882,2641,33.39644074214313
20127,2004,931,2936,31.70980926430518
20127,2008,907,2841,31.92537838789159
20127,2012,718,2562,28.024980483996874
20127,2016,601,2624,22.903963414634145
20127,2020,729,2899,25.14660227664712
20127,2024,131,1060,12.358490566037736
20129,2000,321,1557,20.616570327552985
20129,2004,276,1576,17.512690355329948
20129,2008,229,1402,16.333808844507846
20129,2012,189,1278,14.788732394366196
20129,2016,147,1192,12.332214765100671
20129,2020,150,1198,12.520868113522537
20129,2024,888,5620,15.800711743772242
20131,2000,1494,5290,28.24196597353497
20131,2004,1355,5463,24.803221673073402
20131,2008,1432,5359,26.721403246874413
20131,2012,1000,5026,19.896538002387583
20131,2016,725,5122,14.154627098789534
20131,2020,927,5684,16.308937368050668
20131,2024,1696,6784,25
20133,2000,2588,6886,37.58350275922161
20133,2004,2424,7231,33.52233439358318
20133,2008,2563,7192,35.63681868743048
20133,2012,2050,6480,31.635802469135804
20133,2016,1501,6314,23.772568894520113
20133,2020,1796,6877,26.116038970481313
20133,2024,129,1363,9.46441672780631
20135,2000,383,1876,20.41577825159915
20135,2004,382,1818,21.012101210121013
20135,2008,289,1525,18.950819672131146
20135,2012,218,1444,15.096952908587259
20135,2016,162,1454,11.141678129298487
20135,2020,149,1513,9.847984137475214
20135,2024,346,2270,15.242290748898679
20137,2000,598,2451,24.398204814361485
20137,2004,473,2599,18.19930742593305
20137,2008,497,2415,20.579710144927535
20137,2012,398,2325,17.118279569892472
20137,2016,281,2234,12.578334825425246
20137,2020,364,2415,15.072463768115943
20137,2024,1946,7892,24.657881398884946
20139,2000,2530,6613,38.257976712535914
20139,2004,2537,7463,33.99437223636607
20139,2008,2534,7544,33.58960763520679
20139,2012,2268,6906,32.841007819287576
20139,2016,1753,7046,24.87936417825717
20139,2020,2136,8035,26.58369632856254
20139,2024,261,1774,14.71251409244645
20141,2000,484,2030,23.842364532019705
20141,2004,454,2075,21.879518072289155
20141,2008,403,1930,20.88082901554404
20141,2012,324,1838,17.6278563656148
20141,2016,233,1788,13.031319910514542
20141,2020,281,1945,14.447300771208226
20141,2024,476,3003,15.85081585081585
20143,2000,631,2791,22.608384091723398
20143,2004,595,2971,20.02692696061932
20143,2008,704,3086,22.812702527543745
20143,2012,558,2933,19.02488919195363
20143,2016,424,2903,14.605580434033758
20143,2020,506,3191,15.85709808837355
20143,2024,625,2675,23.364485981308412
20145,2000,968,2940,32.92517006802721
20145,2004,773,2988,25.870147255689425
20145,2008,882,2879,30.635637374088226
20145,2012,718,2608,27.530674846625768
20145,2016,579,2661,21.758737316798197
20145,2020,643,2739,23.47572106608251
20145,2024,331,2747,12.04950855478704
20147,2000,611,2792,21.883954154727796
20147,2004,557,2847,19.564453811029153
20147,2008,525,2667,19.68503937007874
20147,2012,382,2565,14.892787524366472
20147,2016,300,2664,11.26126126126126
20147,2020,318,2781,11.434735706580366
20147,2024,3394,13472,25.192992874109265
20149,2000,2037,7731,26.348467209934036
20149,2004,2176,8823,24.66281310211946
20149,2008,2599,9837,26.42065670427976
20149,2012,2335,9479,24.633400147694903
20149,2016,2225,10693,20.80800523707098
20149,2020,3313,13083,25.322938164029658
20149,2024,954,4082,23.37089661930426
20151,2000,1314,4416,29.7554347826087
20151,2004,1200,4384,27.37226277372263
20151,2008,1294,4190,30.88305489260143
20151,2012,980,3801,25.78268876611418
20151,2016,771,3842,20.067673086933887
20151,2020,933,4137,22.552574329224075
20151,2024,176,1403,12.544547398431932
20153,2000,306,1740,17.586206896551722
20153,2004,289,1720,16.80232558139535
20153,2008,273,1549,17.624273724983862
20153,2012,190,1444,13.157894736842104
20153,2016,163,1472,11.073369565217392
20153,2020,214,1504,14.22872340425532
20153,2024,8554,26940,31.752041573867857
20155,2000,9025,25430,35.48957923712151
20155,2004,9114,27324,33.35529205094422
20155,2008,9916,26512,37.4019312009656
20155,2012,8085,24422,33.10539677340103
20155,2016,6837,24210,28.24039653035936
20155,2020,8886,27941,31.802727175119
20155,2024,396,2443,16.209578387228817
20157,2000,604,2985,20.234505862646564
20157,2004,607,2889,21.01073035652475
20157,2008,640,2671,23.961063272182702
20157,2012,477,2686,17.758749069247955
20157,2016,375,2529,14.827995255041518
20157,2020,424,2657,15.957847196085812
20157,2024,825,3966,20.8018154311649
20159,2000,1422,4520,31.46017699115044
20159,2004,1130,4376,25.822669104204753
20159,2008,1163,4021,28.923153444416812
20159,2012,911,3681,24.748709589785385
20159,2016,695,3804,18.27024185068349
20159,2020,965,4319,22.34313498495022
20159,2024,12063,24313,49.61543207337638
20161,2000,6188,18253,33.90127650249274
20161,2004,7908,20911,37.81741667065181
20161,2008,10495,22997,45.636387354872376
20161,2012,8977,21101,42.54300744040567
20161,2016,9341,21532,43.38194315437489
20161,2020,12765,25171,50.71312224385205
20161,2024,349,2534,13.772691397000788
20163,2000,597,2775,21.513513513513512
20163,2004,534,2710,19.70479704797048
20163,2008,468,2588,18.083462132921174
20163,2012,361,2460,14.67479674796748
20163,2016,275,2419,11.368334022323275
20163,2020,339,2699,12.560207484253427
20163,2024,264,1606,16.43835616438356
20165,2000,505,1854,27.238403451995687
20165,2004,517,1789,28.89882615986585
20165,2008,504,1781,28.298708590679393
20165,2012,367,1570,23.37579617834395
20165,2016,233,1503,15.502328675981369
20165,2020,295,1677,17.59093619558736
20165,2024,608,3301,18.418661011814603
20167,2000,886,3482,25.445146467547385
20167,2004,810,3525,22.97872340425532
20167,2008,736,3293,22.350440327968418
20167,2012,593,3200,18.53125
20167,2016,461,3193,14.437832759160665
20167,2020,600,3467,17.306028266512836
20167,2024,7734,23226,33.298889175923534
20169,2000,7487,21527,34.779579133181585
20169,2004,7524,23041,32.6548326895534
20169,2008,8186,22788,35.922415306301566
20169,2012,7040,21496,32.75027912169706
20169,2016,6317,22064,28.63034807831762
20169,2020,8214,24531,33.4841628959276
20169,2024,248,2135,11.61592505854801
20171,2000,418,2303,18.150238818931825
20171,2004,347,2299,15.09351892127012
20171,2008,321,2179,14.731528223955943
20171,2012,277,2052,13.499025341130604
20171,2016,236,2202,10.717529518619436
20171,2020,299,2354,12.701784197111298
20171,2024,1354,4565,29.660460021905806
20173,2000,62561,163417,38.28304276788829
20173,2004,64839,177679,36.492213486118224
20173,2008,82337,192733,42.72075876990448
20173,2012,71977,182895,39.354274310396676
20173,2016,69627,188783,36.88202857248799
20173,2020,95870,223688,42.85880333321412
20173,2024,126,1373,9.176984705025491
20175,2000,1126,5096,22.09576138147567
20175,2004,1122,5439,20.628792057363484
20175,2008,1493,5336,27.97976011994003
20175,2012,1490,5176,28.786707882534774
20175,2016,1628,5038,32.314410480349345
20175,2020,1833,5294,34.62410275783906
20175,2024,379,2593,14.616274585422289
20177,2000,34818,74373,46.81537654794079
20177,2004,36264,81577,44.45370631427976
20177,2008,41235,84177,48.98606507715884
20177,2012,36975,76508,48.32827939561876
20177,2016,33926,75406,44.99111476540328
20177,2020,43015,85657,50.217728848780595
20177,2024,300,2006,14.955134596211368
20179,2000,281,1489,18.871725990597714
20179,2004,239,1406,16.998577524893317
20179,2008,254,1376,18.459302325581394
20179,2012,168,1342,12.518628912071536
20179,2016,127,1374,9.243085880640466
20179,2020,147,1445,10.173010380622838
20179,2024,326,1909,17.07700366684128
20181,2000,681,2682,25.39149888143177
20181,2004,632,2762,22.88196958725561
20181,2008,688,2704,25.443786982248522
20181,2012,577,2623,21.997712542889822
20181,2016,347,2612,13.284839203675345
20181,2020,396,2727,14.521452145214523
20181,2024,115,664,17.319277108433734
20183,2000,534,2184,24.45054945054945
20183,2004,540,2370,22.78481012658228
20183,2008,446,2204,20.235934664246823
20183,2012,358,2023,17.696490360850223
20183,2016,297,2042,14.54456415279138
20183,2020,336,2129,15.782057303898544
20183,2024,210,1835,11.444141689373296
20185,2000,567,2200,25.772727272727273
20185,2004,506,2186,23.14730100640439
20185,2008,542,2074,26.133076181292186
20185,2012,404,1839,21.968461120174005
20185,2016,304,1896,16.033755274261605
20185,2020,357,2034,17.551622418879056
20185,2024,2527,10549,23.95487723954877
20187,2000,215,1029,20.89407191448008
20187,2004,165,966,17.080745341614907
20187,2008,188,827,22.732769044740024
20187,2012,143,759,18.84057971014493
20187,2016,115,637,18.053375196232338
20187,2020,148,776,19.072164948453608
20187,2024,597,3664,16.293668122270745
20189,2000,345,2111,16.34296541923259
20189,2004,310,2265,13.686534216335541
20189,2008,283,2127,13.305124588622471
20189,2012,252,2034,12.389380530973451
20189,2016,220,1891,11.634056054997357
20189,2020,237,2031,11.669128508124077
20189,2024,216,1587,13.610586011342155
20191,2000,3549,10232,34.68530101641908
20191,2004,3217,10488,30.673150266971778
20191,2008,3353,10337,32.436877237109414
20191,2012,2658,9141,29.077781424351823
20191,2016,2076,9722,21.353630940135773
20191,2020,2591,10928,23.7097364568082
20191,2024,944,3836,24.608967674661105
20193,2000,807,3780,21.349206349206348
20193,2004,816,3870,21.085271317829456
20193,2008,787,3673,21.426626735638443
20193,2012,598,3474,17.213586643638457
20193,2016,473,3576,13.227069351230424
20193,2020,625,3810,16.404199475065617
20193,2024,52,748,6.951871657754011
20195,2000,516,1837,28.08927599346761
20195,2004,434,1686,25.741399762752078
20195,2008,420,1671,25.134649910233392
20195,2012,291,1579,18.429385687143764
20195,2016,198,1482,13.360323886639677
20195,2020,242,1630,14.846625766871165
20195,2024,396,2700,14.666666666666666
20197,2000,1025,3420,29.97076023391813
20197,2004,1001,3604,27.774694783573807
20197,2008,1036,3521,29.4234592445328
20197,2012,918,3267,28.09917355371901
20197,2016,776,3380,22.958579881656803
20197,2020,964,3902,24.705279343926193
20197,2024,107,860,12.44186046511628
20199,2000,103,861,11.962833914053427
20199,2004,112,876,12.785388127853881
20199,2008,96,804,11.940298507462686
20199,2012,68,798,8.521303258145362
20199,2016,46,798,5.764411027568922
20199,2020,44,825,5.333333333333334
20199,2024,647,3603,17.957257840688314
20201,2000,687,3267,21.028466483011936
20201,2004,643,3190,20.156739811912225
20201,2008,659,2980,22.114093959731544
20201,2012,524,2889,18.137763932156457
20201,2016,387,2765,13.99638336347197
20201,2020,475,2883,16.4758931668401
20201,2024,282,1506,18.725099601593627
20203,2000,207,1090,18.990825688073397
20203,2004,183,1062,17.231638418079097
20203,2008,163,1019,15.996074582924436
20203,2012,157,987,15.906788247213779
20203,2016,140,956,14.644351464435147
20203,2020,149,968,15.392561983471072
20203,2024,40308,81819,49.26484068492648
20205,2000,1186,4095,28.962148962148966
20205,2004,1060,4398,24.101864483856296
20205,2008,1170,4121,28.391167192429023
20205,2012,818,3717,22.00699488835082
20205,2016,594,3591,16.541353383458645
20205,2020,723,3954,18.28528072837633
20205,2024,90506,214152,42.26250513653853
20207,2000,521,1595,32.66457680250784
20207,2004,530,1763,30.062393647192287
20207,2008,512,1599,32.020012507817384
20207,2012,380,1447,26.261230131306153
20207,2016,273,1443,18.91891891891892
20207,2020,294,1546,19.016817593790428
20207,2024,30938,50602,61.139875894233434
20209,2000,32411,48272,67.14244282399736
20209,2004,34923,53401,65.39765172936836
20209,2008,39865,57169,69.73184767968654
20209,2012,34302,50738,67.60613346998305
20209,2016,30146,48781,61.798651114163306
20209,2020,36788,56785,64.7847142731355
20209,2024,183451,343780,53.362906509977314
21001,2000,1779,7328,24.27674672489083
21001,2004,1764,7447,23.687390895662684
21001,2008,1668,7298,22.855576870375447
21001,2012,1660,7600,21.842105263157897
21001,2016,1323,8233,16.06947649702417
21001,2020,1392,8763,15.884970900376583
21001,2024,1257,8974,14.007131713839982
21003,2000,1950,6429,30.331311245916936
21003,2004,1923,7163,26.846293452464053
21003,2008,2024,7390,27.388362652232743
21003,2012,1808,7100,25.464788732394368
21003,2016,1349,8096,16.662549407114625
21003,2020,1642,9363,17.53711417280786
21003,2024,1505,9418,15.980038224676152
21005,2000,2902,7967,36.42525417346555
21005,2004,3141,9591,32.749452611823585
21005,2008,3462,10552,32.80894617134192
21005,2012,3315,10320,32.122093023255815
21005,2016,2634,11422,23.060759936963755
21005,2020,3347,13240,25.27945619335347
21005,2024,3226,13095,24.635357006491027
21007,2000,1880,3770,49.86737400530504
21007,2004,1759,4177,42.111563322959064
21007,2008,1427,4060,35.14778325123153
21007,2012,1189,3895,30.526315789473685
21007,2016,816,4101,19.89758595464521
21007,2020,825,4225,19.526627218934912
21007,2024,697,4088,17.04990215264188
21009,2000,4930,13844,35.61109505923143
21009,2004,5216,16140,32.31722428748451
21009,2008,5434,16807,32.33176652585232
21009,2012,5400,16568,32.592950265572185
21009,2016,4275,18488,23.12310688013847
21009,2020,5127,20055,25.56469708302169
21009,2024,4565,19802,23.05322694677305
21011,2000,2087,4473,46.65772412251285
21011,2004,2608,4919,53.018906281764586
21011,2008,2210,4543,48.646268985252036
21011,2012,1770,4122,42.94032023289665
21011,2016,1361,4587,29.670808807499455
21011,2020,1573,5627,27.954505064865824
21011,2024,1278,5389,23.714974948970124
21013,2000,4787,10611,45.113561398548676
21013,2004,4210,11002,38.26576986002545
21013,2008,2782,9598,28.985205251093976
21013,2012,2224,9482,23.454967306475428
21013,2016,1720,9718,17.699115044247787
21013,2020,1789,10044,17.81162883313421
21013,2024,1419,9340,15.192719486081371
21015,2000,9248,31984,28.91445722861431
21015,2004,12391,45082,27.485470919657512
21015,2008,16292,50774,32.08728876984283
21015,2012,15629,52511,29.763287692102608
21015,2016,15026,57618,26.07865597556319
21015,2020,20897,66953,31.211446835840068
21015,2024,20601,67421,30.55576155797155
21017,2000,3048,7102,42.917488031540415
21017,2004,3198,8217,38.919313618108795
21017,2008,3385,8330,40.63625450180072
21017,2012,3075,7923,38.811056418023476
21017,2016,2791,8803,31.70510053390889
21017,2020,3296,9643,34.18023436689827
21017,2024,3088,9537,32.37915487050435
21019,2000,9541,19182,49.739338963611715
21019,2004,10132,21777,46.52615144418423
21019,2008,8886,20670,42.989840348330915
21019,2012,7776,19049,40.82104047456559
21019,2016,6021,20454,29.436784980932824
21019,2020,7083,21741,32.57899820615427
21019,2024,6291,20951,30.027206338599587
21021,2000,3963,10326,38.378849506101105
21021,2004,4646,12490,37.197758206565254
21021,2008,4769,12635,37.74436090225564
21021,2012,4471,12373,36.135132950779926
21021,2016,4281,12946,33.068129151861584
21021,2020,5298,14467,36.62127600746526
21021,2024,4990,14373,34.71787379113616
21023,2000,888,3019,29.413713150049688
21023,2004,1213,3610,33.601108033241
21023,2008,1241,3399,36.510738452486024
21023,2012,1147,3232,35.488861386138616
21023,2016,705,3527,19.988658916926568
21023,2020,800,4244,18.85014137606032
21023,2024,702,4153,16.903443294004333
21025,2000,2902,5073,57.204809777252116
21025,2004,3327,5944,55.972409152086136
21025,2008,2205,5030,43.836978131212724
21025,2012,1562,5008,31.190095846645367
21025,2016,1537,5738,26.78633670268386
21025,2020,1301,5661,22.98180533474651
21025,2024,1002,5113,19.597105417563075
21027,2000,2595,7453,34.818194015832546
21027,2004,2884,8520,33.84976525821596
21027,2008,3110,8522,36.49378080262849
21027,2012,2825,7969,35.449868239427786
21027,2016,1960,8774,22.338728060177797
21027,2020,2350,10197,23.04599391978033
21027,2024,2038,10048,20.28264331210191
21029,2000,8195,22701,36.09973128937051
21029,2004,9043,28627,31.589059279700983
21029,2008,10177,30726,33.12178610948383
21029,2012,9971,31779,31.376065955505204
21029,2016,8255,36069,22.88668940087055
21029,2020,10551,41964,25.142979696883046
21029,2024,10280,43209,23.791339767178137
21031,2000,1299,5010,25.92814371257485
21031,2004,1436,5578,25.743994263176766
21031,2008,1555,5307,29.300923308837383
21031,2012,1293,5060,25.55335968379447
21031,2016,947,5576,16.983500717360116
21031,2020,1079,6122,17.624959163672003
21031,2024,965,5943,16.23759044253744
21033,2000,2223,5482,40.55089383436702
21033,2004,2245,6349,35.359899196723894
21033,2008,2212,6199,35.68317470559768
21033,2012,1852,5860,31.604095563139932
21033,2016,1260,5975,21.08786610878661
21033,2020,1433,6428,22.29309271935283
21033,2024,1256,6188,20.297349709114414
21035,2000,5635,13673,41.21260879104805
21035,2004,5728,15145,37.82106305711456
21035,2008,6165,15404,40.02207218904181
21035,2012,5317,15072,35.27733545647558
21035,2016,4749,16049,29.590628699607453
21035,2020,5794,17443,33.2167631714728
21035,2024,5111,16945,30.162289760991445
21037,2000,12040,33829,35.59076531969612
21037,2004,14253,40175,35.477286869943995
21037,2008,15622,40297,38.76715388242301
21037,2012,15080,40177,37.533912437464224
21037,2016,14658,42510,34.48129851799577
21037,2020,19373,48833,39.671943153195585
21037,2024,18952,48334,39.21049364836347
21039,2000,1149,2593,44.31160817585808
21039,2004,1102,2845,38.73462214411248
21039,2008,879,2617,33.588077951853265
21039,2012,750,2619,28.636884306987398
21039,2016,432,2601,16.608996539792386
21039,2020,463,2638,17.55117513267627
21039,2024,408,2610,15.632183908045977
21041,2000,1601,3499,45.75593026579023
21041,2004,1688,3897,43.31537079804978
21041,2008,1716,3835,44.74576271186441
21041,2012,1629,3680,44.266304347826086
21041,2016,1106,3855,28.69001297016861
21041,2020,1116,4135,26.989117291414754
21041,2024,963,4025,23.925465838509314
21043,2000,4182,8959,46.67931688804554
21043,2004,5577,11117,50.16641180174507
21043,2008,4316,9813,43.98247223071436
21043,2012,3383,8908,37.97709923664122
21043,2016,2276,10278,22.144386067328274
21043,2020,2642,11585,22.805351747949935
21043,2024,2305,11422,20.180353703379446
21045,2000,1122,5469,20.515633571036755
21045,2004,1174,6321,18.573010599588674
21045,2008,1219,5957,20.463320463320464
21045,2012,1086,6091,17.829584633065178
21045,2016,767,6439,11.91178754464979
21045,2020,918,7171,12.801561846325477
21045,2024,804,7080,11.35593220338983
21047,2000,6778,17773,38.136499184155745
21047,2004,6970,21015,33.16678562931239
21047,2008,8880,22778,38.984985512336465
21047,2012,8252,21955,37.58597130494193
21047,2016,7188,22083,32.54992528189105
21047,2020,8296,23863,34.7651175459917
21047,2024,7055,21671,32.555027456047256
21049,2000,4918,12473,39.42916700072156
21049,2004,5661,15317,36.958934517203105
21049,2008,5749,15628,36.7865369848989
21049,2012,5228,15416,33.91281785158277
21049,2016,4706,16205,29.040419623572973
21049,2020,6004,18128,33.12003530450132
21049,2024,5639,17885,31.529214425496228
21051,2000,1723,6719,25.643696978717074
21051,2004,1901,7687,24.73006374398335
21051,2008,1552,7364,21.07550244432374
21051,2012,1111,7383,15.048083434918055
21051,2016,752,6767,11.112753066351411
21051,2020,831,7590,10.948616600790514
21051,2024,692,7517,9.205800186244513
21053,2000,1032,4305,23.97212543554007
21053,2004,952,4352,21.875
21053,2008,761,4172,18.24065196548418
21053,2012,752,4393,17.118142499430913
21053,2016,547,4462,12.259076647243388
21053,2020,603,4932,12.226277372262775
21053,2024,549,4880,11.25
21055,2000,1610,4154,38.757823784304286
21055,2004,1438,4190,34.31980906921241
21055,2008,1254,3930,31.90839694656489
21055,2012,960,3854,24.909185262065385
21055,2016,617,4037,15.283626455288582
21055,2020,731,4242,17.23243752946723
21055,2024,608,4010,15.162094763092268
21057,2000,736,3006,24.484364604125084
21057,2004,848,3239,26.180920037048473
21057,2008,697,2797,24.91955666785842
21057,2012,599,2854,20.98808689558514
21057,2016,459,3066,14.9706457925636
21057,2020,508,3309,15.35207011181626
21057,2024,483,3442,14.032539221382917
21059,2000,14126,36240,38.97902869757174
21059,2004,15788,41483,38.05896391292819
21059,2008,19282,43622,44.20246664527073
21059,2012,16208,42087,38.51070401786775
21059,2016,14163,45807,30.918855196803978
21059,2020,17283,49240,35.099512591389114
21059,2024,15673,47097,33.278128118563814
21061,2000,1710,4995,34.234234234234236
21061,2004,1856,5481,33.86243386243386
21061,2008,1652,5270,31.347248576850095
21061,2012,1374,4668,29.43444730077121
21061,2016,979,5244,18.66895499618612
21061,2020,1227,6131,20.013048442342196
21061,2024,1118,6247,17.896590363374422
21063,2000,1525,2381,64.04871902561948
21063,2004,2064,2957,69.80047345282381
21063,2008,1535,2515,61.0337972166998
21063,2012,1186,2399,49.43726552730304
21063,2016,740,2855,25.91943957968476
21063,2020,712,2995,23.772954924874792
21063,2024,532,2911,18.27550669872896
21065,2000,1591,4710,33.77919320594479
21065,2004,1907,5575,34.20627802690583
21065,2008,1555,5314,29.262325931501692
21065,2012,1356,5184,26.15740740740741
21065,2016,1108,5545,19.981965734896303
21065,2020,1355,6538,20.724992352401344
21065,2024,1114,6290,17.710651828298886
21067,2000,47277,105477,44.82209391620922
21067,2004,57994,125576,46.182391539784675
21067,2008,66042,127639,51.74123896301287
21067,2012,62080,125866,49.3222951392751
21067,2016,69778,136315,51.18879066867182
21067,2020,90566,152664,59.32374364617723
21067,2024,83387,143935,57.9337895577865
21069,2000,1813,5179,35.00675806140182
21069,2004,2406,6203,38.787683379010154
21069,2008,2279,5832,39.07750342935528
21069,2012,1911,5782,33.05084745762712
21069,2016,1348,6260,21.533546325878593
21069,2020,1474,7066,20.860458533823945
21069,2024,1334,7000,19.057142857142857
21071,2000,10088,15394,65.53202546446667
21071,2004,11132,17885,62.24210232038021
21071,2008,7530,15659,48.0873619005045
21071,2012,4733,14890,31.78643384822028
21071,2016,4015,16540,24.274486094316806
21071,2020,3884,16351,23.753898844107393
21071,2024,3061,15652,19.55660618451316
21073,2000,10853,21654,50.12007019488316
21073,2004,11620,24133,48.14983632370613
21073,2008,11767,24079,48.86830848457162
21073,2012,11535,23337,49.4279470368942
21073,2016,10717,23865,44.90676723234863
21073,2020,12650,26059,48.54368932038835
21073,2024,11996,25763,46.56290028335209
21075,2000,1452,2788,52.08034433285509
21075,2004,1340,2890,46.36678200692042
21075,2008,1238,2825,43.823008849557525
21075,2012,1022,2481,41.193067311567916
21075,2016,774,2382,32.49370277078086
21075,2020,791,2421,32.67244940107394
21075,2024,636,2145,29.65034965034965
21077,2000,1049,2459,42.65961773078487
21077,2004,1188,3073,38.659290595509276
21077,2008,1278,3193,40.02505480739117
21077,2012,1238,3061,40.444299248611564
21077,2016,749,3338,22.43858597962852
21077,2020,822,3849,21.356196414653155
21077,2024,761,3917,19.428133775848863
21079,2000,1713,5823,29.417825862957237
21079,2004,1841,6658,27.650946230099127
21079,2008,2012,7210,27.905686546463244
21079,2012,1661,7077,23.47039706090151
21079,2016,1453,7623,19.060737242555426
21079,2020,1830,8703,21.027231988969323
21079,2024,1719,8917,19.277784008074462
21081,2000,2568,7103,36.15373785724342
21081,2004,2818,8824,31.935630099728012
21081,2008,3112,8754,35.549463102581676
21081,2012,2810,8608,32.644052044609666
21081,2016,1910,9559,19.981169578407783
21081,2020,2205,11106,19.854132901134523
21081,2024,1944,11469,16.950039236201935
21083,2000,6097,14231,42.843089030988686
21083,2004,6206,16229,38.24018731899686
21083,2008,5843,16155,36.168368926029096
21083,2012,4547,15503,29.329807134103074
21083,2016,3308,16606,19.920510658798023
21083,2020,3559,17018,20.913150781525445
21083,2024,3105,16678,18.617340208658113
21085,2000,2604,8558,30.42767001635896
21085,2004,2905,10143,28.640441683919942
21085,2008,3154,9903,31.848934666262746
21085,2012,2744,9271,29.597670154244415
21085,2016,1959,10576,18.52307110438729
21085,2020,2400,11983,20.02837352916632
21085,2024,2235,12095,18.478710210830922
21087,2000,1085,4756,22.813288477712362
21087,2004,1312,5206,25.20169035728006
21087,2008,1204,5079,23.705453829493994
21087,2012,1165,4856,23.990939044481056
21087,2016,832,5333,15.600975060941307
21087,2020,920,5812,15.82931865106676
21087,2024,782,5857,13.35154515963804
21089,2000,7164,14663,48.857668962695215
21089,2004,7630,16435,46.425311834499546
21089,2008,6621,15798,41.91036840106342
21089,2012,6027,15168,39.73496835443038
21089,2016,4146,16277,25.471524236652947
21089,2020,4873,18176,26.810079225352112
21089,2024,4181,17374,24.064694370899044
21091,2000,1508,3610,41.772853185595565
21091,2004,1709,4029,42.4174733184413
21091,2008,2135,4144,51.520270270270274
21091,2012,1833,4134,44.339622641509436
21091,2016,1244,4295,28.9639115250291
21091,2020,1351,4587,29.45280139524744
21091,2024,1173,4633,25.318368227930065
21093,2000,11095,30690,36.15184099055067
21093,2004,11507,36441,31.577069784034467
21093,2008,15650,39990,39.13478369592398
21093,2012,15214,39218,38.79341118873986
21093,2016,13944,43156,32.31068681064046
21093,2020,18101,48941,36.98534970678981
21093,2024,16572,48082,34.466120377688114
21095,2000,5365,10535,50.925486473659234
21095,2004,4332,11070,39.13279132791328
21095,2008,2586,9914,26.084325196691548
21095,2012,1830,10657,17.17181195458384
21095,2016,1372,10757,12.754485451334016
21095,2020,1494,10971,13.61771944216571
21095,2024,1199,10388,11.542164035425492
21097,2000,2658,6611,40.20571774315535
21097,2004,2807,7731,36.30836890441081
21097,2008,2916,7590,38.41897233201581
21097,2012,2471,7163,34.496719251710175
21097,2016,2031,7781,26.102043439146637
21097,2020,2400,8853,27.10945442222975
21097,2024,2265,9018,25.116433799068528
21099,2000,2201,6019,36.56753613557069
21099,2004,2470,6784,36.409198113207545
21099,2008,2290,6818,33.5875623349956
21099,2012,2283,6622,34.47598912715192
21099,2016,1730,7264,23.816079295154186
21099,2020,1908,8369,22.798422750627314
21099,2024,1642,8409,19.526697585919848
21101,2000,8054,16039,50.215100692063096
21101,2004,8101,18701,43.31853911555532
21101,2008,10049,19861,50.59664669452696
21101,2012,8091,18622,43.44860917194716
21101,2016,6707,19710,34.02841197361745
21101,2020,7639,20688,36.92478731631864
21101,2024,6837,19688,34.72673709874035
21103,2000,2117,5473,38.68079663804129
21103,2004,2366,6499,36.405600861671026
21103,2008,2725,6919,39.38430409018645
21103,2012,2530,6590,38.39150227617603
21103,2016,1828,7149,25.57000979157924
21103,2020,2142,8107,26.421610953496977
21103,2024,1857,8074,22.999752291305427
21105,2000,940,2124,44.25612052730697
21105,2004,926,2342,39.53885567890691
21105,2008,812,2250,36.08888888888889
21105,2012,686,2139,32.07106124357176
21105,2016,449,2157,20.815948076031525
21105,2020,458,2199,20.827648931332423
21105,2024,394,2069,19.043015949734173
21107,2000,6734,16489,40.83934744375038
21107,2004,6420,18843,34.07100780130553
21107,2008,7104,19348,36.7169733305768
21107,2012,5789,19767,29.286184044113927
21107,2016,4310,20345,21.184566232489555
21107,2020,5439,21509,25.287089125482353
21107,2024,4916,20537,23.937283926571553
21109,2000,701,4855,14.438722966014419
21109,2004,769,5178,14.85129393588258
21109,2008,743,5224,14.222817764165391
21109,2012,612,5061,12.092471843509188
21109,2016,482,5501,8.762043264860935
21109,2020,605,6113,9.896940945525929
21109,2024,506,5934,8.527131782945736
21111,2000,149901,302362,49.57666638003453
21111,2004,170158,337350,50.4396027864236
21111,2008,196435,353892,55.50704734777842
21111,2012,186181,339579,54.82700638143112
21111,2016,190836,353099,54.046032415838056
21111,2020,228288,386093,59.12772311334316
21111,2024,203070,354094,57.34917846673482
21113,2000,4633,15061,30.76156961689131
21113,2004,5476,18580,29.472551130247577
21113,2008,6236,20214,30.849906005738596
21113,2012,6001,20633,29.0844763243348
21113,2016,6144,23326,26.33970676498328
21113,2020,8567,26251,32.63494724010514
21113,2024,8303,26685,31.114858534757357
21115,2000,3251,8180,39.743276283618584
21115,2004,3288,9304,35.3396388650043
21115,2008,2407,8517,28.261124809205118
21115,2012,1723,9035,19.07028223574986
21115,2016,1250,9572,13.058921855411617
21115,2020,1608,10192,15.777080062794349
21115,2024,1350,9622,14.030347121180627
21117,2000,19100,56249,33.95615922060837
21117,2004,22834,67123,34.018145792053396
21117,2008,26480,68213,38.819579845484
21117,2012,24920,67704,36.80727874276261
21117,2016,24214,71998,33.63148976360454
21117,2020,32265,82108,39.29580552443124
21117,2024,30859,80948,38.12200424964175
21119,2000,4349,6458,67.34283059770827
21119,2004,4685,7394,63.3621855558561
21119,2008,2612,5820,44.87972508591066
21119,2012,1420,5693,24.942912348498155
21119,2016,1245,5763,21.603331598125976
21119,2020,1412,6251,22.588385858262676
21119,2024,1181,6003,19.673496585040812
21121,2000,3690,9910,37.2351160443996
21121,2004,3822,12028,31.775856335217824
21121,2008,3074,11389,26.99095618579331
21121,2012,2484,11100,22.37837837837838
21121,2016,1761,12012,14.66033966033966
21121,2020,2114,13273,15.9270699917125
21121,2024,1821,13156,13.841593189419276
21123,2000,1727,5179,33.346205831241555
21123,2004,1823,5968,30.546246648793566
21123,2008,1913,6178,30.964713499514406
21123,2012,1733,5764,30.06592643997224
21123,2016,1278,6367,20.072247526307525
21123,2020,1504,7301,20.599917819476783
21123,2024,1389,7259,19.13486706157873
21125,2000,4856,18120,26.799116997792495
21125,2004,5297,22264,23.791771469637084
21125,2008,4618,22500,20.524444444444445
21125,2012,3905,22408,17.426811852909672
21125,2016,3440,24833,13.85253493335481
21125,2020,4474,28097,15.923408193045521
21125,2024,4037,27887,14.47627926991071
21127,2000,2258,5307,42.54757866968155
21127,2004,2705,6513,41.532319975433744
21127,2008,2036,5649,36.04177730571783
21127,2012,1520,5592,27.181688125894134
21127,2016,1045,6042,17.29559748427673
21127,2020,1238,6955,17.800143781452192
21127,2024,1044,6574,15.880742318223303
21129,2000,836,2764,30.246020260492042
21129,2004,878,2920,30.068493150684933
21129,2008,752,2773,27.11864406779661
21129,2012,595,2623,22.683949675943577
21129,2016,444,2667,16.647919010123736
21129,2020,459,2659,17.262128619781873
21129,2024,406,2690,15.092936802973977
21131,2000,1210,4434,27.28912945421741
21131,2004,1266,4964,25.50362610797744
21131,2008,766,4397,17.42096884239254
21131,2012,433,4950,8.747474747474747
21131,2016,400,4492,8.904719501335707
21131,2020,446,4811,9.270421949698607
21131,2024,382,4357,8.767500573789306
21133,2000,4698,8985,52.287145242070125
21133,2004,4192,9065,46.24379481522339
21133,2008,2623,8235,31.851851851851855
21133,2012,1702,8758,19.433660653117148
21133,2016,1542,9134,16.88197941756076
21133,2020,1799,9135,19.693486590038315
21133,2024,1457,8431,17.281461273870242
21135,2000,1293,4568,28.305604203152363
21135,2004,1667,5484,30.397520058351567
21135,2008,1510,4791,31.517428511792943
21135,2012,1342,4769,28.14007129377228
21135,2016,785,5298,14.816912042280105
21135,2020,823,5883,13.989461159272478
21135,2024,666,5721,11.641321447299422
21137,2000,2678,7597,35.25075687771489
21137,2004,2796,8863,31.54688028884125
21137,2008,2752,9151,30.073216041962624
21137,2012,2582,9152,28.21241258741259
21137,2016,1865,9561,19.506327789980126
21137,2020,2254,10913,20.654265554842848
21137,2024,2080,11034,18.850824723581656
21139,2000,2022,4230,47.801418439716315
21139,2004,2007,4706,42.6476838079048
21139,2008,1622,4593,35.314609187894625
21139,2012,1346,4511,29.8381733540235
21139,2016,887,4645,19.095801937567277
21139,2020,939,5003,18.768738756745954
21139,2024,886,4972,17.819790828640386
21141,2000,3885,9332,41.630947278182596
21141,2004,3768,10644,35.400225479143174
21141,2008,3811,10890,34.99540863177227
21141,2012,3469,10510,33.00666032350143
21141,2016,2755,10899,25.277548398935686
21141,2020,3094,12346,25.060748420541067
21141,2024,2734,12511,21.85276956278475
21143,2000,1680,3420,49.122807017543856
21143,2004,1769,3925,45.07006369426752
21143,2008,1577,3855,40.907911802853434
21143,2012,1373,3839,35.76452201094035
21143,2016,1045,3962,26.375567895002522
21143,2020,1092,4228,25.82781456953642
21143,2024,950,4187,22.68927633150227
21145,2000,11412,26689,42.75918917906253
21145,2004,11361,29797,38.12799946303319
21145,2008,11285,30754,36.69441373479872
21145,2012,10062,30551,32.93509214101012
21145,2016,9134,31307,29.175583735266876
21145,2020,11190,33521,33.38205900778616
21145,2024,10191,31947,31.89970889285379
21147,2000,1418,4799,29.54782246301313
21147,2004,1530,5693,26.875109783945195
21147,2008,1258,5407,23.26613648973553
21147,2012,1069,5707,18.731382512703696
21147,2016,664,5776,11.49584487534626
21147,2020,725,6435,11.266511266511268
21147,2024,641,6212,10.31873792659369
21149,2000,1747,4022,43.436101442068626
21149,2004,1823,4435,41.10484780157835
21149,2008,1963,4422,44.39167797376752
21149,2012,1432,4200,34.095238095238095
21149,2016,988,4566,21.638195356986422
21149,2020,1074,4782,22.45922208281054
21149,2024,989,4634,21.342252913249894
21151,2000,9309,23666,39.33491084255895
21151,2004,11525,30707,37.53215879115511
21151,2008,12392,32537,38.08587146940406
21151,2012,11512,33322,34.547746233719465
21151,2016,11793,37371,31.556554547643895
21151,2020,15580,43903,35.487324328633576
21151,2024,15180,45188,33.59298928919182
21153,2000,2603,5453,47.73519163763066
21153,2004,2843,5718,49.720181881776846
21153,2008,2105,4651,45.25908406794238
21153,2012,1433,4906,29.20913167549939
21153,2016,1172,5116,22.90852228303362
21153,2020,1213,5446,22.273228057289753
21153,2024,909,5274,17.235494880546078
21155,2000,2778,6176,44.98056994818653
21155,2004,3399,7354,46.21974435681262
21155,2008,3596,7615,47.2225869993434
21155,2012,3418,7318,46.70675047827275
21155,2016,2679,8111,33.029219578350386
21155,2020,2722,8928,30.48835125448029
21155,2024,2513,9102,27.609316633706875
21157,2000,6203,13761,45.07666593997529
21157,2004,6383,15521,41.124927517556856
21157,2008,5683,15487,36.695292826241364
21157,2012,5022,15719,31.948597239010113
21157,2016,3672,16698,21.990657563780093
21157,2020,4071,17601,23.129367649565367
21157,2024,3700,17602,21.020338597886603
21159,2000,1714,4456,38.464991023339316
21159,2004,1504,4539,33.1350517735184
21159,2008,808,3692,21.885157096424702
21159,2012,574,3824,15.010460251046027
21159,2016,363,3953,9.182899064002024
21159,2020,403,3930,10.254452926208652
21159,2024,287,3655,7.852257181942544
21161,2000,2178,5873,37.084965094500255
21161,2004,2644,7079,37.34990817912134
21161,2008,2891,7121,40.59823058559191
21161,2012,2592,6881,37.668943467519256
21161,2016,1970,7219,27.289098213048902
21161,2020,2362,7958,29.680824327720533
21161,2024,2170,7901,27.464877863561576
21163,2000,3596,9071,39.642817770918306
21163,2004,3724,10951,34.0060268468633
21163,2008,4343,11206,38.75602355880778
21163,2012,4122,10916,37.76108464639062
21163,2016,3026,12231,24.74041370288611
21163,2020,3632,14110,25.740609496810773
21163,2024,3279,14123,23.21744671811938
21165,2000,1038,2249,46.15384615384615
21165,2004,1284,2528,50.79113924050633
21165,2008,1276,2489,51.265568501406186
21165,2012,1048,2598,40.3387220939184
21165,2016,700,2779,25.188916876574307
21165,2020,750,3102,24.177949709864606
21165,2024,664,3294,20.157862780813602
21167,2000,3092,8632,35.82020389249305
21167,2004,3224,10028,32.149980055843635
21167,2008,3159,10060,31.40159045725646
21167,2012,2966,9939,29.842036422175266
21167,2016,2395,10585,22.62635805384979
21167,2020,3033,11735,25.84576054537708
21167,2024,2838,11851,23.947346215509242
21169,2000,1318,3849,34.242660431280854
21169,2004,1472,4157,35.41015155159971
21169,2008,1350,4199,32.15051202667302
21169,2012,1425,4184,34.058317399617586
21169,2016,976,4620,21.125541125541126
21169,2020,975,5012,19.453312051077415
21169,2024,884,5127,17.242051882192317
21171,2000,1158,5569,20.793679296103427
21171,2004,1158,5843,19.818586342632212
21171,2008,1067,4665,22.872454448017148
21171,2012,936,4746,19.721871049304678
21171,2016,601,4991,12.04167501502705
21171,2020,657,5330,12.326454033771107
21171,2024,576,5308,10.851544837980406
21173,2000,3833,8519,44.99354384317408
21173,2004,4506,10230,44.04692082111437
21173,2008,4234,10331,40.98344787532668
21173,2012,3701,10248,36.114363778298205
21173,2016,3158,11452,27.57596926301083
21173,2020,3630,12837,28.277634961439592
21173,2024,3329,12821,25.965213321893764
21175,2000,1875,4240,44.221698113207545
21175,2004,2532,5272,48.02731411229135
21175,2008,1879,4379,42.90934003197077
21175,2012,1369,4472,30.612701252236135
21175,2016,1006,4775,21.06806282722513
21175,2020,1172,5535,21.1743450767841
21175,2024,939,5373,17.476270240089338
21177,2000,6295,11956,52.65138842422215
21177,2004,6636,13479,49.23213888270644
21177,2008,6221,12889,48.265963224454964
21177,2012,4771,12739,37.45191930292802
21177,2016,3272,13060,25.053598774885145
21177,2020,3544,14229,24.906880314849957
21177,2024,3048,13692,22.261174408413673
21179,2000,5481,13488,40.636120996441285
21179,2004,6524,16844,38.731892662075516
21179,2008,7654,18146,42.18009478672986
21179,2012,7611,18533,41.067285382830626
21179,2016,6434,20802,30.92971829631766
21179,2020,7188,23245,30.922779092277906
21179,2024,6515,22852,28.509539646420446
21181,2000,994,2673,37.18668163112607
21181,2004,1332,3059,43.5436417129781
21181,2008,1272,2970,42.82828282828282
21181,2012,948,2581,36.729949631925614
21181,2016,787,2841,27.701513551566347
21181,2020,955,3396,28.121319199057716
21181,2024,824,3319,24.826755046700814
21183,2000,3303,8882,37.18757036703445
21183,2004,3627,10028,36.168727562824095
21183,2008,4059,9938,40.84322801368484
21183,2012,2987,9646,30.966203607713044
21183,2016,2080,10398,20.003846893633394
21183,2020,2404,11127,21.605104700278602
21183,2024,2094,10937,19.14601810368474
21185,2000,6236,20268,30.76771265048352
21185,2004,8080,27132,29.780333185905945
21185,2008,10000,29316,34.11106562969027
21185,2012,9240,29884,30.919555615044843
21185,2016,10268,32853,31.254375551699997
21185,2020,14504,37936,38.23281315900464
21185,2024,14402,38210,37.69170374247579
21187,2000,1394,4070,34.250614250614255
21187,2004,1615,4741,34.064543345285806
21187,2008,1694,4751,35.65565144180173
21187,2012,1501,4557,32.93833662497257
21187,2016,1062,5001,21.235752849430114
21187,2020,1098,5456,20.124633431085044
21187,2024,988,5500,17.963636363636365
21189,2000,339,1826,18.565169769989048
21189,2004,430,1999,21.510755377688845
21189,2008,381,1686,22.597864768683273
21189,2012,283,1580,17.911392405063292
21189,2016,256,1759,14.553723706651505
21189,2020,216,1895,11.398416886543536
21189,2024,203,1839,11.038607939097336
21191,2000,1670,4803,34.76993545700604
21191,2004,1940,6025,32.19917012448133
21191,2008,2027,5802,34.93622888659083
21191,2012,1859,5534,33.592338272497294
21191,2016,1164,6007,19.37739304145164
21191,2020,1322,6925,19.090252707581225
21191,2024,1210,6900,17.53623188405797
21193,2000,5514,11000,50.12727272727273
21193,2004,5400,11655,46.33204633204633
21193,2008,3444,10375,33.195180722891564
21193,2012,2047,10241,19.988282394297432
21193,2016,2136,10572,20.204313280363223
21193,2020,2350,10606,22.157269470111256
21193,2024,1966,9992,19.67574059247398
21195,2000,13611,24935,54.585923400842184
21195,2004,14002,26770,52.304818827045196
21195,2008,9525,22643,42.06598065627346
21195,2012,5646,23636,23.887290573701133
21195,2016,4280,24665,17.35252381917697
21195,2020,4862,25368,19.165878271838537
21195,2024,4025,23950,16.805845511482254
21197,2000,2008,4362,46.033929390187986
21197,2004,2249,4960,45.34274193548387
21197,2008,2065,4972,41.532582461786
21197,2012,1620,4481,36.15264449899576
21197,2016,1272,4957,25.660681864030664
21197,2020,1367,5505,24.83197093551317
21197,2024,1174,5360,21.902985074626866
21199,2000,5415,21541,25.138108722900515
21199,2004,5829,25516,22.844489731932903
21199,2008,5590,25766,21.695257315842582
21199,2012,4976,26003,19.136253509210476
21199,2016,4208,28041,15.006597482258123
21199,2020,5664,31537,17.959856676285
21199,2024,5351,31735,16.86150937450764
21201,2000,341,998,34.168336673346694
21201,2004,413,1090,37.88990825688073
21201,2008,451,1015,44.433497536945815
21201,2012,340,935,36.36363636363637
21201,2016,222,1013,21.915103652517274
21201,2020,253,1146,22.076788830715532
21201,2024,215,1144,18.793706293706293
21203,2000,1174,5247,22.3746902992186
21203,2004,1320,6166,21.407719753486866
21203,2008,1410,6274,22.47370098820529
21203,2012,1097,6216,17.648005148005147
21203,2016,915,6691,13.675085936332387
21203,2020,1134,7783,14.570217139920338
21203,2024,986,7724,12.765406525116521
21205,2000,3505,7226,48.50539717686134
21205,2004,4556,8706,52.33172524695612
21205,2008,4074,8154,49.96320824135393
21205,2012,3438,7665,44.853228962818
21205,2016,3295,8848,37.240054249547924
21205,2020,3880,10058,38.57625770530921
21205,2024,3484,9873,35.28815962726628
21207,2000,1710,7074,24.173027989821882
21207,2004,1772,7821,22.65694923922772
21207,2008,1569,7475,20.989966555183948
21207,2012,1445,7909,18.27032494626375
21207,2016,1093,8174,13.371666258869585
21207,2020,1329,8939,14.867434836111421
21207,2024,1200,8893,13.493759136399417
21209,2000,5472,13786,39.692441607427824
21209,2004,6325,17050,37.096774193548384
21209,2008,7712,19730,39.087683730359856
21209,2012,7532,20573,36.61109220823409
21209,2016,7715,24200,31.880165289256198
21209,2020,10564,28950,36.490500863557855
21209,2024,10501,29769,35.27495045181229
21211,2000,4435,12738,34.81708274454389
21211,2004,5277,16313,32.348433764482316
21211,2008,6871,18540,37.060409924487594
21211,2012,6634,18663,35.5462680169319
21211,2016,6276,20580,30.495626822157433
21211,2020,8076,23542,34.304647013847585
21211,2024,7822,24620,31.77091795288384
21213,2000,2583,5824,44.35096153846153
21213,2004,2730,7043,38.76189123952861
21213,2008,2775,7309,37.96689013544945
21213,2012,2650,7093,37.36077823205978
21213,2016,2144,7531,28.46899482140486
21213,2020,2681,8732,30.70316078790655
21213,2024,2403,8776,27.381494986326345
21215,2000,1554,4772,32.56496227996647
21215,2004,1970,6822,28.877162122544707
21215,2008,2519,8049,31.295813144489998
21215,2012,2549,8431,30.233661487368046
21215,2016,1921,9515,20.18917498686285
21215,2020,2530,11429,22.13666987487969
21215,2024,2415,11480,21.036585365853657
21217,2000,2790,9051,30.82532316871064
21217,2004,2979,10295,28.936376881981545
21217,2008,3165,10860,29.14364640883978
21217,2012,3285,10950,30
21217,2016,2553,11306,22.580930479391473
21217,2020,2961,12510,23.66906474820144
21217,2024,2576,12261,21.009705570508117
21219,2000,1496,4187,35.72963935992357
21219,2004,1491,4754,31.36306268405553
21219,2008,1543,4941,31.228496255818662
21219,2012,1403,4718,29.73717676981772
21219,2016,1042,4779,21.803724628583385
21219,2020,1202,5351,22.463091011025977
21219,2024,1051,5112,20.559467918622847
21221,2000,2110,5344,39.48353293413174
21221,2004,2046,6111,33.48060873834069
21221,2008,2246,6527,34.410908533782745
21221,2012,2115,6742,31.37051320083061
21221,2016,1587,6751,23.50762849948156
21221,2020,1791,7375,24.284745762711864
21221,2024,1667,7196,23.165647581989994
21223,2000,1181,3081,38.331710483609214
21223,2004,1428,3790,37.678100263852244
21223,2008,1484,3812,38.92969569779643
21223,2012,1355,3543,38.24442562799887
21223,2016,879,3798,23.143759873617693
21223,2020,1012,4319,23.4313498495022
21223,2024,923,4249,21.722758296069664
21225,2000,2547,5368,47.447839046199704
21225,2004,2398,5977,40.12046177011879
21225,2008,2804,6034,46.47000331455088
21225,2012,1942,5979,32.48034788426158
21225,2016,1331,6211,21.429721461922398
21225,2020,1529,6576,23.251216545012166
21225,2024,1225,6058,20.221195113898975
21227,2000,12180,32975,36.93707354056103
21227,2004,14326,39711,36.075646546296994
21227,2008,17669,44145,40.024917884245106
21227,2012,16805,43903,38.27756645331754
21227,2016,16966,48454,35.01465307301771
21227,2020,22477,55351,40.60811909450597
21227,2024,21065,56891,37.02694626566592
21229,2000,1458,4588,31.77855274629468
21229,2004,1724,5236,32.92589763177998
21229,2008,1890,5275,35.829383886255926
21229,2012,1669,5219,31.97930638053267
21229,2016,1420,5636,25.195173882185944
21229,2020,1644,6223,26.418126305640367
21229,2024,1533,6341,24.175997476738683
21231,2000,2312,6474,35.71207908557306
21231,2004,2616,7685,34.040338321405336
21231,2008,2201,7196,30.58643690939411
21231,2012,1855,7210,25.728155339805824
21231,2016,1431,7992,17.905405405405407
21231,2020,1700,9240,18.398268398268396
21231,2024,1444,8733,16.53498225123096
21233,2000,2388,5072,47.0820189274448
21233,2004,2304,5547,41.53596538669551
21233,2008,2390,5540,43.14079422382672
21233,2012,1765,5470,32.26691042047532
21233,2016,1240,5805,21.36089577950043
21233,2020,1412,5991,23.56868636287765
21233,2024,1153,5556,20.752339812814974
21235,2000,4101,11774,34.83098352301682
21235,2004,3985,13629,29.23912245946144
21235,2008,3484,13704,25.42323409223584
21235,2012,2683,13072,20.524785801713584
21235,2016,2067,13774,15.006534049658777
21235,2020,2552,15347,16.628657066527662
21235,2024,2237,15075,14.839137645107794
21237,2000,1136,2425,46.845360824742265
21237,2004,1744,3155,55.277337559429476
21237,2008,1493,2968,50.3032345013477
21237,2012,976,2559,38.13989839781164
21237,2016,753,2635,28.57685009487666
21237,2020,839,2979,28.163813360187984
21237,2024,689,2915,23.636363636363637
21239,2000,3995,10137,39.41008187826773
21239,2004,4480,11502,38.94974786993566
21239,2008,5027,12297,40.879889403919655
21239,2012,4883,12332,39.59617255919559
21239,2016,4958,13563,36.55533436555334
21239,2020,6530,15211,42.92945894418513
21239,2024,6282,14993,41.899553124791574
22001,2000,8892,23238,38.264910921766074
22001,2004,8937,25230,35.422116527942926
22001,2008,7028,26710,26.31224260576563
22001,2012,6560,26835,24.445686603316563
22001,2016,5638,27389,20.584906349264305
22001,2020,5443,28425,19.148636763412487
22001,2024,6262,109326,5.727823207654172
22003,2000,3914,8292,47.20212252773758
22003,2004,3791,9124,41.54975887768523
22003,2008,2891,9467,30.537657124749128
22003,2012,2617,9307,28.118620393252392
22003,2016,2106,9245,22.779881016765817
22003,2020,2108,9810,21.488277268093782
22003,2024,2282,35511,6.426177804060713
22005,2000,13385,30844,43.39579821034885
22005,2004,13955,39100,35.690537084398976
22005,2008,14625,46571,31.4036632238947
22005,2012,16349,51073,32.011043016858224
22005,2016,16476,54678,30.13277735103698
22005,2020,20399,62325,32.73004412354592
22005,2024,31189,292512,10.662468548298873
22007,2000,5222,10053,51.94469312642992
22007,2004,5585,10735,52.026082906381
22007,2008,4756,10960,43.394160583941606
22007,2012,4754,10992,43.24963609898108
22007,2016,3931,10904,36.0509904622157
22007,2020,3833,11235,34.116599910992434
22007,2024,4597,42300,10.867612293144207
22009,2000,6701,14653,45.73124957346618
22009,2004,6976,15525,44.93397745571659
22009,2008,6327,16938,37.35387885228481
22009,2012,6077,17032,35.67989666510098
22009,2016,5035,16586,30.356927529241528
22009,2020,4979,17292,28.793661808928984
22009,2024,5946,63498,9.3640744590380791
22011,2000,3958,12205,32.42933224088488
22011,2004,3666,13281,27.603343121752882
22011,2008,3071,14074,21.820378001989486
22011,2012,2828,14225,19.8804920913884
22011,2016,2393,15078,15.870805146571163
22011,2020,2542,16357,15.54074708076053
22011,2024,3450,68619,5.027761990119354
22013,2000,3413,7006,48.7153868113046
22013,2004,3399,7157,47.49196590750314
22013,2008,3589,7430,48.30417227456258
22013,2012,3490,7203,48.4520338747744
22013,2016,3129,7005,44.66809421841542
22013,2020,3067,7050,43.50354609929078
22013,2024,3498,25017,13.982491905504258
22015,2000,11933,35915,33.22567172490603
22015,2004,12317,42705,28.84205596534364
22015,2008,12701,45826,27.715707240431197
22015,2012,12956,48562,26.67929656933405
22015,2016,12641,49848,25.359091638581287
22015,2020,15662,54655,28.656115634434176
22015,2024,21400,238701,8.965190761664173
22017,2000,47530,95639,49.69729921893788
22017,2004,51739,106595,48.537923917632156
22017,2008,55220,108220,51.02568841249307
22017,2012,58042,111765,51.9321791258444
22017,2016,53483,105804,50.54912857736947
22017,2020,55110,104912,52.52973921000458
22017,2024,68944,405258,17.012372365258674
22019,2000,33919,73636,46.06306697810854
22019,2004,32864,79698,41.23566463399332
22019,2008,30244,82131,36.82409808720215
22019,2012,28359,81726,34.70009544086337
22019,2016,26296,83785,31.38509279704004
22019,2020,25982,82663,31.43123283694035
22019,2024,34522,358944,9.61765623607025
22021,2000,1359,4328,31.40018484288355
22021,2004,1384,4752,29.124579124579125
22021,2008,1118,4893,22.848967913345597
22021,2012,1016,4716,21.54368108566582
22021,2016,788,4692,16.79454390451833
22021,2020,745,4762,15.644687106257873
22021,2024,817,19212,4.252550489277534
22023,2000,1435,4183,34.305522352378674
22023,2004,1367,4640,29.461206896551722
22023,2008,613,3797,16.144324466684225
22023,2012,408,3744,10.897435897435898
22023,2016,323,3692,8.748645720476707
22023,2020,324,4039,8.021787571180985
22023,2024,325,14718,2.2081804593015355
22025,2000,1718,4765,36.054564533053515
22025,2004,1673,4954,33.77069035123133
22025,2008,1659,5225,31.751196172248804
22025,2012,1408,4193,33.57977581683759
22025,2016,1322,4856,27.224052718286657
22025,2020,1269,4858,26.121860848085632
22025,2024,1376,18273,7.530235867126361
22027,2000,2721,6281,43.32112720904315
22027,2004,2854,6630,43.04675716440423
22027,2008,3025,6841,44.21868147931589
22027,2012,3014,6732,44.771241830065364
22027,2016,2717,6421,42.31428126460053
22027,2020,2731,6580,41.504559270516715
22027,2024,3268,26559,12.304680146089837
22029,2000,3569,8499,41.993175667725616
22029,2004,3446,8980,38.374164810690424
22029,2008,3766,9527,39.52975753122704
22029,2012,3833,9380,40.863539445629
22029,2016,3272,8872,36.88007213706042
22029,2020,3177,8828,35.98776619845945
22029,2024,3595,33357,10.777348082861169
22031,2000,5036,10596,47.52736881842205
22031,2004,5026,11336,44.33662667607622
22031,2008,5242,12257,42.76739822142449
22031,2012,5553,13051,42.54846371925523
22031,2016,5165,13500,38.25925925925926
22031,2020,5457,14736,37.03175895765472
22031,2024,6714,64677,10.380815436708566
22033,2000,76516,168989,45.27868677842937
22033,2004,82298,183642,44.81436708378258
22033,2008,99652,197349,50.49531540570259
22033,2012,102656,198171,51.801726791508344
22033,2016,102828,196491,52.332167885552
22033,2020,115577,208182,55.51728775782728
22033,2024,153469,853896,17.97279762406663
22035,2000,1876,3245,57.812018489984595
22035,2004,1980,3395,58.32106038291606
22035,2008,2267,3559,63.69766788423714
22035,2012,2478,4008,61.82634730538922
22035,2016,1838,2939,62.538278325961215
22035,2020,1900,3036,62.582345191040844
22035,2024,1839,9951,18.480554718118782
22037,2000,3870,8099,47.78367699716014
22037,2004,4091,9201,44.46255841756331
22037,2008,4383,9947,44.06353674474716
22037,2012,4648,10209,45.52845528455284
22037,2016,4235,10042,42.17287392949612
22037,2020,4280,10509,40.7269959082691
22037,2024,5819,45279,12.851432231277194
22039,2000,5763,13612,42.33764325595063
22039,2004,5757,13979,41.18320337649331
22039,2008,5853,15976,36.63620430645969
22039,2012,5330,15770,33.79835129993659
22039,2016,4208,14882,28.275769385835236
22039,2020,4158,15412,26.978977420192056
22039,2024,4615,56388,8.184365467830034
22041,2000,2792,8356,33.41311632359981
22041,2004,2828,9103,31.06668131385258
22041,2008,2959,9356,31.626763574176998
22041,2012,2921,9336,31.287489288774633
22041,2016,2506,9162,27.35210652695918
22041,2020,2658,9720,27.34567901234568
22041,2024,3021,39933,7.5651716625347465
22043,2000,2099,7055,29.751948972360026
22043,2004,1977,7991,24.740332874483794
22043,2008,1474,8557,17.22566319971953
22043,2012,1422,8667,16.40706126687435
22043,2016,1181,8821,13.388504704682008
22043,2020,1157,9392,12.318994889267461
22043,2024,1407,35616,3.9504716981132075
22045,2000,11762,30020,39.180546302465025
22045,2004,12426,32273,38.50277321600099
22045,2008,12492,33168,37.66280752532561
22045,2012,12132,33397,36.32661616312842
22045,2016,10698,32454,32.963579219818826
22045,2020,11027,32713,33.708311680371715
22045,2024,13698,129441,10.582427515238603
22047,2000,8355,14503,57.60877059918638
22047,2004,8259,14827,55.70243474742025
22047,2008,9023,16421,54.94793252542476
22047,2012,9548,17014,56.11849065475491
22047,2016,8324,16043,51.88555756404662
22047,2020,8514,16719,50.92409833123991
22047,2024,9747,62082,15.70020295737895
22049,2000,2582,7106,36.33549113425275
22049,2004,2525,7647,33.01948476526743
22049,2008,2456,7736,31.747673216132366
22049,2012,2305,7529,30.6149555053792
22049,2016,2139,7464,28.657556270096464
22049,2020,2143,7632,28.079140461215935
22049,2024,2594,31395,8.262462175505654
22051,2000,70411,179151,39.302599483117596
22051,2004,72136,191663,37.6368939231881
22051,2008,65096,181120,35.94081272084806
22051,2012,70384,176343,39.91312385521399
22051,2016,73670,181639,40.55847037255215
22051,2020,84477,193733,43.60485823272236
22051,2024,115560,804075,14.371793675963062
22053,2000,5162,12546,41.1445879164674
22053,2004,4745,13007,36.480356730991005
22053,2008,3923,13501,29.057106880971777
22053,2012,3484,13734,25.367700597058395
22053,2016,3080,14277,21.5731596273727
22053,2020,3208,14841,21.615794083956608
22053,2024,4011,64287,6.23920854916235
22055,2000,27190,78293,34.72851979104134
22055,2004,31210,89923,34.70747194822237
22055,2008,32145,95642,33.6097112147383
22055,2012,31768,98642,32.20534863445591
22055,2016,32726,105603,30.98964991524862
22055,2020,39685,114521,34.6530330681709
22055,2024,54750,498963,10.972757499053037
22057,2000,14627,34449,42.45986821097855
22057,2004,14417,37864,38.075744770758504
22057,2008,9662,37893,25.498113107961895
22057,2012,9623,39075,24.626999360204735
22057,2016,8423,41645,20.225717373033977
22057,2020,8672,45388,19.1063717282101
22057,2024,11265,189843,5.933850602866579
22059,2000,1397,6108,22.871643745907008
22059,2004,1155,6238,18.515549855722988
22059,2008,860,6553,13.12376010987334
22059,2012,764,6572,11.62507608034084
22059,2016,605,6569,9.20992540721571
22059,2020,638,7077,9.015119400876078
22059,2024,790,29409,2.6862525077357273
22061,2000,6851,16551,41.39326928886472
22061,2004,7242,18218,39.75189373147436
22061,2008,8267,19150,43.16971279373368
22061,2012,7956,18993,41.889117043121146
22061,2016,7107,18669,38.06845572874819
22061,2020,7559,19275,39.2166018158236
22061,2024,9831,80664,12.187592978280273
22063,2000,11008,36865,29.86030109860301
22063,2004,9895,44253,22.36006598422706
22063,2008,6681,50892,13.127800047158688
22063,2012,7451,54062,13.78232399837224
22063,2016,6950,57730,12.038801316473236
22063,2020,9249,65230,14.17905871531504
22063,2024,14841,295695,5.01902297975955
22065,2000,2489,4743,52.477335020029514
22065,2004,2334,4673,49.94650117697411
22065,2008,3100,5300,58.490566037735846
22065,2012,3154,5187,60.8058608058608
22065,2016,2744,4732,57.98816568047337
22065,2020,2654,4670,56.83083511777301
22065,2024,2945,16986,17.337807606263983
22067,2000,5289,12321,42.92671049427806
22067,2004,5336,12971,41.13792305913191
22067,2008,5792,13200,43.878787878787875
22067,2012,5888,12614,46.67829395909307
22067,2016,5155,11852,43.494768815389804
22067,2020,4946,11574,42.733713495766374
22067,2024,6224,48966,12.710860597149043
22069,2000,6924,14857,46.60429427206031
22069,2004,7398,16966,43.604856772368265
22069,2008,7801,17067,45.70809163883518
22069,2012,7942,17258,46.01923745509329
22069,2016,7144,16621,42.98177004993683
22069,2020,6896,16554,41.657605412589106
22069,2024,8410,65397,12.8599171215805
22071,2000,137630,181221,75.94594445456102
22071,2004,152610,197103,77.42652318838374
22071,2008,116042,146287,79.324888746095
22071,2012,126722,157813,80.29883469676136
22071,2016,133996,165812,80.81200395628785
22071,2020,147854,177819,83.14859491955303
22071,2024,198085,715470,27.685996617608005
22073,2000,21457,58211,36.86073078971329
22073,2004,22016,64444,34.16299422754639
22073,2008,24813,67244,36.89994646362501
22073,2012,26645,68474,38.91257995735607
22073,2016,24428,68017,35.91455077407119
22073,2020,25913,69166,37.464939421102855
22073,2024,34169,296766,11.513785271897724
22075,2000,4425,10931,40.48120025615223
22075,2004,4181,12153,34.403028058915496
22075,2008,3380,10449,32.34759307110728
22075,2012,3599,10239,35.14991698408048
22075,2016,3347,10573,31.656105173555282
22075,2020,3414,11014,30.99691301979299
22075,2024,4545,47589,9.550526382147135
22077,2000,5813,10832,53.66506646971935
22077,2004,5712,11271,50.678733031674206
22077,2008,5516,12435,44.358665058303174
22077,2012,5436,12147,44.751790565571746
22077,2016,4764,11761,40.50675962928322
22077,2020,4683,12371,37.854660092151
22077,2024,6016,49992,12.03392542806849
22079,2000,18898,49024,38.54846605744125
22079,2004,18904,54069,34.962732804379584
22079,2008,20127,57521,34.99069904904296
22079,2012,20045,58019,34.54902704286526
22079,2016,18322,56844,32.23207374568996
22079,2020,19475,58865,33.08417565616241
22079,2024,23953,228111,10.500589625226315
22081,2000,2177,4522,48.142414860681114
22081,2004,2140,4717,45.367818528725884
22081,2008,2080,4629,44.93411103910132
22081,2012,2253,4807,46.86914915747868
22081,2016,1938,4422,43.82632293080054
22081,2020,1644,4132,39.787028073572124
22081,2024,1873,15753,11.889798768488543
22083,2000,3282,8485,38.68002357100766
22083,2004,3082,8665,35.568378534333526
22083,2008,3311,9181,36.063609628580764
22083,2012,3387,9329,36.30614213742094
22083,2016,3157,9597,32.89569657184537
22083,2020,3225,9940,32.44466800804829
22083,2024,3758,39978,9.400170093551454
22085,2000,2846,8862,32.11464680658994
22085,2004,2743,9576,28.64452798663325
22085,2008,2245,9652,23.259428097803564
22085,2012,2194,10053,21.82433104545907
22085,2016,1703,9787,17.400633493409625
22085,2020,1731,10596,16.336353340883353
22085,2024,1959,42312,4.62989222915485
22087,2000,11682,28621,40.816183920897245
22087,2004,9956,29838,33.36684764394396
22087,2008,3491,13540,25.782865583456427
22087,2012,5059,13955,36.252239340738086
22087,2016,4960,15815,31.362630414163768
22087,2020,6151,17650,34.84985835694051
22087,2024,8756,76845,11.394365280759972
22089,2000,8918,21510,41.45978614597862
22089,2004,8856,23837,37.15232621554726
22089,2008,8522,25397,33.55514430838288
22089,2012,8896,25333,35.116251529625394
22089,2016,8559,26192,32.677916921197316
22089,2020,9800,28517,34.365466213136024
22089,2024,12966,118569,10.935404701060142
22091,2000,3059,5254,58.22230681385611
22091,2004,3173,5508,57.607116920842415
22091,2008,3567,6184,57.68111254851229
22091,2012,3780,6394,59.117923052862054
22091,2016,3353,5964,56.2206572769953
22091,2020,3346,6158,54.335823319259504
22091,2024,4050,24594,16.467431080751403
22093,2000,6523,10705,60.93414292386735
22093,2004,6407,11108,57.67915016204537
22093,2008,6994,12564,55.66698503661255
22093,2012,7059,12395,56.950383219039935
22093,2016,6418,12085,53.10715763342987
22093,2020,6510,12590,51.7077045274027
22093,2024,8364,52974,15.788877562577868
22095,2000,9745,17713,55.016089877491105
22095,2004,10305,19617,52.530968037926286
22095,2008,12424,21656,57.36978204654599
22095,2012,13179,21123,62.391705723618806
22095,2016,12661,20743,61.03745841970786
22095,2020,13582,21432,63.372527062336694
22095,2024,18502,86454,21.40097624170079
22097,2000,18067,34151,52.90328248074727
22097,2004,18166,36760,49.41784548422198
22097,2008,20268,42493,47.697267785282286
22097,2012,19668,41647,47.22549043148366
22097,2016,17209,39977,43.04725216999775
22097,2020,17372,41154,42.21217864606114
22097,2024,21040,155877,13.497822000680024
22099,2000,9853,20778,47.42034844547117
22099,2004,10321,22824,45.219943918682084
22099,2008,9419,24252,38.83803397657925
22099,2012,9422,25433,37.04635709511265
22099,2016,8266,25750,32.10097087378641
22099,2020,8439,27038,31.211628078999926
22099,2024,10442,113331,9.213719105981594
22101,2000,9851,21810,45.16735442457588
22101,2004,9547,22694,42.068388120207985
22101,2008,9345,22903,40.80251495437279
22101,2012,9450,23640,39.974619289340104
22101,2016,8050,22877,35.18818026839183
22101,2020,8055,23186,34.74079185715518
22101,2024,9840,91014,10.811523501878833
22103,2000,22722,83737,27.13495826217801
22103,2004,24665,100592,24.51984253220932
22103,2008,24589,109503,22.455092554541885
22103,2012,25728,112902,22.787904554392306
22103,2016,27717,124392,22.28197954852402
22103,2020,37746,140110,26.94026122332453
22103,2024,59972,654549,9.162339259551233
22105,2000,15843,37155,42.64029067420266
22105,2004,15345,42135,36.4186543253827
22105,2008,16438,48602,33.8216534299
22105,2012,17722,50099,35.373959560071064
22105,2016,16878,52416,32.20009157509158
22105,2020,18887,57661,32.75524184457432
22105,2024,23508,233322,10.075346516830818
22107,2000,1580,3010,52.49169435215947
22107,2004,1469,2963,49.578130273371585
22107,2008,1646,3040,54.14473684210527
22107,2012,1564,2812,55.618776671408256
22107,2016,1332,2548,52.27629513343799
22107,2020,1329,2554,52.03602192638998
22107,2024,1477,9750,15.148717948717948
22109,2000,14414,36675,39.301976823449216
22109,2004,13684,40574,33.726031448711
22109,2008,11579,40692,28.455224614174778
22109,2012,12074,42341,28.51609551026192
22109,2016,10665,43896,24.29606342263532
22109,2020,11198,46240,24.21712802768166
22109,2024,13579,177105,7.6672030716241775
22111,2000,3205,9343,34.303756823290165
22111,2004,3089,10718,28.82067549916029
22111,2008,3103,10868,28.55171144644829
22111,2012,3075,10766,28.562140070592605
22111,2016,2691,10894,24.701670644391406
22111,2020,2654,11201,23.694313007767164
22111,2024,3099,45342,6.834722773587402
22113,2000,8704,22235,39.145491342478074
22113,2004,9085,24552,37.00309547083741
22113,2008,6266,24833,25.23255345709338
22113,2012,5720,24987,22.891903789970787
22113,2016,4857,25632,18.948970037453183
22113,2020,5009,27324,18.331869418825942
22113,2024,6412,111645,5.743203905235344
22115,2000,4655,13827,33.66601576625443
22115,2004,4035,15229,26.4955020027579
22115,2008,3534,15769,22.411059674044008
22115,2012,3173,15610,20.326713645099296
22115,2016,2665,16633,16.02236517765887
22115,2020,2898,17268,16.782487838776927
22115,2024,3857,69453,5.5533958216347745
22117,2000,7399,16887,43.814768757032034
22117,2004,6554,17841,36.73560899052744
22117,2008,6122,18624,32.87156357388316
22117,2012,6466,18581,34.798988213766755
22117,2016,5692,18628,30.55615202920335
22117,2020,5970,19513,30.594987956746785
22117,2024,7896,81483,9.690364861382129
22119,2000,7197,17090,42.11234640140433
22119,2004,6833,18449,37.03723779066616
22119,2008,6610,18270,36.179529282977555
22119,2012,6802,18416,36.93527367506516
22119,2016,6260,18145,34.49986222099752
22119,2020,6172,18216,33.88230127360562
22119,2024,7410,72057,10.28352554227903
22121,2000,5058,10169,49.73940407119677
22121,2004,4932,10835,45.51915089986156
22121,2008,5043,11866,42.499578628012806
22121,2012,5692,12774,44.55926099890402
22121,2016,5383,12712,42.34581497797357
22121,2020,6200,14097,43.980988862878625
22121,2024,9086,64629,14.05870429683269
22123,2000,1319,4675,28.21390374331551
22123,2004,1231,5033,24.458573415457977
22123,2008,878,4987,17.6057750150391
22123,2012,853,4548,18.755496921723836
22123,2016,715,4759,15.024164740491699
22123,2020,710,5052,14.05384006334125
22123,2024,802,21396,3.748364180220602
22125,2000,2187,4860,45
22125,2004,2214,5218,42.43004982752012
22125,2008,2414,5618,42.969028123887504
22125,2012,2441,5777,42.25376492989441
22125,2016,2248,5799,38.765304362821176
22125,2020,2298,6268,36.66241225271219
22125,2024,3084,28236,10.922226944326392
22127,2000,2167,6361,34.066970602106586
22127,2004,2056,6507,31.596741970185953
22127,2008,2047,6772,30.227406969875958
22127,2012,1919,6534,29.369452096724824
22127,2016,1644,6372,25.800376647834273
22127,2020,1543,6225,24.78714859437751
22127,2024,1782,25578,6.966924700914849
23001,2000,26251,49245,53.30693471418419
23001,2004,30345,55842,54.34081873858386
23001,2008,31017,54850,56.54876937101185
23001,2012,28989,52862,54.83901479323522
23001,2016,23009,55601,41.38234923832305
23001,2020,27617,59361,46.52381193039201
23001,2024,27019,58847,45.91398032185158
23003,2000,17196,35143,48.9315084085024
23003,2004,18988,36709,51.7257348334196
23003,2008,19345,35994,53.745068622548196
23003,2012,17777,33860,52.50147666863556
23003,2016,13386,35097,38.14001196683478
23003,2020,13956,36210,38.54183927091964
23003,2024,12900,35653,36.182088463803886
23005,2000,74203,142620,52.02846725564437
23005,2004,76911,135485,56.767169797394544
23005,2008,105218,164151,64.09829973621848
23005,2012,101950,163786,62.24585739928932
23005,2016,102981,171818,59.936095170471084
23005,2020,128759,195914,65.72220464081178
23005,2024,127971,192656,66.42461174321069
23007,2000,7593,15448,49.15199378560332
23007,2004,9410,17136,54.913632119514475
23007,2008,10113,17178,58.87181278379322
23007,2012,9367,16282,57.52978749539369
23007,2016,7016,16488,42.55215914604561
23007,2020,8069,17599,45.84919597704415
23007,2024,7990,17836,44.79703969499888
23009,2000,12983,28574,45.436410723034925
23009,2004,17299,31754,54.478175977829565
23009,2008,18895,32165,58.74397637183274
23009,2012,17569,30799,57.044059872073774
23009,2016,16117,32130,50.16184251478369
23009,2020,19369,35676,54.29140038120865
23009,2024,19817,36253,54.663062367252365
23011,2000,31198,58907,52.9614477057056
23011,2004,33167,62831,52.78763667616304
23011,2008,37238,65986,56.43318279635074
23011,2012,35068,63497,55.22780603808054
23011,2016,29302,66208,44.25749154180764
23011,2020,34902,72615,48.06444949390622
23011,2024,34585,72886,47.45081359931949
23013,2000,9453,20501,46.109945856299696
23013,2004,11430,21456,53.27181208053692
23013,2008,13728,22980,59.73890339425587
23013,2012,13223,22067,59.92205555807314
23013,2016,12443,23147,53.75642631874541
23013,2020,15110,26032,58.043945912722805
23013,2024,15076,25893,58.22423048700421
23015,2000,8634,19671,43.892023791368004
23015,2004,10548,20608,51.18400621118012
23015,2008,11886,21584,55.068569310600445
23015,2012,11315,20757,54.511730982319214
23015,2016,10241,21503,47.625912663349304
23015,2020,12684,23857,53.16678542985287
23015,2024,13110,24003,54.61817272840895
23017,2000,13649,27493,49.64536427454261
23017,2004,16825,31914,52.719809487998994
23017,2008,17940,31650,56.6824644549763
23017,2012,16330,29420,55.50645819170632
23017,2016,12172,31201,39.011570141982624
23017,2020,14755,33810,43.64093463472346
23017,2024,14765,34590,42.685747325816706
23019,2000,32868,73206,44.89795918367347
23019,2004,37775,76414,49.43465857041903
23019,2008,41614,80467,51.71561012589012
23019,2012,38811,77306,50.20438258349934
23019,2016,32838,80540,40.772287062329276
23019,2020,37713,86133,43.78461216955174
23019,2024,37945,87073,43.57837676432419
23021,2000,3745,9256,40.460242005185826
23021,2004,4378,9871,44.35214264005673
23021,2008,4430,9434,46.957812168751325
23021,2012,4149,8955,46.33165829145728
23021,2016,3098,9182,33.73992594206056
23021,2020,3517,9996,35.18407362945178
23021,2024,3510,10205,34.394904458598724
23023,2000,8844,18406,48.049549060089106
23023,2004,10341,19856,52.079975825946825
23023,2008,12152,21301,57.04896483733158
23023,2012,11821,20794,56.84812926805809
23023,2016,10664,21616,49.33382679496669
23023,2020,13528,24280,55.716639209225704
23023,2024,13982,24456,57.172064115145574
23025,2000,11538,23951,48.17335393094234
23025,2004,13530,27053,50.01293756699812
23025,2008,13335,25758,51.770323782902395
23025,2012,12216,24787,49.28389881792875
23025,2016,9092,26064,34.88336402701044
23025,2020,10199,27873,36.59096616797618
23025,2024,10134,28441,35.63165852114905
23027,2000,8477,19138,44.29407461594733
23027,2004,11259,21741,51.78694632261626
23027,2008,11967,21850,54.768878718535476
23027,2012,11296,21061,53.6346802146147
23027,2016,10440,22707,45.97701149425287
23027,2020,12345,24566,50.2523813400635
23027,2024,12661,25130,50.38201352964584
23029,2000,6701,15708,42.659791189202956
23029,2004,7998,16496,48.48448108632395
23029,2008,8246,16654,49.5136303590729
23029,2012,7803,15836,49.27380651679717
23029,2016,6075,16365,37.12190650779102
23029,2020,6761,17570,38.48036425725669
23029,2024,6763,18046,37.476449074587165
23031,2000,46618,94550,49.30512956107879
23031,2004,53949,101344,53.23354120618882
23031,2008,64799,109161,59.36094392686032
23031,2012,61551,108057,56.96160359810101
23031,2016,55844,114274,48.86850902217477
23031,2020,71189,131042,54.325330809969316
23031,2024,72114,132838,54.287176862042486
24001,2000,10894,26371,41.31053050699632
24001,2004,10576,29855,35.42455200133981
24001,2008,10693,29742,35.952525048752605
24001,2012,9805,29850,32.84757118927973
24001,2016,7875,30654,25.689958896065768
24001,2020,9158,153205,5.97761169674619
24001,2024,9231,32137,28.72390079970128
24003,2000,89624,200657,44.6652745730276
24003,2004,103324,239667,43.111483850509245
24003,2008,125015,259619,48.15325534725886
24003,2012,126635,260155,48.67675039880071
24003,2016,128419,270081,47.54832809416435
24003,2020,172823,1548085,11.163663493929597
24003,2024,171945,311572,55.18628118059389
24005,2000,160635,304084,52.82586390602597
24005,2004,182474,353479,51.622302880793484
24005,2008,214151,380938,56.21675968267802
24005,2012,220322,384782,57.258915437832336
24005,2016,218412,390682,55.905314296537846
24005,2020,258409,2074660,12.455486682155147
24005,2024,249958,412915,60.53497693229841
24009,2000,12986,29806,43.56840904515869
24009,2004,15967,39351,40.57584305354375
24009,2008,20299,44057,46.07440361350069
24009,2012,20529,45518,45.1008392284371
24009,2016,18225,47408,38.44287883901451
24009,2020,22587,245565,9.197972023700446
24009,2024,23438,54191,43.250724290011256
24011,2000,3396,8952,37.93565683646112
24011,2004,3810,11356,33.55054596688975
24011,2008,4971,13218,37.6078075351793
24011,2012,4970,13357,37.208954106461036
24011,2016,4009,14113,28.406433784454048
24011,2020,5095,78970,6.451817145751551
24011,2024,4860,16330,29.76117575015309
24013,2000,20146,64027,31.464850766083057
24013,2004,22974,79349,28.95310589925519
24013,2008,28060,84760,33.10523831996225
24013,2012,27939,87536,31.917154085176385
24013,2016,26567,91848,28.924962982318615
24013,2020,36456,501635,7.267435485960908
24013,2024,36867,102651,35.91489610427565
24015,2000,12327,28876,42.68943066906774
24015,2004,14680,37674,38.96586505282158
24015,2008,17665,42494,41.57057466936509
24015,2012,16557,42480,38.975988700564976
24015,2016,13650,45269,30.15308489253131
24015,2020,16809,237310,7.083140196367621
24015,2024,17628,52831,33.36677329598153
24017,2000,21873,44592,49.051399354144245
24017,2004,29354,58241,50.400920313868234
24017,2008,43635,70127,62.22282430447616
24017,2012,48774,75222,64.84007338278695
24017,2016,49341,78303,63.01291138270564
24017,2020,62171,447490,13.893271358019174
24017,2024,63454,92097,68.89909551885512
24019,2000,5232,11392,45.92696629213483
24019,2004,5411,13339,40.56525976460004
24019,2008,6912,15274,45.25337174283096
24019,2012,7257,15444,46.98912198912199
24019,2016,6245,15225,41.01806239737274
24019,2020,6857,79885,8.583588909056768
24019,2024,6954,16772,41.46196041020749
24021,2000,30725,78661,39.06001703512541
24021,2004,39503,100594,39.26973775771915
24021,2008,54013,111186,48.57895778245462
24021,2012,55146,117115,47.08705118900226
24021,2016,56522,125677,44.97402070386785
24021,2020,77675,728075,10.668543762661814
24021,2024,82409,156114,52.78770641966768
24023,2000,2872,10655,26.95448146410136
24023,2004,3291,12484,26.361743031079783
24023,2008,3736,12872,29.024238657551276
24023,2012,3124,13157,23.744014592992325
24023,2016,2567,14011,18.321318963671402
24023,2020,3281,78055,4.203446287873936
24023,2024,3456,15838,21.82093698699331
24025,2000,35665,91424,39.01054427721386
24025,2004,39685,112728,35.204208359946065
24025,2008,48552,123295,39.378725820187356
24025,2012,49729,125954,39.481874335074714
24025,2016,47077,133672,35.21829552935544
24025,2020,63095,740930,8.515649251616212
24025,2024,62453,150090,41.61036711306549
24027,2000,58556,112779,51.92101366389132
24027,2004,72257,133810,53.99970106867947
24027,2008,87120,145233,59.986366734833
24027,2012,91393,153108,59.69185150351386
24027,2016,102597,162193,63.25612079436227
24027,2020,129433,915310,14.140892156755635
24027,2024,124764,182291,68.44221601724715
24029,2000,3627,8085,44.860853432282006
24029,2004,4278,9285,46.07431340872375
24029,2008,4953,10020,49.4311377245509
24029,2012,4842,9904,48.88933764135703
24029,2016,4575,10021,45.65412633469714
24029,2020,5329,53970,9.874004076338707
24029,2024,5251,11128,47.18727534148095
24031,2000,232453,371688,62.539818342265555
24031,2004,273936,415225,65.97290625564453
24031,2008,314444,439261,71.58477533858002
24031,2012,323400,455992,70.92229688240145
24031,2016,357837,478873,74.72482265652897
24031,2020,419569,2668715,15.721761222161227
24031,2024,386581,519221,74.45403787597189
24033,2000,216119,271909,79.48210614580613
24033,2004,260532,318474,81.80636409879614
24033,2008,332396,374026,88.86975771737794
24033,2012,347938,387744,89.73394817198977
24033,2016,344049,390385,88.13069149685568
24033,2020,379208,2124275,17.851172753056925
24033,2024,347038,404009,85.89858146724454
24035,2000,6257,16761,37.330708191635345
24035,2004,7070,21794,32.44012113425713
24035,2008,8575,24045,35.662299854439595
24035,2012,8556,24888,34.378013500482155
24035,2016,7973,26523,30.06070203219847
24035,2020,10709,151450,7.070980521624298
24035,2024,11273,32347,34.850217949114295
24037,2000,11912,29501,40.37829226127928
24037,2004,13776,37916,36.33294651334529
24037,2008,19023,44409,42.835911639532526
24037,2012,19711,47824,41.21570759451322
24037,2016,17534,49842,35.17916616508166
24037,2020,23138,278325,8.313302793496812
24037,2024,23531,58954,39.91417037011908
24039,2000,3785,7604,49.77643345607575
24039,2004,4034,8994,44.85212363798088
24039,2008,4779,9924,48.155985489721886
24039,2012,5240,10399,50.38946052505049
24039,2016,4196,9900,42.38383838383839
24039,2020,4241,50735,8.35912092244013
24039,2024,4054,10137,39.99210811877281
24041,2000,5854,15234,38.42720231062098
24041,2004,7367,18864,39.05322307039864
24041,2008,9035,20328,44.44608421881149
24041,2012,8808,20459,43.05195757368395
24041,2016,8653,20553,42.100909842845326
24041,2020,11062,112775,9.808911549545556
24041,2024,11119,22830,48.70346035917652
24043,2000,18221,47470,38.3842426795871
24043,2004,20387,57904,35.20827576678641
24043,2008,26245,61600,42.60551948051948
24043,2012,25042,62755,39.904390088439165
24043,2016,21129,65991,32.01800245488021
24043,2020,26044,338895,7.684976172560823
24043,2024,27260,73332,37.173403152784594
24045,2000,14469,31795,45.50715521308382
24045,2004,15137,37503,40.362104364984134
24045,2008,19436,41854,46.437616476322454
24045,2012,19635,42259,46.463475236044395
24045,2016,18050,42547,42.42367264436975
24045,2020,22054,231080,9.54388090704518
24045,2024,21513,46912,45.85820259208731
24047,2000,9389,20753,45.24165180937696
24047,2004,9648,25229,38.24170597328471
24047,2008,11374,27346,41.5929203539823
24047,2012,11014,27420,40.16776075857039
24047,2016,9753,28273,34.49580872210236
24047,2020,12560,158455,7.926540658231043
24047,2024,12431,32881,37.80602779720812
24510,2000,158765,192404,82.51647574894493
24510,2004,175022,213563,81.95333461320547
24510,2008,214385,245968,87.15971183243349
24510,2012,221478,254005,87.19434656798094
24510,2016,202673,239402,84.6580229070768
24510,2020,207260,1187305,17.456340199022154
24510,2024,195109,230754,84.5528138190454
25001,2000,62363,121086,51.503063938027516
25001,2004,72156,132148,54.60241547355995
25001,2008,74264,132270,56.14576245558328
25001,2012,70822,133115,53.20362092927168
25001,2016,72430,133862,54.1079619309438
25001,2020,91994,151512,60.71730291990073
25001,2024,88129,148785,59.232449507678865
25003,2000,37934,59411,63.8501287640336
25003,2004,47743,65291,73.12340138763382
25003,2008,49558,66130,74.94026916679269
25003,2012,48843,64486,75.74202152405172
25003,2016,43714,64803,67.45675354536056
25003,2020,51705,71771,72.04163241420629
25003,2024,47094,68674,68.57617147683257
25005,2000,136325,211337,64.5059786028949
25005,2004,147854,232878,63.489895997045664
25005,2008,146861,243120,60.40679499835472
25005,2012,142962,241509,59.19530949157175
25005,2016,129540,248959,52.03266401294992
25005,2020,153377,281364,54.51194893447634
25005,2024,137786,278017,49.5602786879939
25007,2000,5474,8856,61.811201445347784
25007,2004,7265,9997,72.67180154046213
25007,2008,7913,10553,74.98341703780915
25007,2012,7978,10968,72.73887673231218
25007,2016,8400,11502,73.03077725612937
25007,2020,9914,12873,77.01390507263264
25007,2024,9137,12209,74.83823408960603
25009,2000,178400,310333,57.486635323990676
25009,2004,194068,333233,58.23792961681467
25009,2008,208976,353665,59.088685620573145
25009,2012,210302,366357,57.40357083391336
25009,2016,222310,379868,58.52296060736888
25009,2020,267198,424599,62.92949347501996
25009,2024,236624,401851,58.88351652727006
25011,2000,17945,33366,53.78229335251453
25011,2004,25550,37381,68.35023140097911
25011,2008,27919,38549,72.42470621806014
25011,2012,27072,37758,71.6987128555538
25011,2016,24478,38177,64.11713859129843
25011,2020,30030,43003,69.8323372787945
25011,2024,28305,42248,66.99725430789624
25013,2000,100103,172093,58.16796731999558
25013,2004,113710,186639,60.92510139895735
25013,2008,121454,197841,61.38970183126854
25013,2012,123619,200399,61.686435561055696
25013,2016,112590,203117,55.43110620972149
25013,2020,125948,220793,57.04347511017106
25013,2024,110937,208604,53.18066767655461
25015,2000,38543,68626,56.16384460700026
25015,2004,51680,74422,69.44183171642794
25015,2008,56869,79570,71.47040341837376
25015,2012,57359,81621,70.27480672866052
25015,2016,55367,82956,66.74261054052751
25015,2020,63362,88332,71.73164877960421
25015,2024,58617,84720,69.18909348441926
25017,2000,404043,657048,61.49368082697154
25017,2004,440862,688960,63.9894914073386
25017,2008,464484,726031,63.9757806484847
25017,2012,471804,754170,62.55936990333745
25017,2016,520360,784034,66.36957070739278
25017,2020,617196,869347,70.99535628465964
25017,2024,554471,814832,68.04727845739981
25019,2000,2874,4926,58.34348355663824
25019,2004,3608,5724,63.03284416491963
25019,2008,4073,6052,67.30006609385327
25019,2012,3830,6120,62.58169934640523
25019,2016,4146,6406,64.7205744614424
25019,2020,5241,7338,71.4227309893704
25019,2024,4784,7118,67.20989041865693
25021,2000,188450,317177,59.41477471569502
25021,2004,199392,331137,60.21435236775111
25021,2008,200675,344916,58.180832434563776
25021,2012,202714,356523,56.85860379274268
25021,2016,221819,361562,61.35019719992698
25021,2020,273312,411042,66.4924752215102
25021,2024,242712,386447,62.80602514704474
25023,2000,115376,211577,54.53144717998648
25023,2004,125178,233297,53.65606930221992
25023,2008,131823,249828,52.7655026658341
25023,2012,131845,256531,51.395347930659455
25023,2016,135513,266863,50.77998823366296
25023,2020,173630,303870,57.139566261888305
25023,2024,159962,300129,53.29774863475373
25025,2000,154888,217000,71.37695852534563
25025,2004,182592,240645,75.8760830268653
25025,2008,207127,269221,76.93567738029351
25025,2012,223896,289098,77.44640225805782
25025,2016,245751,308741,79.59778584638904
25025,2020,270522,337240,80.21646305301861
25025,2024,222280,299193,74.29318199289422
25027,2000,173769,310148,56.027767388472604
25027,2004,192142,340636,56.40683897180568
25027,2008,202107,363590,55.58651228031574
25027,2012,198244,369112,53.70835952231301
25027,2016,198778,383705,51.804902203515724
25027,2020,248773,434921,57.199583372612494
25027,2024,225680,420841,53.62595374500108
26001,2000,2696,5997,44.95581123895281
26001,2004,2871,6531,43.959577400091874
26001,2008,2896,6420,45.109034267912776
26001,2012,2472,6104,40.49803407601573
26001,2016,1732,6198,27.94449822523395
26001,2020,2142,7064,30.322763306908268
26001,2024,2140,7483,28.598155819858345
26003,2000,2071,4366,47.43472285845167
26003,2004,2395,4765,50.262329485834215
26003,2008,2472,4750,52.04210526315789
26003,2012,2212,4618,47.89952360329146
26003,2016,1663,4518,36.8083222664896
26003,2020,2053,5128,40.035101404056164
26003,2024,2075,5258,39.46367440091289
26005,2000,15495,44891,34.51694103495132
26005,2004,19355,53907,35.904427996364106
26005,2008,24165,55279,43.71461133522676
26005,2012,20806,52619,39.54085026321291
26005,2016,18050,55786,32.35578819058545
26005,2020,24449,67094,36.43992011208156
26005,2024,25637,71913,35.65002155382198
26007,2000,7053,14132,49.908010189640535
26007,2004,7407,15211,48.695023338373545
26007,2008,7705,15085,51.0772290354657
26007,2012,6549,14014,46.731839588982446
26007,2016,4877,14698,33.18138522247925
26007,2020,6000,16969,35.35859508515528
26007,2024,6038,17213,35.0781386161622
26009,2000,4329,11507,37.62057877813505
26009,2004,5072,13619,37.24208825904986
26009,2008,6079,13852,43.885359514871496
26009,2012,5107,13195,38.70405456612353
26009,2016,4448,13582,32.749226917979676
26009,2020,5960,15949,37.369114051037684
26009,2024,6330,16883,37.49333649232956
26011,2000,3685,7267,50.708683087931746
26011,2004,4076,8216,49.61051606621227
26011,2008,4155,8128,51.11958661417323
26011,2012,3669,7841,46.792500956510644
26011,2016,2384,7696,30.97713097713098
26011,2020,2774,8831,31.412071113124224
26011,2024,2662,9158,29.067481982965717
26013,2000,1400,3393,41.2614205717654
26013,2004,1660,3684,45.05971769815418
26013,2008,1725,3644,47.33809001097695
26013,2012,1574,3490,45.10028653295129
26013,2016,1156,3490,33.12320916905444
26013,2020,1478,4038,36.60227835562159
26013,2024,1488,4332,34.34903047091413
26015,2000,9769,26244,37.223746380124986
26015,2004,11312,30272,37.36786469344609
26015,2008,13449,30565,44.00130868640602
26015,2012,11491,28512,40.30232884399551
26015,2016,9114,30329,30.050446767120576
26015,2020,11797,35905,32.856148168778724
26015,2024,12391,38625,32.08025889967637
26017,2000,28251,51636,54.71182895654195
26017,2004,31049,57059,54.41560490019103
26017,2008,32589,57428,56.74757957790625
26017,2012,27877,53381,52.22270096101609
26017,2016,21642,52977,40.85169035619231
26017,2020,26151,60255,43.40054767239233
26017,2024,25767,61338,42.008216766115616
26019,2000,3546,8072,43.92963330029732
26019,2004,4383,9778,44.82511761096339
26019,2008,5451,10309,52.876127655446695
26019,2012,4685,9901,47.31845268154732
26019,2016,4108,10228,40.16425498631209
26019,2020,5480,12262,44.69091502201925
26019,2024,5780,12846,44.99455083294411
26021,2000,28152,65241,43.150779417850735
26021,2004,32846,74671,43.987625718150284
26021,2008,40381,77666,51.993150155795334
26021,2012,33465,72497,46.160530780584025
26021,2016,29495,72031,40.94764754064222
26021,2020,37438,82391,45.439429063854064
26021,2024,38323,84488,45.35910425149133
26023,2000,6691,15783,42.393714756383446
26023,2004,7004,17967,38.98257917292815
26023,2008,8413,18285,46.01039103089965
26023,2012,6913,17147,40.31609027818277
26023,2016,5061,17663,28.653116684594913
26023,2020,6159,20536,29.99123490455785
26023,2024,5911,21089,28.02883019583669
26025,2000,27312,55080,49.58605664488017
26025,2004,29891,62667,47.69815054175244
26025,2008,34561,64196,53.83668764408998
26025,2012,29267,58327,50.17744783719375
26025,2016,24157,58902,41.012189738888324
26025,2020,28877,66281,43.567538208536384
26025,2024,28988,68505,42.31515947741041
26027,2000,8808,19825,44.428751576292555
26027,2004,9537,22697,42.01876900030841
26027,2008,12083,23576,51.25127248048863
26027,2012,9591,22490,42.645620275678084
26027,2016,7270,22595,32.175260013277274
26027,2020,9130,26216,34.82606042111688
26027,2024,9050,27871,32.47102723260737
26029,2000,4958,12487,39.70529350524545
26029,2004,5729,14139,40.51913148030271
26029,2008,6817,14367,47.449015104057914
26029,2012,5939,14090,42.150461320085164
26029,2016,5137,14589,35.211460689560624
26029,2020,6939,17000,40.81764705882353
26029,2024,7197,17661,40.750806862578564
26031,2000,5484,12617,43.4651660458112
26031,2004,5941,13887,42.78101821847771
26031,2008,6720,13901,48.34184591036616
26031,2012,5831,13311,43.8058748403576
26031,2016,4302,13672,31.46576945582212
26031,2020,5437,15868,34.26392740105874
26031,2024,5543,16423,33.751446142604884
26033,2000,6370,14354,44.377873763410896
26033,2004,7203,16488,43.6863173216885
26033,2008,8184,16708,48.98252334211156
26033,2012,7100,15564,45.618093035209455
26033,2016,5379,15456,34.80201863354037
26033,2020,6648,17642,37.68280240335563
26033,2024,6796,18365,37.005172883201745
26035,2000,6287,12607,49.86912032997541
26035,2004,6984,14226,49.0932096161957
26035,2008,7496,14567,51.45877668703234
26035,2012,6338,13504,46.93424170616114
26035,2016,4249,13389,31.73500634849503
26035,2020,5199,16281,31.93292795282845
26035,2024,5273,17288,30.500925497454883
26037,2000,13394,32199,41.59756514177459
26037,2004,15483,37807,40.95273362075806
26037,2008,20005,40381,49.54062554171516
26037,2012,18191,39235,46.36421562380528
26037,2016,16492,40655,40.565736071823885
26037,2020,21968,47927,45.83637615540301
26037,2024,22450,49986,44.91257552114592
26039,2000,2790,6364,43.84035197988687
26039,2004,3126,7235,43.206634416033175
26039,2008,3441,7178,47.93814432989691
26039,2012,2994,6814,43.93894922218961
26039,2016,2110,6844,30.829924021040327
26039,2020,2672,7861,33.9905864393843
26039,2024,2752,8476,32.46814535158094
26041,2000,7970,17316,46.02679602679602
26041,2004,9381,19238,48.76286516269882
26041,2008,9974,19064,52.3185060847671
26041,2012,8330,18050,46.149584487534625
26041,2016,6436,18492,34.80423967120917
26041,2020,7606,21151,35.96047468204813
26041,2024,7462,21874,34.113559477004664
26043,2000,5533,12832,43.11876558603491
26043,2004,5650,13549,41.70049450143922
26043,2008,5995,13311,45.03793854706634
26043,2012,4952,12810,38.657298985167834
26043,2016,3923,13165,29.798708697303454
26043,2020,4744,14589,32.5176502844609
26043,2024,4763,15312,31.106321839080458
26045,2000,23211,49272,47.107890891378474
26045,2004,25411,55755,45.5761815083849
26045,2008,30742,57616,53.35670647042489
26045,2012,27913,54788,50.94728772723954
26045,2016,24938,56221,44.357090766795324
26045,2020,31299,64327,48.65608531409828
26045,2024,31056,65208,47.62605815237394
26047,2000,5451,14711,37.05390524097614
26047,2004,6846,17372,39.408243149896386
26047,2008,8515,18149,46.91718551986335
26047,2012,7225,17709,40.79846405782371
26047,2016,6972,18802,37.081161578555474
26047,2020,9662,22177,43.567660188483565
26047,2024,10005,22851,43.78364185374819
26049,2000,119833,190865,62.784166819479736
26049,2004,128334,213775,60.032276926675245
26049,2008,143927,219896,65.45230472587042
26049,2012,128978,202933,63.55693751139538
26049,2016,102751,196296,52.34492806781596
26049,2020,119390,221360,53.93476689555475
26049,2024,114670,223268,51.35980077754089
26051,2000,5573,11629,47.92329521025024
26051,2004,6343,13227,47.954940651697285
26051,2008,6590,13241,49.76965485990484
26051,2012,5760,12583,45.77604704760391
26051,2016,3794,12472,30.420141116100062
26051,2020,4524,14603,30.97993562966514
26051,2024,4501,15488,29.06120867768595
26053,2000,4066,8339,48.75884398608946
26053,2004,4421,8452,52.30714623757691
26053,2008,4757,8264,57.56292352371732
26053,2012,4058,7576,53.56388595564942
26053,2016,2925,7329,39.90994678673761
26053,2020,3570,8266,43.18896685216549
26053,2024,3385,8295,40.80771549125979
26055,2000,14371,38229,37.5918805095608
26055,2004,18256,46191,39.52285077179537
26055,2008,23258,48733,47.72536063858166
26055,2012,20875,47999,43.490489385195524
26055,2016,20965,51589,40.63850820911434
26055,2020,28683,60236,47.61770369878478
26055,2024,30339,62772,48.33205887975531
26057,2000,6538,15179,43.07266618354305
26057,2004,7377,17379,42.447781805627486
26057,2008,9105,17738,51.33047694215808
26057,2012,7610,16035,47.458684128468974
26057,2016,5666,16465,34.4123899180079
26057,2020,6693,19127,34.99241909342814
26057,2024,6682,19848,33.665860540104795
26059,2000,6495,17473,37.171636238768386
26059,2004,7123,20216,35.23446774831817
26059,2008,8765,20449,42.862731673920486
26059,2012,7106,19100,37.204188481675395
26059,2016,4799,19940,24.067201604814443
26059,2020,5883,23302,25.246759934769546
26059,2024,5875,24828,23.66280006444337
26061,2000,5688,14216,40.01125492402926
26061,2004,6731,15851,42.46419784240742
26061,2008,7476,15972,46.8069120961683
26061,2012,6801,15282,44.503337259521004
26061,2016,6018,15624,38.51766513056836
26061,2020,7750,18501,41.889627587697966
26061,2024,7881,19374,40.678228553731806
26063,2000,6899,16095,42.86424355389873
26063,2004,7629,17466,43.679148059086224
26063,2008,8367,17135,48.82988036183251
26063,2012,6518,15484,42.09506587445105
26063,2016,4579,15917,28.767983916567193
26063,2020,5490,18437,29.777078700439336
26063,2024,5522,18969,29.110654225314985
26065,2000,69231,120595,57.407852730212696
26065,2004,76877,133053,57.77923083282601
26065,2008,93994,142729,65.85487182002257
26065,2012,80847,127910,63.20616058165898
26065,2016,79110,131138,60.32576369930912
26065,2020,94212,144550,65.1760636457973
26065,2024,94542,148101,63.83616585978488
26067,2000,9481,23970,39.55360867751356
26067,2004,10647,27618,38.55094503584618
26067,2008,12565,27319,45.99363080639848
26067,2012,11018,25761,42.77007880128877
26067,2016,8352,26854,31.101511879049674
26067,2020,10901,32209,33.844577602533455
26067,2024,11338,34021,33.32647482437318
26069,2000,6505,13222,49.1983058538799
26069,2004,6557,14006,46.81565043552764
26069,2008,7309,14187,51.518996264185525
26069,2012,6242,13344,46.77757793764988
26069,2016,4345,13361,32.52002095651523
26069,2020,5373,15363,34.973637961335676
26069,2024,5344,15731,33.97113978768038
26071,2000,3014,6188,48.70717517776341
26071,2004,3215,6511,49.37797573337429
26071,2008,3080,6162,49.98377150275884
26071,2012,2687,5988,44.87307949231797
26071,2016,2004,5910,33.90862944162436
26071,2020,2493,6789,36.72116659301812
26071,2024,2441,7027,34.73744129785115
26073,2000,10228,21069,48.5452560634107
26073,2004,12334,24390,50.569905699056996
26073,2008,16679,28350,58.832451499118164
26073,2012,13038,24119,54.056967535967495
26073,2016,11404,25392,44.911783238815374
26073,2020,14072,29421,47.82978144862513
26073,2024,14011,30835,45.43862493919247
26075,2000,28160,61946,45.45894811610112
26075,2004,31025,71795,43.2133156905077
26075,2008,37480,74503,50.30669905909829
26075,2012,32301,69446,46.512398122282065
26075,2016,25795,69677,37.02082466237066
26075,2020,31995,80861,39.56790047117894
26075,2024,32348,83827,38.588998771278945
26077,2000,48807,100656,48.488912732474965
26077,2004,61462,119783,51.311120943706534
26077,2008,77051,130781,58.916050496631776
26077,2012,69051,123178,56.057899949666336
26077,2016,67148,126299,53.16589996753736
26077,2020,83686,143414,58.352741015521495
26077,2024,84501,145710,57.99258801729462
26079,2000,2774,6849,40.50226310410279
26079,2004,3189,8380,38.05489260143198
26079,2008,3780,8499,44.47582068478644
26079,2012,3272,8299,39.42643692011086
26079,2016,2280,8833,25.812294803577494
26079,2020,3002,10631,28.238171385570503
26079,2024,3206,11529,27.808136004857314
26081,2000,95442,250318,38.12830080138065
26081,2004,116909,290891,40.18996806363896
26081,2008,149909,303235,49.4365755931868
26081,2012,133408,292985,45.53407171015581
26081,2016,138683,308184,45.00006489629572
26081,2020,187915,361048,52.04709623097206
26081,2024,192668,371947,51.7998532048921
26083,2000,540,1343,40.20848845867461
26083,2004,630,1439,43.780403057678946
26083,2008,610,1410,43.262411347517734
26083,2012,582,1392,41.810344827586206
26083,2016,527,1434,36.750348675034864
26083,2020,672,1557,43.15992292870906
26083,2024,690,1611,42.83054003724395
26085,2000,2584,4693,55.06072874493927
26085,2004,2675,5246,50.991231414410976
26085,2008,2919,5292,55.158730158730165
26085,2012,2752,5287,52.05220351806318
26085,2016,1939,5328,36.39264264264264
26085,2020,2288,6323,36.18535505298118
26085,2024,2298,6915,33.232104121475054
26087,2000,15749,37234,42.29736262555729
26087,2004,18086,44147,40.96767617278637
26087,2008,21457,45362,47.30170627397381
26087,2012,18796,43115,43.5950365302099
26087,2016,12734,45183,28.183166235088418
26087,2020,16367,52650,31.08641975308642
26087,2024,16338,55439,29.47022853947582
26089,2000,4635,12009,38.59605296027979
26089,2004,6048,13917,43.45764173313214
26089,2008,7355,14464,50.850387168141594
26089,2012,6576,14176,46.3882618510158
26089,2016,6774,14757,45.9036389510063
26089,2020,8795,16900,52.0414201183432
26089,2024,9406,17685,53.18631608707945
26091,2000,18365,40093,45.806001047564415
26091,2004,20787,47012,44.216370288437
26091,2008,24640,47734,51.619390790631414
26091,2012,21776,44724,48.6897415258027
26091,2016,16750,45939,36.46139445786804
26091,2020,20918,53375,39.19063231850117
26091,2024,20787,55016,37.7835538752363
26093,2000,28780,75475,38.13183173236171
26093,2004,33991,93742,36.260160867060655
26093,2008,42349,99638,42.50286035448323
26093,2012,37216,98337,37.84536847778558
26093,2016,34384,105866,32.47879394706516
26093,2020,48220,127197,37.90969912812409
26093,2024,49503,132448,37.37542280744141
26095,2000,956,2536,37.69716088328076
26095,2004,1045,2829,36.93884764934606
26095,2008,1191,2740,43.46715328467153
26095,2012,991,2596,38.17411402157165
26095,2016,681,2579,26.40558355951919
26095,2020,842,3001,28.057314228590467
26095,2024,769,2985,25.76214405360134
26097,2000,2533,5970,42.428810720268004
26097,2004,2819,6599,42.71859372632217
26097,2008,3027,6396,47.32645403377111
26097,2012,2652,6099,43.482538121003444
26097,2016,2085,6097,34.19714613744465
26097,2020,2632,7015,37.519600855310046
26097,2024,2675,7238,36.95772312793589
26099,2000,172625,345559,49.95528983473155
26099,2004,196160,402410,48.74630352128426
26099,2008,223784,419216,53.381550322506776
26099,2012,208016,404086,51.478150690694555
26099,2016,176317,419312,42.04911855611096
26099,2020,223952,494256,45.31093198666278
26099,2024,214977,509152,42.222558293004845
26101,2000,5639,11428,49.34371718585929
26101,2004,6272,12740,49.23076923076923
26101,2008,7235,13009,55.6153432239219
26101,2012,6473,12402,52.193194646024835
26101,2016,4979,12599,39.519009445194065
26101,2020,6107,14655,41.67178437393381
26101,2024,6309,15297,41.24338105510885
26103,2000,15503,29179,53.13067617121903
26103,2004,17412,32488,53.59517360256094
26103,2008,19635,33185,59.16829893023957
26103,2012,18115,32194,56.26824874200162
26103,2016,16042,32976,48.647501213003395
26103,2020,20465,37462,54.62869040627836
26103,2024,20866,39009,53.49022020559359
26105,2000,5579,13016,42.862630608481865
26105,2004,6333,14611,43.34405584833345
26105,2008,7817,15223,51.34993102542206
26105,2012,6856,14604,46.946042180224595
26105,2016,5281,14685,35.961865849506296
26105,2020,6802,17254,39.42274255245161
26105,2024,6973,18064,38.601638618246234
26107,2000,6300,14754,42.70028466856446
26107,2004,7730,17581,43.96791991354303
26107,2008,9101,18664,48.762323189027
26107,2012,7515,16913,44.43327617808786
26107,2016,5827,17168,33.9410531220876
26107,2020,7375,21049,35.03729393320348
26107,2024,7688,22489,34.18560184979324
26109,2000,4597,10434,44.057887674908955
26109,2004,5326,11419,46.641562308433315
26109,2008,5981,11072,54.01914739884393
26109,2012,5242,10923,47.990478806188776
26109,2016,3539,10768,32.86589895988113
26109,2020,4316,12607,34.23494883794717
26109,2024,4256,13060,32.588055130168456
26111,2000,15959,38888,41.03836659123637
26111,2004,18355,43275,42.41478913922588
26111,2008,20701,43707,47.36312261193859
26111,2012,17450,41754,41.79240312305408
26111,2016,15635,42506,36.78304239401496
26111,2020,20493,49088,41.7474739243807
26111,2024,20926,50301,41.60155861712491
26113,2000,2062,6496,31.742610837438423
26113,2004,2319,7421,31.24915779544536
26113,2008,2898,7492,38.68126001067806
26113,2012,2274,7027,32.360893695744984
26113,2016,1565,7317,21.38854721880552
26113,2020,1967,8755,22.467161621930327
26113,2024,1945,9152,21.252185314685317
26115,2000,31555,61795,51.06400194190468
26115,2004,36089,74132,48.68208061296067
26115,2008,39180,76422,51.26795948810552
26115,2012,36310,72853,49.8400889462342
26115,2016,26863,74218,36.19472365194427
26115,2020,32975,87148,37.837930876210585
26115,2024,32622,91356,35.708656245895185
26117,2000,9627,22904,42.03195948305973
26117,2004,11471,26734,42.90790753347797
26117,2008,13208,27051,48.82629107981221
26117,2012,11430,25431,44.945145688333135
26117,2016,7874,26609,29.591491600586266
26117,2020,9703,32100,30.227414330218068
26117,2024,10368,34845,29.754627636676712
26119,2000,2139,5009,42.70313435815532
26119,2004,2196,5563,39.47510336149559
26119,2008,2403,5360,44.832089552238806
26119,2012,2049,5051,40.56622450999802
26119,2016,1287,5009,25.693751247754044
26119,2020,1628,5859,27.7863116572794
26119,2024,1702,6391,26.63120012517603
26121,2000,37865,69270,54.66291323805399
26121,2004,44282,80313,55.136777358584546
26121,2008,53821,84271,63.8665733170367
26121,2012,44436,76163,58.343290048973905
26121,2016,37304,78088,47.77174469828911
26121,2020,45643,92444,49.37367487343689
26121,2024,46028,95181,48.358390855317765
26123,2000,7677,19557,39.254486884491484
26123,2004,9057,22873,39.59690464740086
26123,2008,10790,23105,46.69984851763688
26123,2012,8728,21478,40.63693081292485
26123,2016,6212,22640,27.438162544169607
26123,2020,7873,27161,28.986414344096318
26123,2024,8131,29201,27.844936817232284
26125,2000,281201,570265,49.310583676010275
26125,2004,319387,641977,49.75053623416415
26125,2008,372566,659068,56.5292200501314
26125,2012,349002,651607,53.56019809486393
26125,2016,343070,664614,51.61943624419588
26125,2020,434148,770351,56.357167057614
26125,2024,419519,772145,54.33163460230915
26127,2000,4597,10772,42.67545488303008
26127,2004,5441,12297,44.24656420265105
26127,2008,6405,12509,51.203133743704534
26127,2012,5063,11450,44.21834061135371
26127,2016,3973,11930,33.30259849119866
26127,2020,4944,14062,35.158583416299244
26127,2024,5085,14870,34.19636852723605
26129,2000,4896,9855,49.68036529680365
26129,2004,5215,10796,48.304927751018894
26129,2008,5391,10768,50.065007429420504
26129,2012,4791,10361,46.240710356143225
26129,2016,3030,10387,29.171079233657455
26129,2020,3475,11907,29.18451331149744
26129,2024,3578,12622,28.347330058627797
26131,2000,1514,4151,36.473139002649965
26131,2004,1863,4192,44.44179389312977
26131,2008,1966,3885,50.604890604890606
26131,2012,1586,3539,44.814919468776495
26131,2016,1176,3426,34.32574430823117
26131,2020,1391,3804,36.56677181913775
26131,2024,1313,3841,34.18380630044259
26133,2000,4006,9930,40.3423967774421
26133,2004,4467,11188,39.926707186271
26133,2008,4855,11026,44.03228732087793
26133,2012,3981,10278,38.73321657910099
26133,2016,2705,10609,25.497219342068057
26133,2020,3214,12329,26.06861870386893
26133,2024,3326,13184,25.22754854368932
26135,2000,1677,3992,42.00901803607214
26135,2004,1792,4409,40.644136992515314
26135,2008,1887,4328,43.59981515711645
26135,2012,1657,4042,40.99455714992578
26135,2016,1044,4073,25.6322121286521
26135,2020,1342,4874,27.533853098071397
26135,2024,1414,5192,27.23420647149461
26137,2000,4034,10505,38.400761542122794
26137,2004,4674,12307,37.978386284228485
26137,2008,5634,12616,44.6575776791376
26137,2012,4681,11832,39.56220419202164
26137,2016,3556,12538,28.361780188227787
26137,2020,4743,14757,32.140678999796705
26137,2024,5052,15971,31.63233360465844
26139,2000,29600,110599,26.76335229070787
26139,2004,35552,128643,27.63617142013168
26139,2008,50828,136268,37.30002641852819
26139,2012,42737,132312,32.30016929681359
26139,2016,44973,142734,31.508260120223632
26139,2020,64705,168713,38.352112759538386
26139,2024,69653,178507,39.01975832880503
26141,2000,3242,7080,45.790960451977405
26141,2004,3432,7516,45.66258648217137
26141,2008,3722,7505,49.59360426382411
26141,2012,3192,7080,45.08474576271186
26141,2016,2400,7218,33.25020781379884
26141,2020,2911,8344,34.88734419942474
26141,2024,3036,8742,34.72889498970487
26143,2000,6433,12928,49.760210396039604
26143,2004,6810,14359,47.42670102374817
26143,2008,7082,14051,50.40210661162906
26143,2012,6198,13032,47.559852670349905
26143,2016,4287,13041,32.87324591672417
26143,2020,5166,15018,34.39872153415901
26143,2024,5290,16068,32.92257903908389
26145,2000,50825,93756,54.2098639020436
26145,2004,54887,102852,53.36502936257924
26145,2008,60276,104090,57.90757997886444
26145,2012,54381,98062,55.455732087862785
26145,2016,44396,94320,47.06955046649703
26145,2020,51088,103349,49.43250539434344
26145,2024,49515,103846,47.68118174989889
26147,2000,33002,68516,48.16685153832682
26147,2004,36174,79743,45.36322937436515
26147,2008,40677,80900,50.2805933250927
26147,2012,33983,74181,45.810921934187995
26147,2016,24553,78003,31.47699447457149
26147,2020,31363,92064,34.06651894334376
26147,2024,30844,96524,31.954747005925988
26149,2000,8574,22024,38.93025790047221
26149,2004,9648,25239,38.22655414239867
26149,2008,12322,25702,47.94179441288616
26149,2012,10112,23341,43.322908187309885
26149,2016,7526,23757,31.679084059435112
26149,2020,9262,27936,33.154352806414664
26149,2024,9452,29307,32.251680485890745
26151,2000,7153,18566,38.52741570612949
26151,2004,7883,20763,37.96657515773251
26151,2008,9047,20169,44.8559670781893
26151,2012,7212,18369,39.261799771353914
26151,2016,4873,19249,25.31560081043171
26151,2020,5966,22446,26.579345985921766
26151,2024,5957,23339,25.523801362526243
26153,2000,2036,4198,48.49928537398761
26153,2004,2137,4441,48.119792839450575
26153,2008,2184,4326,50.48543689320388
26153,2012,1865,4048,46.072134387351774
26153,2016,1369,4154,32.956186807896
26153,2020,1589,4745,33.487881981032665
26153,2024,1631,4898,33.29930583911801
26155,2000,15520,32218,48.17182941212986
26155,2004,16881,36651,46.05877056560531
26155,2008,19397,36415,53.26651105313744
26155,2012,17197,33679,51.06149232459396
26155,2016,12546,34111,36.77992436457448
26155,2020,15347,39224,39.126555170303895
26155,2024,15335,40685,37.69202408750154
26157,2000,10845,24652,43.99237384390719
26157,2004,12631,28338,44.572658620933026
26157,2008,13503,27798,48.575437081804445
26157,2012,11425,26003,43.93723801099873
26157,2016,7429,25796,28.799038610637307
26157,2020,8712,29445,29.587366276107996
26157,2024,8562,30717,27.873815802324447
26159,2000,13796,29482,46.79465436537548
26159,2004,16151,34174,47.26107567156318
26159,2008,18588,34766,53.46603002933901
26159,2012,16290,32837,49.608673143100766
26159,2016,13258,33274,39.84492396465709
26159,2020,16803,39066,43.01182614037782
26159,2024,17175,41169,41.718283174233036
26161,2000,86647,144940,59.78128880916241
26161,2004,109953,173264,63.459806999722964
26161,2008,130578,187115,69.78489164417604
26161,2012,120890,179592,67.31368880573744
26161,2016,128483,188578,68.13254992629044
26161,2020,157136,216418,72.607638920977
26161,2024,157152,221542,70.93553366855946
26163,2000,530414,768627,69.00798436692959
26163,2004,600047,864728,69.3914155665134
26163,2008,660085,890326,74.1396971446414
26163,2012,595846,815825,73.03600649649128
26163,2016,519444,777838,66.78048642519393
26163,2020,597170,872469,68.44598490032311
26163,2024,537032,856690,62.68685288727545
26165,2000,5326,12982,41.02603604991526
26165,2004,6034,15160,39.80211081794195
26165,2008,7379,15704,46.988028527763625
26165,2012,6184,14853,41.634686595300614
26165,2016,4436,15298,28.997254543077528
26165,2020,5838,18265,31.96277032575965
26165,2024,6224,19476,31.957280755802014
27001,2000,3830,8260,46.3680387409201
27001,2004,4539,9452,48.02158273381295
27001,2008,4595,9410,48.83103081827843
27001,2012,4412,9142,48.26077444760447
27001,2016,3134,9231,33.95081789621926
27001,2020,3607,10025,35.98004987531172
27001,2024,3524,10446,33.73540111047291
27003,2000,68008,145619,46.7026967634718
27003,2004,80226,174066,46.08941436007032
27003,2008,86976,182224,47.730266046184916
27003,2012,88614,186465,47.5231276647092
27003,2016,75500,185758,40.64427911583889
27003,2020,100893,211132,47.786692685144835
27003,2024,97667,210481,46.40181299024615
27005,2000,5253,14333,36.64968952766343
27005,2004,6756,16801,40.21189214927683
27005,2008,7687,16965,45.31093427645152
27005,2012,6829,16382,41.6859968257844
27005,2016,5208,17222,30.240390198583206
27005,2020,6589,19401,33.962166898613475
27005,2024,6435,19739,32.600435685698365
27007,2000,7301,17217,42.40576174711042
27007,2004,10592,21131,50.12540816809427
27007,2008,12019,22236,54.051987767584095
27007,2012,11818,22051,53.59394131785407
27007,2016,8688,21564,40.28937117417919
27007,2020,11426,24189,47.23634709992145
27007,2024,11493,24874,46.20487255769076
27009,2000,6009,14908,40.307217601287896
27009,2004,8059,18384,43.83703220191471
27009,2008,8454,19339,43.71477325611458
27009,2012,8173,19619,41.65859625872878
27009,2016,5640,20058,28.118456476218967
27009,2020,7280,22260,32.70440251572327
27009,2024,7084,22824,31.03750438135296
27011,2000,1430,2980,47.98657718120805
27011,2004,1536,3067,50.08151287903488
27011,2008,1552,2990,51.90635451505017
27011,2012,1345,2789,48.22517031193976
27011,2016,921,2755,33.43012704174229
27011,2020,1053,2974,35.40685944855414
27011,2024,964,2824,34.13597733711048
27013,2000,12329,27402,44.99306619954748
27013,2004,16865,33119,50.92243123282708
27013,2008,19325,35070,55.10407755916737
27013,2012,18164,34274,52.99644045048725
27013,2016,14428,33593,42.94942398714018
27013,2020,18330,36051,50.844636764583505
27013,2024,17558,36442,48.18067065473904
27015,2000,4650,12834,36.231884057971016
27015,2004,5158,13778,37.436492959790975
27015,2008,5809,13620,42.65051395007342
27015,2012,5630,13929,40.4192691506928
27015,2016,3763,13779,27.309674141810003
27015,2020,4753,14635,32.476938845234024
27015,2024,4576,14598,31.34675983011371
27017,2000,8620,15081,57.158013394337246
27017,2004,11462,18334,62.51772662812262
27017,2008,11501,18449,62.339422190904656
27017,2012,11389,18436,61.77587329138642
27017,2016,8460,18211,46.4554390203723
27017,2020,10098,20369,49.57533506799548
27017,2024,9905,20815,47.58587557050204
27019,2000,12462,35021,35.58436366751378
27019,2004,16456,45411,36.23791592345467
27019,2008,20654,49683,41.57156371394642
27019,2012,20745,52899,39.216242273010835
27019,2016,21508,55696,38.616776788279225
27019,2020,30774,66361,46.373623061738066
27019,2024,31869,69160,46.080104106419896
27021,2000,5534,13593,40.71213124402266
27021,2004,6835,15910,42.96040226272784
27021,2008,7276,16307,44.61887532961305
27021,2012,6858,16141,42.488073849203886
27021,2016,4949,15999,30.933183323957746
27021,2020,6342,18289,34.67658155175242
27021,2024,6300,19363,32.53628053504106
27023,2000,2952,6352,46.4735516372796
27023,2004,3424,6606,51.83166818044202
27023,2008,3280,6356,51.604782882315924
27023,2012,3083,6201,49.71778745363651
27023,2016,1978,6222,31.790421086467376
27023,2020,2226,6611,33.67115413704432
27023,2024,2026,6318,32.06710984488762
27025,2000,9593,21987,43.63032701141584
27025,2004,12219,28260,43.23779193205945
27025,2008,12783,29305,43.62054256952738
27025,2012,12524,29441,42.53931591997554
27025,2016,9278,30228,30.693396850602088
27025,2020,11806,34570,34.15099797512294
27025,2024,11894,35601,33.40917389960956
27027,2000,10128,23358,43.35987670177241
27027,2004,12989,27737,46.82914518513177
27027,2008,16666,29259,56.96025154653269
27027,2012,15208,28886,52.648341757252645
27027,2016,12971,29398,44.12204911898769
27027,2020,16357,32239,50.73668538106021
27027,2024,16121,32874,49.03875403054086
27029,2000,1466,3824,38.336820083682014
27029,2004,1871,4361,42.903003898188494
27029,2008,1877,4261,44.050692325745125
27029,2012,1753,4197,41.767929473433405
27029,2016,1100,4245,25.91283863368669
27029,2020,1260,4708,26.762956669498728
27029,2024,1169,4814,24.283340257582054
27031,2000,1171,2820,41.52482269503546
27031,2004,1733,3303,52.46745382985165
27031,2008,2019,3348,60.30465949820788
27031,2012,1993,3322,59.99397953040337
27031,2016,1912,3395,56.318114874815905
27031,2020,2496,3806,65.58066211245402
27031,2024,2416,3660,66.01092896174863
27033,2000,2503,6181,40.495065523378095
27033,2004,2726,6369,42.80106767153399
27033,2008,2759,6036,45.7090788601723
27033,2012,2433,5862,41.50460593654043
27033,2016,1678,5721,29.33053661947212
27033,2020,1834,6107,30.031111838873425
27033,2024,1705,5988,28.47361389445558
27035,2000,11255,28128,40.013509670079635
27035,2004,14005,33545,41.74988820986734
27035,2008,15859,35165,45.09881984928196
27035,2012,14760,34920,42.2680412371134
27035,2016,10982,35842,30.640031248256232
27035,2020,13726,40173,34.16722674433077
27035,2024,14173,42366,33.45371288297219
27037,2000,85446,182249,46.884207869453334
27037,2004,104635,215846,48.47669171538968
27037,2008,116778,225472,51.79268379222254
27037,2012,116255,230821,50.36586792362914
27037,2016,110483,231440,47.737210508123056
27037,2020,146155,262259,55.72926000632962
27037,2024,143267,259805,55.144050345451404
27039,2000,3370,8050,41.86335403726708
27039,2004,4117,9868,41.7207134171058
27039,2008,4463,10213,43.699206893175365
27039,2012,4487,10327,43.44921080662341
27039,2016,3102,10654,29.11582504223766
27039,2020,4079,12187,33.47009108065972
27039,2024,4108,12484,32.90611983338674
27041,2000,6352,17205,36.9195001453066
27041,2004,8219,20309,40.46974247870402
27041,2008,9256,20918,44.248972177072375
27041,2012,8653,20953,41.29718894669021
27041,2016,6227,21785,28.58388799632775
27041,2020,7868,24165,32.55948686116284
27041,2024,7938,25106,31.61793993467697
27043,2000,3624,8424,43.01994301994302
27043,2004,3767,8681,43.39361824674577
27043,2008,3736,8152,45.82924435721296
27043,2012,3407,7713,44.17217684428886
27043,2016,2153,7412,29.047490555855372
27043,2020,2531,7914,31.98129896386151
27043,2024,2352,7761,30.305373018940855
27045,2000,5020,10223,49.10495940526264
27045,2004,5825,11698,49.794836724226364
27045,2008,5921,11234,52.706070856329
27045,2012,5713,10892,52.45134043334557
27045,2016,3872,11055,35.02487562189055
27045,2020,4551,12141,37.484556461576474
27045,2024,4491,12385,36.26160678239806
27047,2000,8514,16139,52.75419790569428
27047,2004,9733,17666,55.09453186912714
27047,2008,9915,17280,57.37847222222222
27047,2012,9326,16706,55.82425475876931
27047,2016,6041,16051,37.6362843436546
27047,2020,6889,16818,40.962064454750866
27047,2024,6448,16704,38.60153256704981
27049,2000,9981,22257,44.844318641326325
27049,2004,12103,25608,47.262574195563886
27049,2008,12420,25795,48.148866059313825
27049,2012,12212,25801,47.331498779117084
27049,2016,9446,25717,36.73056732900416
27049,2020,11806,28636,41.22782511523956
27049,2024,11731,28817,40.70860950133602
27051,2000,1507,3624,41.583885209713024
27051,2004,1856,3819,48.59910971458497
27051,2008,1850,3605,51.31761442441054
27051,2012,1647,3487,47.232578147404645
27051,2016,1105,3473,31.81687302044342
27051,2020,1300,3654,35.57744937055281
27051,2024,1187,3543,33.50268134349421
27053,2000,307599,573846,53.60305726623519
27053,2004,383842,646984,59.32789682588751
27053,2008,420958,663780,63.418301244388196
27053,2012,423982,680065,62.34433473270937
27053,2016,429288,679977,63.13272360682788
27053,2020,532623,755969,70.45566683289923
27053,2024,502710,720173,69.80406096868391
27055,2000,4502,10167,44.280515392937936
27055,2004,5276,11082,47.60873488539975
27055,2008,5906,10883,54.26812459799688
27055,2012,5281,10446,50.555236454145124
27055,2016,4145,10604,39.08902301018484
27055,2020,4853,11440,42.42132867132867
27055,2024,4667,11428,40.83829191459573
27057,2000,3632,9613,37.782169978154585
27057,2004,4741,11340,41.807760141093475
27057,2008,4872,11638,41.86286303488572
27057,2012,4676,11520,40.59027777777778
27057,2016,3423,11505,29.752281616688396
27057,2020,4462,12965,34.415734670266104
27057,2024,4536,13617,33.311302048909454
27059,2000,6247,14929,41.844731730189565
27059,2004,7883,19313,40.81706622482265
27059,2008,8248,20053,41.13100284246746
27059,2012,8024,20217,39.6893703318989
27059,2016,5657,21016,26.917586600685194
27059,2020,7138,24235,29.45327006395709
27059,2024,7384,25918,28.489852612084267
27061,2000,10583,21714,48.73814129133278
27061,2004,13290,24367,54.54097755160669
27061,2008,13460,24395,55.17524082803853
27061,2012,12852,23919,53.73134328358209
27061,2016,9015,23880,37.75125628140704
27061,2020,10786,26561,40.60841082790558
27061,2024,10467,26840,38.997764530551414
27063,2000,2364,5438,43.47186465612358
27063,2004,2652,5779,45.89029243813808
27063,2008,2618,5623,46.55877645385026
27063,2012,2268,5430,41.767955801104975
27063,2016,1492,5484,27.206418672501826
27063,2020,1745,5819,29.987970441656643
27063,2024,1581,5644,28.012048192771083
27065,2000,2831,6811,41.565115254734984
27065,2004,3592,8248,43.549951503394766
27065,2008,3743,8499,44.04047535004118
27065,2012,3593,8150,44.08588957055215
27065,2016,2327,8177,28.45786963434022
27065,2020,2774,9242,30.015148236312488
27065,2024,2718,9703,28.01195506544368
27067,2000,8220,19285,42.62380088151413
27067,2004,9337,21349,43.73506955829313
27067,2008,10125,21895,46.243434574103674
27067,2012,9805,21465,45.67901234567901
27067,2016,7266,21772,33.37313981260334
27067,2020,8440,23367,36.11931356186074
27067,2024,7814,23283,33.560967229308936
27069,2000,1107,2637,41.979522184300336
27069,2004,1333,2682,49.70171513795675
27069,2008,1492,2568,58.09968847352025
27069,2012,1241,2420,51.280991735537185
27069,2016,823,2385,34.50733752620545
27069,2020,1006,2639,38.12050018946571
27069,2024,911,2500,36.44
27071,2000,2903,6879,42.200901293792704
27071,2004,3662,7309,50.10261321658229
27071,2008,3649,6802,53.64598647456631
27071,2012,3451,6458,53.4375967791886
27071,2016,2306,6363,36.24076693383624
27071,2020,2659,6922,38.413753250505636
27071,2024,2465,6789,36.30873471792606
27073,2000,2244,4453,50.3929934875365
27073,2004,2390,4541,52.63157894736842
27073,2008,2160,4192,51.526717557251914
27073,2012,1974,3984,49.54819277108434
27073,2016,1305,3860,33.80829015544041
27073,2020,1446,4040,35.79207920792079
27073,2024,1314,3996,32.88288288288289
27075,2000,3579,6563,54.53298796282188
27075,2004,4212,7071,59.56724649978786
27075,2008,4174,6969,59.89381546850338
27075,2012,4043,6820,59.28152492668622
27075,2016,3077,6521,47.18601441496703
27075,2020,3647,7202,50.63871146903638
27075,2024,3534,6954,50.81967213114754
27077,2000,848,2187,38.77457704618198
27077,2004,921,2400,38.375
27077,2008,971,2313,41.98011240812797
27077,2012,859,2234,38.45120859444942
27077,2016,553,2242,24.665477252453165
27077,2020,671,2408,27.865448504983387
27077,2024,604,2347,25.734980826587133
27079,2000,5361,12331,43.475792717541154
27079,2004,6466,14424,44.82806433721575
27079,2008,6994,15009,46.598707442201345
27079,2012,6753,14795,45.643798580601555
27079,2016,4623,14971,30.879700754792598
27079,2020,5672,16818,33.72577000832441
27079,2024,5636,17469,32.26286564771881
27081,2000,1590,3284,48.416565164433614
27081,2004,1558,3342,46.618791143028126
27081,2008,1517,3126,48.528470889315415
27081,2012,1429,3120,45.80128205128205
27081,2016,860,3019,28.486253726399468
27081,2020,937,3115,30.080256821829852
27081,2024,972,3235,30.046367851622875
27083,2000,4737,11489,41.23074244929933
27083,2004,5292,12673,41.75806833425393
27083,2008,6110,12708,48.079949638023294
27083,2012,5465,12388,44.115272844688405
27083,2016,3825,12215,31.313958248055666
27083,2020,4634,12893,35.94198402233771
27083,2024,4284,12990,32.979214780600465
27085,2000,5609,15394,36.436273872937505
27085,2004,6712,18412,36.454486204649136
27085,2008,7505,19029,39.4398024068527
27085,2012,6968,18553,37.55726836630194
27085,2016,4978,18807,26.468867974690273
27085,2020,6413,20933,30.63583815028902
27085,2024,6374,21199,30.067456012076043
27087,2000,921,2224,41.41187050359712
27087,2004,1339,2508,53.389154704944175
27087,2008,1436,2343,61.28894579598805
27087,2012,1276,2182,58.47846012832264
27087,2016,930,2088,44.54022988505747
27087,2020,1112,2304,48.26388888888889
27087,2024,975,2183,44.66330737517178
27089,2000,1910,5199,36.7378341988844
27089,2004,2308,5562,41.49586479683567
27089,2008,2311,4739,48.7655623549272
27089,2012,1998,4698,42.5287356321839
27089,2016,1225,4817,25.430766036952463
27089,2020,1295,5113,25.327596323097985
27089,2024,1177,5031,23.394951301928046
27091,2000,4166,10371,40.16970398225822
27091,2004,4590,11047,41.54974201140581
27091,2008,4413,10754,41.03589362097824
27091,2012,4054,10968,36.96207148067104
27091,2016,2733,10531,25.951951381635176
27091,2020,3305,11009,30.020891997456626
27091,2024,3171,10796,29.371989625787332
27093,2000,4402,10672,41.24812593703148
27093,2004,5292,12334,42.90578887627696
27093,2008,5380,12545,42.885611797528895
27093,2012,4969,12214,40.682822990011466
27093,2016,3191,12282,25.98111056831135
27093,2020,3867,13529,28.583043831768794
27093,2024,3802,13694,27.763984226668615
27095,2000,4376,10253,42.68019116356189
27095,2004,5677,13065,43.45197091465749
27095,2008,6072,13544,44.83165977554637
27095,2012,5829,13091,44.52677411962417
27095,2016,3710,13017,28.501190750556965
27095,2020,4404,14689,29.981618898495473
27095,2024,4374,15190,28.79526003949967
27097,2000,5274,14677,35.93377393200245
27097,2004,6794,16758,40.54183076739468
27097,2008,6547,16743,39.1029086782536
27097,2012,6153,16714,36.813449802560726
27097,2016,3637,17614,20.64834790507551
27097,2020,4367,19558,22.32845894263217
27097,2024,4306,20313,21.198247427755625
27099,2000,10693,18480,57.86255411255411
27099,2004,12334,20222,60.99297794481258
27099,2008,11605,19187,60.48366081200813
27099,2012,11129,18539,60.030206591509796
27099,2016,7437,17715,41.98137171888231
27099,2020,8899,19345,46.001550788317395
27099,2024,8312,18969,43.81886235436765
27101,2000,2093,4753,44.03534609720177
27101,2004,2218,4998,44.37775110044018
27101,2008,2345,4813,48.72221067940993
27101,2012,2160,4767,45.311516677155446
27101,2016,1295,4668,27.742073693230505
27101,2020,1449,4896,29.59558823529412
27101,2024,1329,4769,27.867477458586702
27103,2000,7041,15327,45.9385398316696
27103,2004,8797,17741,49.58570542810439
27103,2008,9887,18245,54.190189092902166
27103,2012,9652,18357,52.57939750503895
27103,2016,7886,18097,43.576283361883185
27103,2020,9622,19125,50.3111111111111
27103,2024,9441,19417,48.62234124736056
27105,2000,3760,8872,42.38052299368801
27105,2004,3898,9204,42.35115167318557
27105,2008,4244,8813,48.15613298536253
27105,2012,3793,8520,44.518779342723
27105,2016,2733,8632,31.66126042632067
27105,2020,2933,8715,33.65461847389558
27105,2024,2599,8275,31.40785498489426
27107,2000,1575,3641,43.257346882724526
27107,2004,1954,3810,51.28608923884514
27107,2008,2129,3434,61.99767035527082
27107,2012,1730,3207,53.94449641409417
27107,2016,1264,3261,38.76111622201779
27107,2020,1404,3441,40.80209241499564
27107,2024,1233,3294,37.43169398907104
27109,2000,25822,59392,43.47723599137931
27109,2004,33285,71576,46.503017771319996
27109,2008,38711,76470,50.62246632666405
27109,2012,39338,78316,50.22983809183309
27109,2016,36268,80129,45.26201500081119
27109,2020,49491,91385,54.156590250041035
27109,2024,49121,90924,54.02424002463596
27111,2000,9844,28511,34.52702465714987
27111,2004,12038,32178,37.410653241345024
27111,2008,13856,32687,42.38994095511977
27111,2012,12165,31670,38.411746131986106
27111,2016,9340,32500,28.73846153846154
27111,2020,11958,36399,32.85255089425534
27111,2024,11752,36736,31.990418118466902
27113,2000,2458,6320,38.89240506329114
27113,2004,3117,7017,44.420692603676784
27113,2008,3394,6822,49.75080621518616
27113,2012,3024,6517,46.40171858216971
27113,2016,2147,6715,31.97319434102755
27113,2020,2568,7277,35.289267555311255
27113,2024,2439,7381,33.04430293998104
27115,2000,6148,13068,47.046219773492496
27115,2004,7228,14518,49.78647196583552
27115,2008,7084,14383,49.252589863032746
27115,2012,6750,13965,48.33512352309345
27115,2016,4580,13811,33.161972340887694
27115,2020,5419,16001,33.86663333541654
27115,2024,5339,16911,31.57116669623322
27117,2000,1970,4894,40.25337147527585
27117,2004,1900,5032,37.758346581876
27117,2008,2023,4801,42.13705478025411
27117,2012,1725,4646,37.12871287128713
27117,2016,1127,4808,23.44009983361065
27117,2020,1306,4940,26.437246963562757
27117,2024,1215,4837,25.118875335952033
27119,2000,5764,14140,40.763790664780764
27119,2004,6729,15668,42.94740873117181
27119,2008,7850,15334,51.1934263727664
27119,2012,6773,14693,46.09678077996325
27119,2016,4712,14796,31.846444985131118
27119,2020,5439,15594,34.87879953828396
27119,2024,4967,15419,32.21350282119463
27121,2000,2771,5987,46.283614498079174
27121,2004,3301,6700,49.26865671641791
27121,2008,3317,6536,50.749694002447974
27121,2012,2981,6246,47.72654498879283
27121,2016,2106,6319,33.32805823706283
27121,2020,2477,7022,35.27485046995158
27121,2024,2398,7218,33.22249930728734
27123,2000,138470,244278,56.68541579675615
27123,2004,171846,272577,63.044937760706155
27123,2008,182974,277386,65.96367516745619
27123,2012,184938,278822,66.32833850987369
27123,2016,177738,273143,65.07140948148039
27123,2020,211620,295977,71.49879889315723
27123,2024,195168,278025,70.1980037766388
27125,2000,830,2090,39.71291866028708
27125,2004,963,2176,44.255514705882355
27125,2008,1120,2191,51.118210862619804
27125,2012,928,1975,46.9873417721519
27125,2016,540,1881,28.708133971291865
27125,2020,691,2196,31.46630236794171
27125,2024,642,2116,30.340264650283554
27127,2000,2681,7748,34.6024780588539
27127,2004,3104,8139,38.13736331244625
27127,2008,3250,7806,41.63464002049705
27127,2012,3008,7790,38.61360718870346
27127,2016,1887,7611,24.793062672447775
27127,2020,2355,8284,28.42829550941574
27127,2024,2300,8326,27.624309392265197
27129,2000,3533,8122,43.499138143314454
27129,2004,3787,8349,45.35872559587975
27129,2008,3904,8135,47.990165949600495
27129,2012,3394,7710,44.02075226977951
27129,2016,2117,7606,27.83328950828293
27129,2020,2496,8128,30.708661417322837
27129,2024,2280,8058,28.294862248696944
27131,2000,13140,26021,50.497674954844165
27131,2004,16425,30745,53.42332086518133
27131,2008,17381,31799,54.65895153935658
27131,2012,17054,32267,52.852759785539405
27131,2016,14437,32443,44.499583885583945
27131,2020,17402,35686,48.764221263240486
27131,2024,17353,36412,47.65736570361419
27133,2000,2081,5010,41.53692614770459
27133,2004,2000,5191,38.528221922558274
27133,2008,2079,4975,41.78894472361809
27133,2012,1946,4846,40.15683037556747
27133,2016,1373,4839,28.373630915478405
27133,2020,1556,5240,29.69465648854962
27133,2024,1585,5373,29.49934859482598
27135,2000,2128,7166,29.695785654479483
27135,2004,2442,7911,30.86841107318923
27135,2008,3097,7700,40.22077922077922
27135,2012,2772,7352,37.704026115342764
27135,2016,1856,7804,23.78267555099949
27135,2020,2188,8421,25.98266239163995
27135,2024,2093,8499,24.62642663842805
27137,2000,64237,107464,59.7753666344078
27137,2004,77694,119041,65.26658882233852
27137,2008,77351,118814,65.10259733701416
27137,2012,73378,115594,63.4790733083032
27137,2016,57771,112422,51.387628755937456
27137,2020,67704,119531,56.64137336757828
27137,2024,66335,119009,55.73948188792445
27139,2000,17503,43793,39.967574726554474
27139,2004,23958,60639,39.50922673526938
27139,2008,29208,67132,43.508311982363104
27139,2012,29712,71647,41.469984786522815
27139,2016,28502,75029,37.987977981847024
27139,2020,40040,87965,45.51810379128062
27139,2024,40214,90141,44.612329572558544
27141,2000,12109,30835,39.270309712988485
27141,2004,15816,41454,38.153133593863075
27141,2008,17957,44990,39.91331406979329
27141,2012,17597,46509,37.83568771635598
27141,2016,13293,48283,27.531429281527657
27141,2020,18065,55612,32.483996259800044
27141,2024,18329,57960,31.62353347135956
27143,2000,2687,7335,36.63258350374915
27143,2004,3109,7949,39.11183796703988
27143,2008,2998,7729,38.78897658170526
27143,2012,2916,7815,37.312859884836854
27143,2016,1954,7774,25.13506560329303
27143,2020,2417,8452,28.59678182678656
27143,2024,2351,8537,27.538948108234745
27145,2000,24800,62476,39.695242973301745
27145,2004,32659,75577,43.212882226074065
27145,2008,35690,78756,45.31718218294479
27145,2012,33551,78477,42.752653643742754
27145,2016,25576,79592,32.13388280229169
27145,2020,31879,84835,37.57765073377733
27145,2024,30829,86632,35.58615753993905
27147,2000,6900,16066,42.94784015934271
27147,2004,7994,18695,42.76009628242846
27147,2008,9016,19656,45.86894586894587
27147,2012,8706,19124,45.523948964651744
27147,2016,6241,19179,32.54079983315084
27147,2020,7917,21128,37.47160166603559
27147,2024,7650,20872,36.65197393637409
27149,2000,2434,5752,42.31571627260083
27149,2004,2821,5949,47.41973440914439
27149,2008,2781,5634,49.36102236421725
27149,2012,2742,5652,48.51380042462845
27149,2016,2116,5398,39.19970359392367
27149,2020,1922,5085,37.79744346116027
27149,2024,1827,5139,35.551663747810856
27151,2000,2698,5437,49.622953834835386
27151,2004,3165,5735,55.18744551002616
27151,2008,2907,5244,55.434782608695656
27151,2012,2751,5119,53.74096503223286
27151,2016,1686,4994,33.76051261513817
27151,2020,1784,5193,34.353937993452725
27151,2024,1618,5054,32.014246141669965
27153,2000,4132,11092,37.252073566534435
27153,2004,5034,12214,41.214999181267395
27153,2008,5277,12257,43.05294933507383
27153,2012,4819,11803,40.828602897568416
27153,2016,2783,11993,23.20520303510381
27153,2020,3286,13257,24.786905031304215
27153,2024,3072,13718,22.393934975944017
27155,2000,884,2106,41.9753086419753
27155,2004,1026,2141,47.921531994395146
27155,2008,1043,2035,51.253071253071255
27155,2012,943,1847,51.05576610720086
27155,2016,630,1798,35.03893214682981
27155,2020,661,1864,35.46137339055794
27155,2024,597,1802,33.12985571587125
27157,2000,4522,10531,42.939891748172066
27157,2004,5548,11835,46.87790452049007
27157,2008,5646,11893,47.47330362398049
27157,2012,5415,11763,46.03417495536853
27157,2016,3866,11832,32.67410412440838
27157,2020,4696,13123,35.78450049531357
27157,2024,4721,13509,34.9470723221556
27159,2000,2251,6382,35.27107489815105
27159,2004,2791,7093,39.34865360214296
27159,2008,2882,7169,40.20086483470498
27159,2012,2492,6791,36.69562656457075
27159,2016,1684,6934,24.286126334006344
27159,2020,2023,7677,26.35143936433503
27159,2024,1898,8047,23.586429725363487
27161,2000,3694,8864,41.67418772563177
27161,2004,4179,9800,42.642857142857146
27161,2008,4401,9888,44.508495145631066
27161,2012,4370,9747,44.834307992202724
27161,2016,2838,9653,29.400186470527295
27161,2020,3496,10389,33.65097699489845
27161,2024,3402,10387,32.75247906036392
27163,2000,49637,107009,46.38581801530712
27163,2004,61395,128449,47.7971802038163
27163,2008,70277,137059,51.274998358371214
27163,2012,70203,142133,49.392470432622964
27163,2016,67086,144235,46.511595659860646
27163,2020,89165,166786,53.46072212295996
27163,2024,90324,169536,53.27718006795017
27165,2000,2258,5134,43.98130112972341
27165,2004,2514,5583,45.02955400322407
27165,2008,2562,5258,48.72575123621149
27165,2012,2494,5144,48.48367029548989
27165,2016,1814,4998,36.29451780712285
27165,2020,1987,5201,38.2041915016343
27165,2024,1723,4933,34.92803567808635
27167,2000,1046,3305,31.64901664145234
27167,2004,1169,3527,33.144315282109446
27167,2008,1550,3414,45.40128881077914
27167,2012,1258,3222,39.044072004965855
27167,2016,893,3302,27.044215626892793
27167,2020,1026,3430,29.912536443148692
27167,2024,986,3353,29.406501640322098
27169,2000,11069,23918,46.278953089723224
27169,2004,14231,27406,51.92658541925126
27169,2008,16308,27935,58.37837837837838
27169,2012,14980,27232,55.00881316098707
27169,2016,11366,26074,43.59131702078699
27169,2020,13333,27173,49.06708865417878
27169,2024,12929,27797,46.51221354822463
27171,2000,16762,43366,38.65240049808606
27171,2004,22618,59534,37.9917358148285
27171,2008,26343,65578,40.17048400378175
27171,2012,25741,67816,37.957119263890526
27171,2016,20334,69618,29.20796345772645
27171,2020,28430,82426,34.49154393031325
27171,2024,30883,90041,34.29881942670561
27173,2000,2528,5515,45.83862194016319
27173,2004,2799,5758,48.610628690517544
27173,2008,2816,5569,50.5656311725624
27173,2012,2465,5414,45.53010712966383
27173,2016,1524,5276,28.885519332827904
27173,2020,1688,5528,30.535455861070908
27173,2024,1548,5410,28.613678373382623
28001,2000,8065,14879,54.20391155319578
28001,2004,7844,14376,54.56316082359488
28001,2008,9021,15696,57.473241590214066
28001,2012,9061,15447,58.65863921797113
28001,2016,7757,13836,56.06389129806303
28001,2020,7917,13759,57.54051893306199
28001,2024,6743,11928,56.530851777330646
28003,2000,5059,12638,40.03006804874189
28003,2004,5425,14181,38.255412171215006
28003,2008,4130,15019,27.498501897596377
28003,2012,3511,14830,23.674983142279164
28003,2016,2684,14783,18.155989988500306
28003,2020,2782,15793,17.615399227505858
28003,2024,2328,15112,15.404976177871891
28005,2000,2673,6408,41.71348314606742
28005,2004,2973,7117,41.773219052971754
28005,2008,3348,7626,43.90243902439025
28005,2012,3242,7706,42.07111341811575
28005,2016,2697,7050,38.25531914893617
28005,2020,2620,7196,36.40911617565314
28005,2024,2246,6815,32.95671313279531
28007,2000,2922,7173,40.736093684650776
28007,2004,3014,7945,37.93580868470736
28007,2008,3849,9162,42.01047806155861
28007,2012,3927,9092,43.19181698196217
28007,2016,3242,8256,39.268410852713174
28007,2020,3542,8823,40.14507537118894
28007,2024,2930,7703,38.03712839153576
28009,2000,1886,3481,54.1798333812123
28009,2004,2234,4229,52.825727122251124
28009,2008,2227,4606,48.349978289188016
28009,2012,2051,4116,49.82993197278912
28009,2016,1719,4013,42.835783702965365
28009,2020,1679,4289,39.146654231755655
28009,2024,1318,3880,33.96907216494846
28011,2000,8436,13538,62.31348795981682
28011,2004,8560,13427,63.752141208013704
28011,2008,10334,15332,67.4015131750587
28011,2012,10582,15428,68.58957739175526
28011,2016,9046,13824,65.43692129629629
28011,2020,8904,13744,64.78463329452853
28011,2024,6419,10435,61.51413512218495
28013,2000,2251,5758,39.0934352205627
28013,2004,2211,6331,34.923392828936976
28013,2008,2522,7011,35.972043930965626
28013,2012,2586,7068,36.5874363327674
28013,2016,1910,6396,29.862414008755472
28013,2020,1902,6590,28.861911987860395
28013,2024,1547,6034,25.638051044083525
28015,2000,1726,4924,35.05280259951259
28015,2004,1897,5577,34.014703245472475
28015,2008,2037,5955,34.206549118387905
28015,2012,2007,5992,33.49465954606142
28015,2016,1680,5528,30.390738060781473
28015,2020,1729,5701,30.328012629363272
28015,2024,1431,5194,27.55102040816326
28017,2000,3519,7175,49.045296167247386
28017,2004,4078,8343,48.879300011986096
28017,2008,4588,9020,50.86474501108648
28017,2012,4378,8503,51.48771021992238
28017,2016,3649,7890,46.248415716096325
28017,2020,3810,8141,46.80014740203906
28017,2024,3090,7234,42.714957146806746
28019,2000,1278,3719,34.36407636461414
28019,2004,1290,3908,33.00921187308086
28019,2008,1459,4105,35.542021924482334
28019,2012,1428,4273,33.419143458928154
28019,2016,1218,4065,29.96309963099631
28019,2020,1185,4223,28.060620412029362
28019,2024,965,3890,24.80719794344473
28021,2000,3670,4615,79.52329360780065
28021,2004,4338,5321,81.5260289419282
28021,2008,4682,5449,85.92402275646907
28021,2012,4838,5484,88.22027716994894
28021,2016,3708,4272,86.79775280898876
28021,2020,3772,4449,84.78309732524163
28021,2024,2950,3541,83.30979949166903
28023,2000,2368,6919,34.22459893048128
28023,2004,2377,7438,31.95751546114547
28023,2008,3121,8372,37.279025322503585
28023,2012,3111,8253,37.69538349691021
28023,2016,2585,7791,33.17930945963291
28023,2020,2838,8338,34.03693931398417
28023,2024,2430,7571,32.09615638621054
28025,2000,4515,8165,55.29699938763013
28025,2004,4732,9111,51.93721874657008
28025,2008,6558,11056,59.31620839363242
28025,2012,6712,11072,60.62138728323699
28025,2016,5722,10003,57.20283914825552
28025,2020,5844,10189,57.35597212680341
28025,2024,4960,9057,54.76427072982224
28027,2000,5662,9553,59.26933947451063
28027,2004,6741,10516,64.1023202738684
28027,2008,7597,10551,72.00265377689318
28027,2012,7792,10549,73.86482131007679
28027,2016,6378,8912,71.56642728904848
28027,2020,6020,8501,70.81519821197506
28027,2024,4711,6790,69.38144329896907
28029,2000,4845,10587,45.763672428449986
28029,2004,4902,11272,43.48828956706885
28029,2008,7710,14464,53.30475663716814
28029,2012,7749,14123,54.86794590384479
28029,2016,6741,12982,51.92574333692805
28029,2020,6470,12883,50.221221765116816
28029,2024,5426,11665,46.51521645949421
28031,2000,2623,6881,38.11945938090393
28031,2004,3135,8194,38.25970222113742
28031,2008,3852,9423,40.87870105062082
28031,2012,3878,9348,41.484809584937956
28031,2016,3276,8811,37.18079673135853
28031,2020,3416,9360,36.495726495726494
28031,2024,2921,8861,32.96467667306173
28033,2000,9586,34936,27.43874513395924
28033,2004,13247,48981,27.04518078438578
28033,2008,19627,64109,30.615046249356563
28033,2012,21575,65794,32.79174392801775
28033,2016,20591,65695,31.343329020473398
28033,2020,28265,76124,37.13020860700962
28033,2024,29023,79082,36.69988113603601
28035,2000,8500,22251,38.20053031324434
28035,2004,9781,25936,37.712060456508326
28035,2008,11622,27083,42.91252815419267
28035,2012,13272,30236,43.894695065484854
28035,2016,11716,28064,41.747434435575826
28035,2020,13755,31654,43.45422379478107
28035,2024,11475,28466,40.31124850699079
28037,2000,1486,3953,37.59170250442702
28037,2004,1566,4473,35.01006036217304
28037,2008,1733,4667,37.13306192414827
28037,2012,1726,4493,38.415312708657915
28037,2016,1502,4290,35.011655011655016
28037,2020,1480,4461,33.17641784353284
28037,2024,1213,4066,29.832759468765374
28039,2000,1977,7284,27.14168039538715
28039,2004,1715,7950,21.572327044025158
28039,2008,1532,9284,16.501507970702285
28039,2012,1359,9856,13.788555194805193
28039,2016,1027,9891,10.383176625214842
28039,2020,1218,11049,11.023622047244094
28039,2024,1138,11069,10.2809648568073
28041,2000,1317,4436,29.688908926961226
28041,2004,1419,5275,26.900473933649288
28041,2008,1366,5766,23.69060006937218
28041,2012,1325,5922,22.3741979061128
28041,2016,974,5369,18.14118085304526
28041,2020,966,5812,16.620784583620097
28041,2024,835,5649,14.781377234908833
28043,2000,4163,9385,44.35801811401172
28043,2004,4154,10050,41.333333333333336
28043,2008,5029,11304,44.488676574663835
28043,2012,5288,11335,46.651962946625495
28043,2016,4424,10513,42.08123275944069
28043,2020,4734,10911,43.38740720373935
28043,2024,4060,9766,41.572803604341594
28045,2000,4801,14548,33.00109980753368
28045,2004,5023,17550,28.62108262108262
28045,2008,3768,17007,22.155582995237253
28045,2012,3917,17167,22.817032678977107
28045,2016,3344,17637,18.960140613483016
28045,2020,4504,20957,21.491625709786707
28045,2024,4262,21175,20.12750885478158
28047,2000,19142,52616,36.38056864831991
28047,2004,22555,61810,36.49085908429057
28047,2008,22673,61684,36.75669541534272
28047,2012,23119,63328,36.50675846387064
28047,2016,21169,63313,33.43547138818252
28047,2020,27728,75768,36.595924400802446
28047,2024,26555,75923,34.976225913096165
28049,2000,46789,87770,53.30864760168622
28049,2004,51370,86265,59.54906393091056
28049,2008,75401,108662,69.39040326885204
28049,2012,76112,106491,71.47270661370445
28049,2016,67594,94681,71.39130342941033
28049,2020,73550,99995,73.55367768388419
28049,2024,62840,86830,72.3713002418519
28051,2000,5447,7422,73.38992185394773
28051,2004,6170,8144,75.76129666011788
28051,2008,7765,9523,81.53943085162238
28051,2012,7812,9288,84.10852713178295
28051,2016,6689,8076,82.82565626547796
28051,2020,6588,8115,81.1829944547135
28051,2024,5420,6730,80.53491827637444
28053,2000,2288,3944,58.012170385395535
28053,2004,2975,4651,63.96473876585681
28053,2008,3634,5114,71.05983574501369
28053,2012,3903,5212,74.8848810437452
28053,2016,3071,4253,72.20785328003763
28053,2020,3016,4189,71.99809023633325
28053,2024,2443,3468,70.44405997693195
28055,2000,555,941,58.979808714133895
28055,2004,510,962,53.01455301455301
28055,2008,579,946,61.20507399577168
28055,2012,479,787,60.864040660736975
28055,2016,395,699,56.50929899856938
28055,2020,355,676,52.51479289940828
28055,2024,287,622,46.141479099678456
28057,2000,2994,8564,34.960298925735636
28057,2004,2771,9596,28.876615256356814
28057,2008,2084,9834,21.19178360789099
28057,2012,1706,9318,18.308649924876583
28057,2016,1117,9737,11.471705864229229
28057,2020,1249,10819,11.544505037434144
28057,2024,1027,10621,9.66952264381885
28059,2000,14193,45107,31.465182787593942
28059,2004,15046,49414,30.44886064678026
28059,2008,17781,54063,32.889406803174076
28059,2012,17299,53655,32.24117044077905
28059,2016,14657,49567,29.570076865656585
28059,2020,17375,54543,31.855600168674258
28059,2024,15469,52410,29.515359664186224
28061,2000,3104,6447,48.146424693655966
28061,2004,4081,7926,51.48877113298006
28061,2008,5025,9187,54.696854250571455
28061,2012,5097,9340,54.57173447537473
28061,2016,4368,8475,51.53982300884956
28061,2020,4341,8736,49.690934065934066
28061,2024,3722,7890,47.173637515842834
28063,2000,2786,3408,81.74882629107981
28063,2004,2798,3440,81.33720930232559
28063,2008,3883,4470,86.86800894854586
28063,2012,3951,4433,89.12700203022784
28063,2016,3337,3860,86.45077720207254
28063,2020,3327,3908,85.13306038894575
28063,2024,2727,3299,82.66141254925735
28065,2000,2835,5317,53.319541094602215
28065,2004,2955,5760,51.302083333333336
28065,2008,4454,7350,60.59863945578231
28065,2012,4267,6864,62.16491841491841
28065,2016,3720,6237,59.644059644059645
28065,2020,3599,6213,57.92692741026879
28065,2024,3041,5378,56.545184083302345
28067,2000,7713,24340,31.688578471651603
28067,2004,7344,26518,27.69439625914473
28067,2008,8846,29161,30.335036521381298
28067,2012,9211,30159,30.541463576378526
28067,2016,7791,28352,27.47954288939052
28067,2020,8517,30091,28.3041440962414
28067,2024,7272,27755,26.2006845613403
28069,2000,2311,4261,54.236094813424074
28069,2004,2454,4589,53.47570276748746
28069,2008,3256,5209,62.50719907851795
28069,2012,3239,5052,64.11322248614411
28069,2016,2827,4639,60.93985772795861
28069,2020,2887,4731,61.02303952652716
28069,2024,2381,4086,58.272148800783164
28071,2000,5139,12678,40.53478466635116
28071,2004,6218,15388,40.40811021575254
28071,2008,7997,18396,43.471406827571215
28071,2012,8091,19505,41.481671366316334
28071,2016,7969,19643,40.569159497021836
28071,2020,10070,23423,42.99193100798361
28071,2024,8956,23409,38.25878935452177
28073,2000,3478,16602,20.94928321888929
28073,2004,3876,20294,19.099241155021186
28073,2008,5159,23806,21.671007309081745
28073,2012,5494,24889,22.0740085981759
28073,2016,5190,24592,21.104424202992845
28073,2020,7340,28485,25.76794804282956
28073,2024,7038,28171,24.983138688722445
28075,2000,8412,25970,32.39122063919908
28075,2004,10026,29555,33.92319404500085
28075,2008,13332,33039,40.35231090529374
28075,2012,13814,32777,42.14540684016231
28075,2016,11269,29506,38.1922320883888
28075,2020,12960,31247,41.47598169424265
28075,2024,10677,27407,38.95720071514577
28077,2000,2841,6587,43.130408380142704
28077,2004,2355,6522,36.10855565777369
28077,2008,2587,6979,37.068347900845396
28077,2012,2468,6698,36.846819946252616
28077,2016,2195,6364,34.49088623507228
28077,2020,2260,6613,34.17510963254196
28077,2024,1899,6053,31.372872955559227
28079,2000,2793,6952,40.175489067894134
28079,2004,3212,8173,39.300134589502015
28079,2008,4151,9330,44.49088960342979
28079,2012,4079,8983,45.40799287543137
28079,2016,3584,8449,42.419221209610605
28079,2020,3897,9200,42.358695652173914
28079,2024,3182,8380,37.97136038186157
28081,2000,9142,25094,36.43101936717941
28081,2004,9895,30010,32.9723425524825
28081,2008,12021,34841,34.50245400533854
28081,2012,12563,35306,35.58318699371212
28081,2016,10029,32913,30.471242366238265
28081,2020,12189,36954,32.984250690047084
28081,2024,10616,35338,30.04131529797951
28083,2000,6401,11276,56.76658389499822
28083,2004,7240,11684,61.965080451900036
28083,2008,8914,13081,68.14463726014831
28083,2012,9119,12773,71.39278164879042
28083,2016,7787,11140,69.90125673249551
28083,2020,7648,10893,70.21022675112457
28083,2024,6476,9421,68.74004882708842
28085,2000,4358,13000,33.52307692307692
28085,2004,4372,14326,30.517939410861374
28085,2008,5505,16353,33.66354797284902
28085,2012,5471,16414,33.33130254660656
28085,2016,4458,15193,29.34246034357928
28085,2020,5040,16801,29.998214392000477
28085,2024,4262,15802,26.97126945956208
28087,2000,7537,19230,39.19396775871034
28087,2004,7904,20748,38.095238095238095
28087,2008,13209,27387,48.23091247672253
28087,2012,13388,27158,49.29670815229398
28087,2016,11819,25575,46.21309872922777
28087,2020,13087,27241,48.0415550089938
28087,2024,11096,24426,45.42700401211823
28089,2000,10416,29859,34.88395458655681
28089,2004,12942,37148,34.8390222892215
28089,2008,19831,47177,42.03531381817411
28089,2012,20722,49571,41.80266688184624
28089,2016,20343,49802,40.84775711818803
28089,2020,24440,56212,43.47826086956522
28089,2024,22700,55710,40.74672410698259
28091,2000,4114,10998,37.40680123658847
28091,2004,3828,11732,32.62870780770542
28091,2008,4422,12979,34.07042145003467
28091,2012,4393,12729,34.51174483462959
28091,2016,3677,11693,31.446164371846404
28091,2020,3787,12177,31.099614026443295
28091,2024,3215,11188,28.73614587057562
28093,2000,7735,12592,61.427890724269375
28093,2004,8472,14486,58.484053568963134
28093,2008,9685,16445,58.89328063241107
28093,2012,9650,16240,59.42118226600985
28093,2016,8023,14839,54.066985645933016
28093,2020,8057,15817,50.93886324840362
28093,2024,6888,14983,45.97210171527731
28095,2000,5783,13360,43.285928143712574
28095,2004,6149,15459,39.776182159259974
28095,2008,7169,17422,41.14912180002296
28095,2012,7056,16918,41.707057571817
28095,2016,5524,15884,34.7771342231176
28095,2020,5874,17259,34.03441682600382
28095,2024,5090,16069,31.67589769120667
28097,2000,2187,4849,45.10208290369148
28097,2004,2422,5396,44.885100074128985
28097,2008,2609,5699,45.77996139673627
28097,2012,2675,5645,47.38706820194863
28097,2016,2115,4996,42.33386709367494
28097,2020,2121,5075,41.793103448275865
28097,2024,1737,4424,39.26311030741411
28099,2000,2563,9066,28.27046106331348
28099,2004,2515,10133,24.819895391295766
28099,2008,3114,11352,27.431289640591967
28099,2012,3089,11015,28.04357694053563
28099,2016,2715,10553,25.72728134179854
28099,2020,3260,11703,27.856105272152437
28099,2024,2622,10861,24.14142344167204
28101,2000,2147,7738,27.746187645386406
28101,2004,2274,8472,26.841359773371103
28101,2008,3218,9735,33.05598356445814
28101,2012,3319,9777,33.947018512836244
28101,2016,2756,9438,29.201101928374655
28101,2020,3075,10183,30.197387803201416
28101,2024,2603,9323,27.92019736136437
28103,2000,3383,4954,68.28825191764231
28103,2004,4293,6020,71.31229235880399
28103,2008,5030,6580,76.44376899696049
28103,2012,4920,6264,78.544061302682
28103,2016,4347,5574,77.98708288482239
28103,2020,4040,5339,75.66960104888555
28103,2024,3269,4449,73.47718588446843
28105,2000,6443,14804,43.522021075385034
28105,2004,4178,9742,42.88647095052351
28105,2008,9326,18792,49.627501064282676
28105,2012,9095,18117,50.20146823425512
28105,2016,8859,18124,48.879938203487086
28105,2020,10299,19757,52.12835956876044
28105,2024,8851,18051,49.03329455431832
28107,2000,5880,11389,51.62876459741857
28107,2004,6540,13330,49.0622655663916
28107,2008,8690,16415,52.93938470910753
28107,2012,9079,16826,53.958159990490905
28107,2016,7431,15064,49.329527349973446
28107,2020,7403,15627,47.373136238561464
28107,2024,6061,14422,42.026071279988905
28109,2000,4611,16477,27.984463191114887
28109,2004,4392,19121,22.969509962868052
28109,2008,4320,22326,19.34963719430261
28109,2012,4366,22224,19.64542836573074
28109,2016,3604,21883,16.469405474569303
28109,2020,4148,24033,17.25960138143386
28109,2024,3982,24671,16.140407766203236
28111,2000,1285,4359,29.479238357421426
28111,2004,1259,5010,25.129740518962073
28111,2008,1533,5640,27.180851063829785
28111,2012,1527,5722,26.68647326109752
28111,2016,1220,5432,22.459499263622977
28111,2020,1362,5916,23.02231237322515
28111,2024,1078,5539,19.46199675031594
28113,2000,6544,14166,46.195115064238315
28113,2004,7578,16215,46.73450508788159
28113,2008,9276,17992,51.5562472209871
28113,2012,9650,17974,53.688661399799706
28113,2016,8043,16310,49.31330472103004
28113,2020,8646,17342,49.85584131011417
28113,2024,7402,15485,47.80109783661608
28115,2000,2771,9510,29.137749737118824
28115,2004,2591,11061,23.42464514962481
28115,2008,2982,12791,23.313267140958484
28115,2012,2804,12411,22.592861171541376
28115,2016,2386,12984,18.376463339494762
28115,2020,2614,14361,18.202075064410554
28115,2024,2214,14068,15.73784475405175
28117,2000,3287,8482,38.7526526762556
28117,2004,3306,9876,33.47509113001215
28117,2008,3020,10795,27.975914775358962
28117,2012,2817,10033,28.07734476228446
28117,2016,2067,9872,20.93800648298217
28117,2020,2153,10644,20.227358136039083
28117,2024,1727,10381,16.63616221943936
28119,2000,2103,3413,61.617345443891004
28119,2004,2032,3416,59.4847775175644
28119,2008,2803,4155,67.46089049338147
28119,2012,2837,3979,71.29932143754712
28119,2016,2312,3365,68.7072808320951
28119,2020,2150,3226,66.6460012399256
28119,2024,1725,2677,64.43780351139335
28121,2000,8050,41435,19.42801979003258
28121,2004,10738,53365,20.121802679658956
28121,2008,14372,62861,22.86314248898363
28121,2012,14988,64145,23.36581183256684
28121,2016,14110,62768,22.4796074432832
28121,2020,18847,70655,26.674686858679497
28121,2024,18060,69678,25.919228450874023
28123,2000,3548,9206,38.54008255485553
28123,2004,3780,10175,37.14987714987715
28123,2008,5025,11641,43.16639463963577
28123,2012,5031,11202,44.911622924477776
28123,2016,4268,10522,40.562630678578216
28123,2020,4330,10733,40.34286779092518
28123,2024,3729,9891,37.70094024871095
28125,2000,1706,2903,58.766792972786774
28125,2004,1553,3081,50.40571243102888
28125,2008,1907,2790,68.35125448028674
28125,2012,1782,2532,70.37914691943128
28125,2016,1479,2190,67.53424657534246
28125,2020,1465,2183,67.10948236371965
28125,2024,1201,1766,68.00679501698754
28127,2000,3227,9574,33.70587006475872
28127,2004,3262,10077,32.370745261486555
28127,2008,4817,12545,38.39776803507374
28127,2012,4723,12249,38.5582496530329
28127,2016,3874,11419,33.925912952097384
28127,2020,4037,11815,34.16842996191282
28127,2024,3479,11094,31.35929331170002
28129,2000,1620,6528,24.816176470588236
28129,2004,1493,7106,21.01041373487194
28129,2008,1968,8277,23.776730699528812
28129,2012,1979,8099,24.435115446351404
28129,2016,1617,7627,21.200996459944932
28129,2020,1791,8327,21.508346343220847
28129,2024,1486,7676,19.359041167274622
28131,2000,1677,5523,30.363932645301468
28131,2004,1502,5630,26.678507992895206
28131,2008,1996,7192,27.753058954393772
28131,2012,2003,7532,26.59320233669676
28131,2016,1573,7045,22.32789212207239
28131,2020,1802,7878,22.873825844122877
28131,2024,1620,7919,20.457128425306227
28133,2000,4981,8415,59.1919191919192
28133,2004,6057,9663,62.682396771189076
28133,2008,7838,11156,70.25815704553602
28133,2012,8199,11228,73.02280014250088
28133,2016,6725,9598,70.06668055844968
28133,2020,6781,9681,70.04441689908067
28133,2024,5312,7876,67.44540375825292
28135,2000,3041,5523,55.06065544088358
28135,2004,3377,6161,54.81253043337121
28135,2008,4105,6923,59.29510327892532
28135,2012,3959,6503,60.87959403352299
28135,2016,3337,5870,56.84838160136286
28135,2020,3105,5685,54.61741424802111
28135,2024,2630,5012,52.474062250598564
28137,2000,3441,8693,39.583572989761876
28137,2004,4279,11001,38.896463957822014
28137,2008,5003,12731,39.297777079569556
28137,2012,4933,12406,39.76301789456714
28137,2016,3926,11627,33.76623376623377
28137,2020,4183,13093,31.94836935767204
28137,2024,3555,12861,27.641707487753674
28139,2000,2908,8403,34.60668808758777
28139,2004,2983,9113,32.73345769779436
28139,2008,2623,9629,27.240627271783158
28139,2012,2317,9164,25.28371890004365
28139,2016,1842,9235,19.945858148348673
28139,2020,1937,10102,19.174420906751138
28139,2024,1547,9591,16.129704931706808
28141,2000,2747,6992,39.28775743707094
28141,2004,2775,8165,33.98652786282915
28141,2008,1962,8292,23.66136034732272
28141,2012,1643,7936,20.703125
28141,2016,999,8371,11.93405805757974
28141,2020,1059,9138,11.588969139855548
28141,2024,921,9050,10.176795580110497
28143,2000,1539,2366,65.0464919695689
28143,2004,1934,2815,68.70337477797513
28143,2008,3279,4323,75.8501040943789
28143,2012,3475,4382,79.30168872660886
28143,2016,2667,3567,74.76871320437343
28143,2020,2580,3562,72.43121841661988
28143,2024,1837,2668,68.85307346326837
28145,2000,3094,9311,33.22951347868113
28145,2004,2710,10199,26.57123247377194
28145,2008,2985,12109,24.651085969113883
28145,2012,2742,11365,24.12670479542455
28145,2016,2012,11496,17.501739735560196
28145,2020,2160,12683,17.03067097689821
28145,2024,1807,12478,14.481487417855426
28147,2000,2356,5895,39.96607294317218
28147,2004,2550,6459,39.47979563399907
28147,2008,3456,7749,44.599303135888505
28147,2012,3422,7551,45.31850086081314
28147,2016,2790,6919,40.323746206099145
28147,2020,2835,7119,39.823008849557525
28147,2024,2355,6529,36.069842242303565
28149,2000,7485,18623,40.19223540782903
28149,2004,8244,20117,40.980265447134265
28149,2008,10489,21709,48.31636648394675
28149,2012,10786,21391,50.4230751250526
28149,2016,9284,19416,47.81623403378657
28149,2020,10442,21053,49.59863202393958
28149,2024,8683,18298,47.45327358181222
28151,2000,10405,18328,56.77106067219555
28151,2004,10562,17875,59.08811188811188
28151,2008,13148,19555,67.23600102275633
28151,2012,13981,19715,70.91554653816891
28151,2016,11380,16825,67.63744427934621
28151,2020,12503,18008,69.43025322079076
28151,2024,9735,14540,66.95323246217332
28153,2000,2981,7705,38.68916288124594
28153,2004,3155,8527,37.0001172745397
28153,2008,3890,9996,38.9155662264906
28153,2012,4148,10332,40.147115756871855
28153,2016,3524,9599,36.71215751640796
28153,2020,3624,10056,36.0381861575179
28153,2024,3028,9119,33.20539532843513
28155,2000,1426,4545,31.375137513751376
28155,2004,1318,5002,26.349460215913634
28155,2008,1349,5439,24.802353373781948
28155,2012,1190,5234,22.73595720290409
28155,2016,1019,5069,20.102584336160977
28155,2020,1043,5395,19.332715477293792
28155,2024,872,5095,17.114818449460255
28157,2000,2551,4098,62.249877989263055
28157,2004,2794,4388,63.67365542388331
28157,2008,3534,5122,68.99648574775479
28157,2012,3412,4853,70.30702658149598
28157,2016,2857,4218,67.73352299668089
28157,2020,2749,4127,66.61012842258299
28157,2024,1817,2931,61.99249402934153
28159,2000,3672,8368,43.881453154875715
28159,2004,3960,9382,42.208484331699
28159,2008,4653,10190,45.66241413150147
28159,2012,4607,9829,46.87150269610337
28159,2016,3850,8881,43.35097398941561
28159,2020,4040,9236,43.74187960155911
28159,2024,3392,8384,40.458015267175576
28161,2000,2674,5228,51.147666411629686
28161,2004,2656,5971,44.48166136325574
28161,2008,3151,6801,46.33142184972798
28161,2012,3030,6354,47.68649669499528
28161,2016,2582,6077,42.48806977126872
28161,2020,2785,6535,42.61667941851569
28161,2024,2289,5878,38.94181694453896
28163,2000,4997,10516,47.51806770635223
28163,2004,4798,10694,44.866280157097435
28163,2008,6116,11452,53.405518686692275
28163,2012,6603,11620,56.82444061962134
28163,2016,5369,10070,53.3167825223436
28163,2020,5496,10436,52.66385588348026
28163,2024,4342,8971,48.4004012930554
29001,2000,4101,10552,38.86467020470053
29001,2004,4938,11404,43.30059628200632
29001,2008,5735,11871,48.31101002442928
29001,2012,4219,10126,41.665020738692476
29001,2016,3500,10226,34.22648151769998
29001,2020,3710,10336,35.893962848297214
29001,2024,3334,10239,32.56177361070417
29003,2000,2795,7274,38.4245257080011
29003,2004,3069,8266,37.12799419308009
29003,2008,3345,8790,38.05460750853242
29003,2012,2649,8306,31.892607753431257
29003,2016,2045,9140,22.37417943107221
29003,2020,2351,9752,24.107875307629204
29003,2024,2312,9847,23.479232253478216
29005,2000,1013,2871,35.28387321490769
29005,2004,1005,3156,31.844106463878326
29005,2008,1000,2976,33.60215053763441
29005,2012,756,2709,27.906976744186046
29005,2016,541,2724,19.86049926578561
29005,2020,564,2814,20.042643923240938
29005,2024,529,2713,19.498709915223
29007,2000,4551,9985,45.57836755132699
29007,2004,4318,10683,40.41935785827951
29007,2008,4434,10781,41.127910212410725
29007,2012,3539,9952,35.560691318327976
29007,2016,2570,10061,25.544180498956365
29007,2020,2704,10656,25.375375375375377
29007,2024,2688,10523,25.544046374608005
29009,2000,4135,12368,33.433053040103495
29009,2004,4223,13927,30.322395347167376
29009,2008,4630,14644,31.617044523354277
29009,2012,3667,13806,26.56091554396639
29009,2016,2710,14605,18.555289284491614
29009,2020,2948,15598,18.899858956276447
29009,2024,2873,16165,17.77296628518404
29011,2000,1424,5366,26.537458069325382
29011,2004,1373,5991,22.917709898180604
29011,2008,1455,5948,24.462004034969738
29011,2012,1230,5746,21.40619561434041
29011,2016,795,5939,13.386091934669137
29011,2020,844,6077,13.888431792002635
29011,2024,820,6015,13.632585203657523
29013,2000,3386,7792,43.45482546201232
29013,2004,3398,8466,40.137018662886845
29013,2008,3271,8283,39.490522757455025
29013,2012,2557,7771,32.9043881096384
29013,2016,1618,8023,20.16701981802318
29013,2020,1672,8416,19.866920152091254
29013,2024,1563,8344,18.7320230105465
29015,2000,3150,7534,41.81045925139368
29015,2004,3381,9009,37.52913752913753
29015,2008,3629,9567,37.93247622034075
29015,2012,2925,9157,31.94277601834662
29015,2016,2025,9312,21.746134020618555
29015,2020,2180,10476,20.80946926307751
29015,2024,2166,10769,20.113288141888756
29017,2000,1692,5294,31.96071023800529
29017,2004,1754,5895,29.754028837998302
29017,2008,1690,5784,29.218533886583682
29017,2012,1213,5456,22.23240469208211
29017,2016,705,5676,12.420718816067653
29017,2020,750,5983,12.535517299013874
29017,2024,756,6161,12.270735270248338
29019,2000,28811,59609,48.33330537334966
29019,2004,37643,76046,49.500302448518
29019,2008,47062,85251,55.204044527336926
29019,2012,39847,79422,50.17123718868828
29019,2016,41125,83868,49.03538894453188
29019,2020,50064,91168,54.91400491400491
29019,2024,48452,90110,53.7698368660526
29021,2000,17085,34751,49.164052833012
29021,2004,17799,37950,46.901185770750985
29021,2008,19164,39040,49.08811475409836
29021,2012,15594,35106,44.419757306443344
29021,2016,12013,35659,33.68854987520682
29021,2020,13445,36598,36.73698016285043
29021,2024,12598,35743,35.24606216601852
29023,2000,4996,14397,34.70167395985275
29023,2004,4666,16441,28.380268840094885
29023,2008,5316,17338,30.66097589110624
29023,2012,4363,16889,25.83338267511398
29023,2016,3036,17259,17.590822179732314
29023,2020,3301,18141,18.19635080756298
29023,2024,3160,17860,17.69316909294513
29025,2000,1488,3850,38.64935064935065
29025,2004,1645,4268,38.54264292408622
29025,2008,1814,4564,39.745836985100794
29025,2012,1312,4167,31.485481161507078
29025,2016,838,4312,19.434137291280148
29025,2020,897,4682,19.15847928235797
29025,2024,888,4703,18.881564958537105
29027,2000,6708,15308,43.82022471910113
29027,2004,6559,17773,36.904293028751475
29027,2008,7580,19321,39.23192381346721
29027,2012,6071,18232,33.29859587538394
29027,2016,4989,19193,25.993851925181055
29027,2020,5870,21144,27.762012864169506
29027,2024,5926,21455,27.620601258447913
29029,2000,6323,17099,36.97877068834435
29029,2004,6296,19519,32.25575080690609
29029,2008,7773,22133,35.11950481181946
29029,2012,6458,21945,29.42811574390522
29029,2016,4768,22514,21.17793373012348
29029,2020,5652,24812,22.779300338545866
29029,2024,5724,25548,22.404884922498823
29031,2000,9334,29859,31.26025653906695
29031,2004,10568,34565,30.574280341385794
29031,2008,12208,37355,32.68103332887164
29031,2012,9728,35716,27.23709261955426
29031,2016,8492,37038,22.927803877099194
29031,2020,10760,40328,26.681214044832373
29031,2024,10561,40353,26.17153619309593
29033,2000,1620,4581,35.36345776031434
29033,2004,1568,4741,33.073191309850245
29033,2008,1535,4538,33.82547377699427
29033,2012,1154,4304,26.812267657992567
29033,2016,745,4361,17.083237789497822
29033,2020,786,4532,17.34333627537511
29033,2024,789,4528,17.424911660777383
29035,2000,997,2808,35.50569800569801
29035,2004,964,2779,34.68873695573947
29035,2008,984,2898,33.95445134575569
29035,2012,754,2799,26.93819221150411
29035,2016,436,2844,15.330520393811534
29035,2020,418,2897,14.428719364860202
29035,2024,364,2862,12.718378756114603
29037,2000,14921,35869,41.59859488694973
29037,2004,16681,44217,37.7253092701902
29037,2008,19844,50179,39.54642380278602
29037,2012,17044,48913,34.845542084926294
29037,2016,14846,50990,29.11551284565601
29037,2020,19052,57408,33.18701226309922
29037,2024,19753,59349,33.28278488264335
29039,2000,1979,5663,34.946141621048916
29039,2004,1910,6203,30.79155247460906
29039,2008,2060,6354,32.420522505508345
29039,2012,1537,6045,25.42597187758478
29039,2016,1011,6288,16.078244274809162
29039,2020,1145,7044,16.2549687677456
29039,2024,1060,7188,14.746800222593212
29041,2000,1792,4154,43.1391429947039
29041,2004,1892,4340,43.594470046082954
29041,2008,1799,4214,42.691029900332225
29041,2012,1339,3821,35.0431824129809
29041,2016,888,3969,22.37339380196523
29041,2020,916,4077,22.46750061319598
29041,2024,875,4089,21.398875030569823
29043,2000,7896,23228,33.99345617358361
29043,2004,9059,31348,28.898175322189612
29043,2008,11883,37697,31.52240231318142
29043,2012,9813,37964,25.848171952375935
29043,2016,8508,41531,20.485902097228575
29043,2020,11131,46839,23.76438438053759
29043,2024,11850,50789,23.33182382011853
29045,2000,1812,3802,47.65912677538138
29045,2004,1794,3736,48.019271948608136
29045,2008,1572,3456,45.48611111111111
29045,2012,1398,3225,43.348837209302324
29045,2016,724,3215,22.519440124416796
29045,2020,678,3394,19.97642899233942
29045,2024,628,3333,18.84188418841884
29047,2000,39084,80173,48.74957903533609
29047,2004,44670,96460,46.30935102633216
29047,2008,53761,109606,49.04932211740233
29047,2012,47310,105589,44.80580363484833
29047,2016,45304,110176,41.11966308451932
29047,2020,59400,126569,46.930923053828344
29047,2024,60345,130160,46.36216963736939
29049,2000,3994,8531,46.817489157191424
29049,2004,4165,9540,43.658280922431864
29049,2008,4545,10454,43.47618136598431
29049,2012,3688,9861,37.39985802656932
29049,2016,2572,10208,25.195924764890282
29049,2020,2896,10888,26.598089639970613
29049,2024,2855,11230,25.422974176313446
29051,2000,12056,32775,36.78413424866514
29051,2004,11753,36701,32.02365058172802
29051,2008,13959,38745,36.027874564459935
29051,2012,12005,37062,32.39166801575738
29051,2016,10913,37374,29.199443463370255
29051,2020,12694,39529,32.11313213084065
29051,2024,12874,40152,32.06315999203028
29053,2000,2567,6790,37.80559646539028
29053,2004,2400,7508,31.96590303676079
29053,2008,2996,8026,37.32868178420134
29053,2012,2474,7511,32.93835707628811
29053,2016,1932,7986,24.192336589030806
29053,2020,2249,8693,25.871390774186125
29053,2024,2347,8835,26.564799094510473
29055,2000,3350,8302,40.35172247651169
29055,2004,3632,9381,38.71655473830082
29055,2008,3911,10085,38.78036688150719
29055,2012,2951,9579,30.806973588057208
29055,2016,1824,9696,18.81188118811881
29055,2020,2113,10973,19.256356511437165
29055,2024,2007,10829,18.53356727306307
29057,2000,1193,3752,31.796375266524517
29057,2004,1104,4089,26.999266324284665
29057,2008,1184,4112,28.793774319066145
29057,2012,939,3896,24.10164271047228
29057,2016,637,3951,16.1225006327512
29057,2020,656,4119,15.926195678562758
29057,2024,671,4186,16.029622551361683
29059,2000,2311,6219,37.16031516320952
29059,2004,2407,7259,33.15883730541397
29059,2008,2656,7683,34.56982949368736
29059,2012,2122,7279,29.1523560928699
29059,2016,1272,7453,17.066952904870522
29059,2020,1380,8104,17.02862783810464
29059,2024,1458,8441,17.272834972159696
29061,2000,1367,3494,39.124212936462506
29061,2004,1402,3794,36.95308381655245
29061,2008,1400,3786,36.9783412572636
29061,2012,1125,3521,31.951150241408694
29061,2016,730,3593,20.317283607013636
29061,2020,746,3911,19.07440552288417
29061,2024,701,3925,17.85987261146497
29063,2000,1562,4049,38.57742652506792
29063,2004,1707,4686,36.427656850192065
29063,2008,1692,4683,36.13068545803972
29063,2012,1194,4350,27.448275862068964
29063,2016,824,4594,17.936438833260777
29063,2020,930,4843,19.20297336361759
29063,2024,870,4814,18.072289156626507
29065,2000,1839,5988,30.711422845691384
29065,2004,1865,6304,29.58439086294416
29065,2008,2056,6868,29.93593476994758
29065,2012,1585,6643,23.859701941893725
29065,2016,978,6791,14.401413635694302
29065,2020,1056,7142,14.78577429291515
29065,2024,1025,7103,14.430522314514993
29067,2000,1546,5281,29.274758568452945
29067,2004,1741,6327,27.51699067488541
29067,2008,2140,6712,31.883194278903453
29067,2012,1710,6557,26.078999542473692
29067,2016,984,6666,14.761476147614761
29067,2020,1016,7000,14.514285714285712
29067,2024,996,7289,13.664425847166964
29069,2000,4947,10525,47.00237529691211
29069,2004,4901,11677,41.97139676286717
29069,2008,4540,11764,38.59231553893234
29069,2012,3636,10651,34.137639658248055
29069,2016,2360,10578,22.310455662696164
29069,2020,2200,10419,21.115270179479797
29069,2024,1885,10051,18.754352800716347
29071,2000,16172,39194,41.26141756391284
29071,2004,18556,45318,40.94620239198552
29071,2008,21256,49293,43.121741423731564
29071,2012,16347,46755,34.96310555020853
29071,2016,12341,50113,24.62634446151697
29071,2020,14569,53685,27.137934246065008
29071,2024,14694,55464,26.492860233665077
29073,2000,2257,6629,34.04736762709308
29073,2004,2355,7171,32.84060800446242
29073,2008,2899,7771,37.30536610474842
29073,2012,2099,7134,29.422483880011214
29073,2016,1520,7445,20.416386836803223
29073,2020,1601,7923,20.206992300896125
29073,2024,1555,7997,19.444791796923848
29075,2000,1271,3105,40.93397745571659
29075,2004,1201,3312,36.26207729468599
29075,2008,1235,3292,37.515188335358445
29075,2012,937,2999,31.24374791597199
29075,2016,605,3043,19.88169569503779
29075,2020,613,3237,18.937287611986406
29075,2024,616,3292,18.712029161603887
29077,2000,41091,102926,39.92285719837553
29077,2004,46657,125266,37.24633978892916
29077,2008,56181,135695,41.402409816131765
29077,2012,46219,125848,36.726050473587186
29077,2016,42728,129231,33.063274291772096
29077,2020,55068,141800,38.83497884344146
29077,2024,55971,144037,38.85876545609809
29079,2000,1563,4708,33.198810535259135
29079,2004,1561,4808,32.46672212978369
29079,2008,1580,4740,33.33333333333333
29079,2012,1212,4374,27.709190672153632
29079,2016,780,4310,18.097447795823665
29079,2020,799,4437,18.007662835249043
29079,2024,784,4404,17.80199818346957
29081,2000,1328,3991,33.27486845402155
29081,2004,1279,4048,31.59584980237154
29081,2008,1287,3915,32.87356321839081
29081,2012,984,3695,26.630581867388365
29081,2016,574,3689,15.559772296015181
29081,2020,597,3826,15.60376372190277
29081,2024,534,3845,13.88816644993498
29083,2000,4459,9778,45.602372673348334
29083,2004,4461,10877,41.013147007446904
29083,2008,4869,11159,43.63294201989426
29083,2012,3606,10123,35.62185122987257
29083,2016,2357,9866,23.890127711331846
29083,2020,2619,10788,24.276974416017797
29083,2024,2535,10932,23.18880351262349
29085,2000,1961,4238,46.27182633317602
29085,2004,2043,4866,41.98520345252774
29085,2008,2171,5115,42.44379276637341
29085,2012,1733,4680,37.029914529914535
29085,2016,1016,4724,21.507197290431836
29085,2020,1056,5080,20.787401574803148
29085,2024,978,5120,19.1015625
29087,2000,871,2662,32.719759579263716
29087,2004,811,2691,30.137495354886664
29087,2008,802,2633,30.459551842005318
29087,2012,551,2310,23.852813852813853
29087,2016,347,2355,14.734607218683651
29087,2020,338,2343,14.425949637217242
29087,2024,357,2352,15.178571428571427
29089,2000,1944,4512,43.08510638297872
29089,2004,1972,4921,40.07315586262955
29089,2008,2036,4855,41.9361483007209
29089,2012,1723,4867,35.401684816108485
29089,2016,1283,4868,26.35579293344289
29089,2020,1413,5092,27.74941084053417
29089,2024,1341,4956,27.058111380145277
29091,2000,4641,14075,32.97335701598579
29091,2004,5118,16379,31.24732889675804
29091,2008,5736,17029,33.683716013858714
29091,2012,4395,16346,26.887311880582406
29091,2016,2881,17455,16.505299341162992
29091,2020,3218,18650,17.25469168900804
29091,2024,3073,18968,16.200970054829185
29093,2000,2044,4414,46.3072043497961
29093,2004,2157,4679,46.099593930326996
29093,2008,2213,4414,50.135931128228364
29093,2012,1669,4031,41.40411808484247
29093,2016,933,4269,21.855235418130707
29093,2020,945,4592,20.579268292682926
29093,2024,824,4518,18.2381584772023
29095,2000,160419,272062,58.964133175526165
29095,2004,79029,174570,45.270665062725556
29095,2008,90722,186047,48.76294699726414
29095,2012,78283,174764,44.79355015907166
29095,2016,71237,173275,41.112105035348435
29095,2020,92182,196418,46.93154395218361
29095,2024,91366,193729,47.161756887198095
29097,2000,11737,37481,31.31453269656626
29097,2004,13002,45085,28.83885993124099
29097,2008,15730,48025,32.75377407600209
29097,2012,12809,45218,28.327214825954268
29097,2016,10572,48326,21.87642262964036
29097,2020,13549,52352,25.880577628361856
29097,2024,13943,53807,25.9129852993105
29099,2000,38616,77204,50.01813377545204
29099,2004,46057,93264,49.383470578143765
29099,2008,53467,105704,50.58181336562476
29099,2012,41564,97611,42.58126645562488
29099,2016,31568,106238,29.714414804495565
29099,2020,37523,116688,32.15669134786781
29099,2024,36965,119314,30.981276296159717
29101,2000,6926,16787,41.258116399594925
29101,2004,7790,20236,38.49575014825064
29101,2008,9480,22080,42.934782608695656
29101,2012,7667,21021,36.47305075876505
29101,2016,5930,21132,28.061707363240586
29101,2020,6974,23123,30.160446308869954
29101,2024,6960,23602,29.48902635369884
29103,2000,787,2055,38.296836982968365
29103,2004,761,1978,38.4732052578362
29103,2008,759,2024,37.5
29103,2012,698,1957,35.66683699540113
29103,2016,379,1870,20.267379679144383
29103,2020,340,1854,18.338727076591155
29103,2024,311,1810,17.18232044198895
29105,2000,4183,13046,32.06346772957228
29105,2004,4213,14869,28.334117963548323
29105,2008,5218,16323,31.967162898976902
29105,2012,4093,15362,26.64366618929827
29105,2016,2553,16051,15.90555105600897
29105,2020,2780,16793,16.554516762936938
29105,2024,2756,17076,16.139611150152263
29107,2000,6343,14520,43.684573002754824
29107,2004,6412,16182,39.624273884563095
29107,2008,6902,16600,41.57831325301205
29107,2012,5655,15795,35.80246913580247
29107,2016,4053,15876,25.52910052910053
29107,2020,4472,17055,26.221049545587803
29107,2024,4294,17248,24.895640074211503
29109,2000,4235,12903,32.82182438192668
29109,2004,4506,15806,28.5081614576743
29109,2008,5097,16637,30.636533028791245
29109,2012,4017,15755,25.496667724531896
29109,2016,2901,16715,17.3556685611726
29109,2020,3214,17905,17.95029321418598
29109,2024,3248,18427,17.62630922016606
29111,2000,2023,4484,45.11596788581623
29111,2004,1754,4644,37.76916451335056
29111,2008,1837,4502,40.80408707241226
29111,2012,1508,4279,35.24187894367843
29111,2016,934,4456,20.960502692998205
29111,2020,984,4609,21.34953352137123
29111,2024,872,4486,19.438252340615247
29113,2000,6961,15913,43.74410859046063
29113,2004,8368,19839,42.179545339986895
29113,2008,10234,23550,43.45647558386412
29113,2012,7734,22652,34.142680558008124
29113,2016,5575,24962,22.333947600352534
29113,2020,6607,29018,22.76862636983941
29113,2024,6908,32133,21.498148321040674
29115,2000,2646,6010,44.026622296173045
29115,2004,2440,5898,41.369955917260086
29115,2008,2638,5931,44.47816557073006
29115,2012,2041,5550,36.77477477477478
29115,2016,1240,5587,22.19437981027385
29115,2020,1275,5726,22.26685295144953
29115,2024,1183,5687,20.80182873219624
29117,2000,2425,6276,38.63926067558955
29117,2004,2278,6346,35.8966277970375
29117,2008,2435,6552,37.16422466422466
29117,2012,1906,6054,31.48331681532871
29117,2016,1265,6421,19.700981155583243
29117,2020,1410,6758,20.864160994377034
29117,2024,1422,6873,20.689655172413794
29119,2000,1866,6529,28.580180732118244
29119,2004,2215,7725,28.67313915857605
29119,2008,2454,8135,30.165949600491704
29119,2012,1920,7817,24.561852373033133
29119,2016,1329,8242,16.124727008007767
29119,2020,1439,9053,15.895283331492324
29119,2024,1423,9338,15.238809166845149
29121,2000,2817,7175,39.26132404181185
29121,2004,2856,7570,37.72787318361955
29121,2008,2784,7474,37.24913031843725
29121,2012,2309,7160,32.24860335195531
29121,2016,1548,7621,20.312294974412808
29121,2020,1662,7836,21.20980091883614
29121,2024,1481,7839,18.892715907641282
29123,2000,1828,4373,41.80196661330894
29123,2004,1972,4918,40.097600650671005
29123,2008,2042,5028,40.61256961018297
29123,2012,1588,4930,32.21095334685599
29123,2016,1005,5321,18.88742717534298
29123,2020,1019,5676,17.952783650458066
29123,2024,986,5753,17.138884060490177
29125,2000,1554,3854,40.32174364296834
29125,2004,1563,4424,35.330018083182644
29125,2008,1599,4548,35.15831134564644
29125,2012,1299,4538,28.624944909651827
29125,2016,794,4500,17.644444444444442
29125,2020,814,4771,17.061412701739677
29125,2024,755,4786,15.775177601337234
29127,2000,4993,11712,42.63148907103825
29127,2004,4568,12453,36.68192403436923
29127,2008,4703,12553,37.46514777344061
29127,2012,4031,12158,33.15512419805889
29127,2016,2994,12938,23.141134642139434
29127,2020,3202,13348,23.988612526221157
29127,2024,3032,13153,23.051775260396866
29129,2000,555,1842,30.130293159609124
29129,2004,582,1817,32.03082003302146
29129,2008,519,1748,29.691075514874143
29129,2012,353,1655,21.329305135951664
29129,2016,216,1745,12.378223495702006
29129,2020,222,1779,12.478920741989882
29129,2024,235,1792,13.113839285714285
29131,2000,3217,9356,34.384352287302264
29131,2004,2959,10831,27.319730403471514
29131,2008,3553,11535,30.801907238838318
29131,2012,2651,11019,24.058444504946003
29131,2016,1750,11416,15.329362298528382
29131,2020,2038,12382,16.459376514294945
29131,2024,2067,13011,15.886557528245332
29133,2000,2756,5215,52.84755512943432
29133,2004,2374,5298,44.80936202340506
29133,2008,2247,5356,41.95294996265871
29133,2012,1858,4920,37.764227642276424
29133,2016,1458,5169,28.20661636680209
29133,2020,1178,4756,24.768713204373423
29133,2024,1015,4449,22.814115531580132
29135,2000,2176,6065,35.87798845836768
29135,2004,1913,6691,28.590644148856676
29135,2008,2084,6665,31.267816954238558
29135,2012,1608,6443,24.95731801955611
29135,2016,1237,6830,18.111273792093705
29135,2020,1308,7157,18.27581388850077
29135,2024,1313,7275,18.04810996563574
29137,2000,1860,4094,45.43234000977039
29137,2004,1647,4307,38.24007429765498
29137,2008,1703,4314,39.47612424663885
29137,2012,1398,4057,34.45895982252896
29137,2016,853,4156,20.524542829643888
29137,2020,936,4483,20.878875752844078
29137,2024,857,4378,19.57514846962083
29139,2000,2092,5303,39.449368282104466
29139,2004,2147,5760,37.27430555555556
29139,2008,2347,5856,40.07855191256831
29139,2012,1740,5327,32.663788248545146
29139,2016,1119,5429,20.611530668631424
29139,2020,1208,5772,20.928620928620926
29139,2024,1170,5998,19.50650216738913
29141,2000,3235,7881,41.04809034386499
29141,2004,3053,8771,34.80788963630145
29141,2008,3565,9149,38.96600721390316
29141,2012,2773,8688,31.91758747697974
29141,2016,1768,8821,20.04307901598458
29141,2020,1924,9487,20.28038368293454
29141,2024,1914,9735,19.661016949152543
29143,2000,3738,7266,51.445086705202314
29143,2004,3716,7907,46.99633236372834
29143,2008,3370,8092,41.646070192783
29143,2012,2814,7250,38.813793103448276
29143,2016,1933,7357,26.27429658828327
29143,2020,1748,7250,24.110344827586207
29143,2024,1561,6811,22.918807810894144
29145,2000,6447,21162,30.464984406010775
29145,2004,6564,23889,27.477081501946504
29145,2008,7450,25406,29.323781783830594
29145,2012,6425,25083,25.61495833831679
29145,2016,4990,26606,18.755168007216415
29145,2020,5818,28405,20.482309452561168
29145,2024,5867,29097,20.163590748187097
29147,2000,3553,9049,39.264007072604706
29147,2004,3830,10119,37.84958988042297
29147,2008,4493,10219,43.96712007045699
29147,2012,3172,8976,35.33868092691622
29147,2016,2529,9458,26.739268344258825
29147,2020,2853,9893,28.838572728191654
29147,2024,2674,9689,27.598307358860563
29149,2000,1568,4233,37.04228679423577
29149,2004,1823,4673,39.011341750481485
29149,2008,1811,4591,39.44674362883903
29149,2012,1419,4421,32.096810676317574
29149,2016,865,4668,18.530419880034277
29149,2020,823,4739,17.366533023844692
29149,2024,696,4613,15.087795360936484
29151,2000,1938,6178,31.36937520233085
29151,2004,1673,6671,25.078698845750264
29151,2008,1907,7079,26.938833168526628
29151,2012,1473,6919,21.28920364214482
29151,2016,998,7090,14.076163610719322
29151,2020,1037,7539,13.755139938983952
29151,2024,1009,7727,13.058107933221171
29153,2000,1432,4292,33.36439888164026
29153,2004,1561,4707,33.16337369874655
29153,2008,1661,4686,35.44600938967136
29153,2012,1261,4453,28.317987873343814
29153,2016,724,4505,16.07103218645949
29153,2020,752,4864,15.460526315789474
29153,2024,698,4780,14.602510460251045
29155,2000,3245,6060,53.54785478547854
29155,2004,3381,6806,49.67675580370262
29155,2008,3029,7047,42.982829572867885
29155,2012,2671,6335,42.162588792423044
29155,2016,1947,6027,32.30462916874067
29155,2020,1560,5735,27.201394943330428
29155,2024,1331,5270,25.256166982922203
29157,2000,2085,6903,30.20425901781834
29157,2004,2621,8247,31.7812537892567
29157,2008,3005,8647,34.7519370880074
29157,2012,2184,7987,27.344434706397898
29157,2016,1520,8740,17.391304347826086
29157,2020,1664,9447,17.614057372710914
29157,2024,1757,9824,17.884771986970684
29159,2000,5855,15755,37.16280545858457
29159,2004,5801,17496,33.15614997713763
29159,2008,6932,18208,38.071177504393674
29159,2012,5904,17175,34.375545851528386
29159,2016,4324,18111,23.874993098117166
29159,2020,4783,19097,25.04581871498141
29159,2024,4703,18882,24.90731913992162
29161,2000,6262,16146,38.78359965316487
29161,2004,6666,18700,35.647058823529406
29161,2008,7394,19438,38.038892890215045
29161,2012,5798,18190,31.874656404617923
29161,2016,4766,18553,25.68856788659516
29161,2020,5637,19568,28.807236304170075
29161,2024,5379,19300,27.870466321243526
29163,2000,3557,7351,48.38797442524827
29163,2004,3670,8040,45.646766169154226
29163,2008,3487,7881,44.245654104809034
29163,2012,2582,7321,35.26840595547057
29163,2016,1806,7382,24.46491465727445
29163,2020,1717,7695,22.31319038336582
29163,2024,1618,7824,20.6799591002045
29165,2000,15325,34054,45.00205555881835
29165,2004,18412,41970,43.86943054562783
29165,2008,21459,46480,46.168244406196216
29165,2012,19175,45552,42.09474885844749
29165,2016,20057,48885,41.02894548429989
29165,2020,27179,57270,47.45765671381177
29165,2024,27566,57817,47.6780185758514
29167,2000,3606,10294,35.03011462988149
29167,2004,3775,12453,30.313980566931665
29167,2008,4553,13697,33.24085566182376
29167,2012,3580,13119,27.28866529461087
29167,2016,2631,13763,19.116471699484126
29167,2020,2885,15064,19.151619755708975
29167,2024,2948,15826,18.62757487678504
29169,2000,3800,10531,36.08394264552274
29169,2004,3551,12221,29.05654201783815
29169,2008,5249,15000,34.99333333333333
29169,2012,4199,13571,30.94097708348685
29169,2016,2922,13488,21.66370106761566
29169,2020,3740,14414,25.946995976134314
29169,2024,3765,15549,24.21377580551804
29171,2000,708,2334,30.334190231362467
29171,2004,772,2445,31.574642126789364
29171,2008,695,2339,29.713552800342026
29171,2012,587,2309,25.422260718925944
29171,2016,353,2346,15.046888320545609
29171,2020,361,2361,15.290131300296483
29171,2024,347,2380,14.57983193277311
29173,2000,2033,4542,44.76001761338617
29173,2004,2031,5034,40.345649582836714
29173,2008,2041,5084,40.14555468135326
29173,2012,1736,5036,34.47180301826847
29173,2016,1138,5266,21.610330421572353
29173,2020,1205,5662,21.282232426704343
29173,2024,1154,5777,19.97576596849576
29175,2000,4116,9186,44.80731548007838
29175,2004,3586,10198,35.16375759952932
29175,2008,3984,10624,37.5
29175,2012,3031,9944,30.480691874497186
29175,2016,2283,10309,22.145697933844215
29175,2020,2485,10744,23.129188384214444
29175,2024,2571,11028,23.313384113166485
29177,2000,4970,9747,50.990048219965125
29177,2004,5034,10788,46.66295884315906
29177,2008,5241,11053,47.41699086220936
29177,2012,4275,10367,41.236616185974725
29177,2016,3090,10869,28.42947833287331
29177,2020,3109,11649,26.68898617907117
29177,2024,2927,11662,25.098610872920595
29179,2000,1298,3131,41.45640370488662
29179,2004,1449,3364,43.07372175980975
29179,2008,1418,3287,43.13964101003955
29179,2012,1157,3202,36.13366645846346
29179,2016,540,3038,17.774851876234365
29179,2020,529,3298,16.04002425712553
29179,2024,472,3059,15.429879045439687
29181,2000,1820,5065,35.932872655478775
29181,2004,1907,5653,33.73430037148417
29181,2008,1795,5363,33.47007272049226
29181,2012,1396,5263,26.524795743872314
29181,2016,830,5524,15.025343953656769
29181,2020,833,5717,14.57057897498688
29181,2024,763,5804,13.146106133700897
29183,2000,53806,128686,41.8118521051241
29183,2004,66855,163488,40.89290957134469
29183,2008,84183,188529,44.65254682303518
29183,2012,71838,185690,38.68705907695622
29183,2016,68626,201005,34.14143926767991
29183,2020,89530,222017,40.32574082164879
29183,2024,92226,226166,40.77801261020666
29185,2000,1866,4739,39.375395653091374
29185,2004,1841,4965,37.07955689828802
29185,2008,1886,4988,37.81074578989575
29185,2012,1460,4626,31.56074362300043
29185,2016,936,4630,20.21598272138229
29185,2020,988,4974,19.863289103337355
29185,2024,959,4990,19.218436873747493
29186,2000,3600,7311,49.24086992203529
29186,2004,4281,8146,52.55340044193469
29186,2008,4979,8825,56.419263456090654
29186,2012,3813,8070,47.249070631970255
29186,2016,2542,8469,30.01535010036604
29186,2020,2713,9484,28.60607338675664
29186,2024,2629,9776,26.892389525368248
29187,2000,9075,18841,48.166233214797515
29187,2004,10748,22933,46.8669602755854
29187,2008,11540,24550,47.0061099796334
29187,2012,8829,22582,39.09751129217961
29187,2016,6250,24728,25.274991912002587
29187,2020,7044,28001,25.15624441984215
29187,2024,6811,28615,23.802201642495195
29189,2000,250631,486884,51.47653239786069
29189,2004,295284,542983,54.381813058604045
29189,2008,333123,559854,59.501762959628756
29189,2012,297097,528676,56.19642276176713
29189,2016,286704,514858,55.6860338190336
29189,2020,328151,536446,61.17130149166925
29189,2024,305635,502738,60.794091554646755
29195,2000,4585,9355,49.01122394441475
29195,2004,4479,9939,45.06489586477513
29195,2008,4712,9848,47.84727863525589
29195,2012,3790,9108,41.611769872639435
29195,2016,2789,9274,30.073323269355186
29195,2020,2904,9519,30.507406240151276
29195,2024,2726,9330,29.217577706323688
29197,2000,808,2006,40.27916251246261
29197,2004,894,2031,44.01772525849335
29197,2008,775,1983,39.08219868885527
29197,2012,697,1939,35.94636410520887
29197,2016,354,1936,18.285123966942148
29197,2020,373,2003,18.622066899650523
29197,2024,334,1945,17.17223650385604
29199,2000,790,2179,36.255162918770075
29199,2004,828,2197,37.6877560309513
29199,2008,793,2098,37.79790276453765
29199,2012,643,1936,33.21280991735537
29199,2016,365,1968,18.546747967479675
29199,2020,388,1984,19.556451612903224
29199,2024,358,1918,18.665276329509904
29201,2000,6452,15704,41.08507386653082
29201,2004,6057,17448,34.714580467675376
29201,2008,6258,18026,34.71652058138245
29201,2012,5122,16999,30.131184187305138
29201,2016,3575,17256,20.71743161798795
29201,2020,3753,17719,21.180653535752583
29201,2024,3525,17421,20.234200103323573
29203,2000,1430,3781,37.820682359164245
29203,2004,1618,4167,38.82889368850492
29203,2008,1637,3838,42.65242313705055
29203,2012,1302,3692,35.26543878656555
29203,2016,776,3904,19.87704918032787
29203,2020,706,3906,18.074756784434204
29203,2024,625,4018,15.5550024888004
29205,2000,1262,3257,38.74731347866135
29205,2004,1201,3502,34.294688749286124
29205,2008,1114,3316,33.59469240048251
29205,2012,966,3232,29.888613861386137
29205,2016,606,3255,18.617511520737327
29205,2020,592,3350,17.671641791044777
29205,2024,550,3262,16.860821581851624
29207,2000,4476,12454,35.94026015737916
29207,2004,3946,13252,29.77663748868095
29207,2008,3899,13262,29.399788870456945
29207,2012,3153,12866,24.50645111145655
29207,2016,1876,13291,14.114814536152284
29207,2020,1819,13426,13.548339043646656
29207,2024,1736,13599,12.765644532686228
29209,2000,4055,12151,33.37173895152662
29209,2004,4578,15189,30.140233063401144
29209,2008,5029,16387,30.6889607615793
29209,2012,3923,15984,24.543293293293296
29209,2016,2887,16567,17.426208728194602
29209,2020,3506,18483,18.96878212411405
29209,2024,3620,19123,18.93008419181091
29211,2000,1127,3064,36.781984334203656
29211,2004,1178,3089,38.13531887342182
29211,2008,1173,2869,40.88532589752527
29211,2012,908,2595,34.99036608863199
29211,2016,526,2486,21.158487530168944
29211,2020,478,2471,19.34439498178875
29211,2024,408,2463,16.56516443361754
29213,2000,5092,15112,33.69507676019058
29213,2004,5601,19280,29.050829875518673
29213,2008,6683,21664,30.84841211225997
29213,2012,5479,21659,25.296643427674407
29213,2016,4373,23515,18.59664044227089
29213,2020,5339,26288,20.309646987218503
29213,2024,5329,26824,19.86653742916791
29215,2000,3486,9932,35.098670962545306
29215,2004,3664,11018,33.25467416954075
29215,2008,3410,10851,31.42567505299051
29215,2012,2871,10764,26.672240802675585
29215,2016,1728,10956,15.772179627601316
29215,2020,1716,11315,15.16570923552806
29215,2024,1589,11525,13.787418655097614
29217,2000,3156,8408,37.53568030447193
29217,2004,3206,8992,35.653914590747334
29217,2008,3381,8878,38.082901554404145
29217,2012,2580,8521,30.278136368970777
29217,2016,1707,8599,19.851145482032795
29217,2020,1903,9185,20.718562874251496
29217,2024,1774,8973,19.77042237824585
29219,2000,4524,10740,42.12290502793296
29219,2004,5461,13432,40.656640857653365
29219,2008,6705,15576,43.04699537750385
29219,2012,5219,14676,35.56146088852548
29219,2016,3915,15784,24.803598580841356
29219,2020,4769,18375,25.95374149659864
29219,2024,4970,20095,24.7325205274944
29221,2000,4047,8265,48.96551724137931
29221,2004,4459,9178,48.583569405099155
29221,2008,4711,9614,49.0014562096942
29221,2012,3417,8695,39.298447383553764
29221,2016,1926,9282,20.74983839689722
29221,2020,1804,9976,18.083400160384926
29221,2024,1747,10237,17.065546546839894
29223,2000,2387,5848,40.817373461012316
29223,2004,2250,6204,36.2669245647969
29223,2008,2243,6154,36.4478388040299
29223,2012,1813,5720,31.695804195804193
29223,2016,948,5655,16.76392572944297
29223,2020,845,5878,14.375637972099353
29223,2024,783,5847,13.391482811698307
29225,2000,4174,11880,35.13468013468014
29225,2004,4657,14944,31.16300856531049
29225,2008,5685,16356,34.757887013939836
29225,2012,4409,15429,28.576058072460953
29225,2016,3177,16743,18.97509406916323
29225,2020,3573,18779,19.026572234943288
29225,2024,3653,19814,18.436459069344906
29227,2000,469,1158,40.500863557858374
29227,2004,436,1132,38.515901060070675
29227,2008,427,1174,36.37137989778535
29227,2012,341,1048,32.538167938931295
29227,2016,195,1046,18.64244741873805
29227,2020,215,1107,19.421860885275517
29227,2024,190,1105,17.194570135746606
29229,2000,2250,7841,28.69531947455682
29229,2004,2188,8346,26.21615144979631
29229,2008,2557,8514,30.0328870096312
29229,2012,1953,7955,24.550597108736643
29229,2016,1170,8119,14.410641704643428
29229,2020,1168,8739,13.36537361254148
29229,2024,1057,8980,11.770601336302896
2938000,2000,0,0,NA
2938000,2004,104625,141423,73.98018709827963
2938000,2008,120102,153219,78.38583987625556
2938000,2012,105670,136802,77.2430227628251
2938000,2016,97735,128601,75.99863142588316
2938000,2020,107660,136645,78.78810055252661
29510,2000,96557,124752,77.39915993330769
29510,2004,116133,144638,80.2921777126343
29510,2008,132925,158858,83.6753578667741
29510,2012,118780,143607,82.71184552285055
29510,2016,104235,131191,79.4528588089122
29510,2020,110089,133867,82.23759402989535
29510,2024,94458,116271,81.23951802255075
30001,2000,799,4196,19.041944709246902
30001,2004,1103,4242,26.001885902876005
30001,2008,1617,4763,33.94919168591224
30001,2012,1371,4812,28.491271820448876
30001,2016,1143,4849,23.571870488760567
30001,2020,1608,5661,28.404875463698993
30001,2024,1543,5794,26.630997583707284
30003,2000,2345,4161,56.356645037250665
30003,2004,2215,4311,51.380190211087914
30003,2008,3516,5219,67.36922782142173
30003,2012,2882,4626,62.30004323389537
30003,2016,2094,4237,49.421760679726226
30003,2020,2491,4784,52.06939799331104
30003,2024,2112,4470,47.24832214765101
30005,2000,1246,2759,45.16129032258064
30005,2004,1300,2768,46.96531791907515
30005,2008,1702,3014,56.46980756469807
30005,2012,1616,2859,56.5232598810773
30005,2016,1202,2684,44.783904619970194
30005,2020,1589,3117,50.978504972730185
30005,2024,1348,3019,44.650546538588934
30007,2000,462,2074,22.27579556412729
30007,2004,533,2353,22.65193370165746
30007,2008,854,2775,30.774774774774777
30007,2012,764,3011,25.37363002324809
30007,2016,573,3133,18.28917969996808
30007,2020,835,4097,20.380766414449596
30007,2024,885,4810,18.3991683991684
30009,2000,1434,4789,29.943620797661307
30009,2004,1847,5321,34.711520390903964
30009,2008,2443,5750,42.48695652173913
30009,2012,2146,5846,36.708860759493675
30009,2016,1828,5991,30.512435319646137
30009,2020,2421,7052,34.330686330119114
30009,2024,2353,7297,32.2461285459778
30011,2000,53,645,8.217054263565892
30011,2004,76,709,10.719322990126939
30011,2008,111,866,12.817551963048498
30011,2012,96,794,12.090680100755668
30011,2016,70,786,8.9058524173028
30011,2020,74,864,8.564814814814815
30011,2024,75,854,8.782201405152225
30013,2000,13137,33317,39.43032085722004
30013,2004,13701,33459,40.94862368869362
30013,2008,17664,35396,49.90394394846875
30013,2012,15232,34564,44.06897349843768
30013,2016,12175,34571,35.21737872783547
30013,2020,15456,39885,38.7514103046258
30013,2024,14021,37583,37.306761035574596
30015,2000,686,2885,23.778162911611787
30015,2004,946,2921,32.386169120164325
30015,2008,1122,2866,39.148639218422886
30015,2012,978,2821,34.66855724920241
30015,2016,732,2603,28.121398386477143
30015,2020,991,2965,33.42327150084317
30015,2024,940,2934,32.03817314246762
30017,2000,1501,4905,30.601427115188585
30017,2004,1630,5048,32.29001584786054
30017,2008,2267,5482,41.353520612915
30017,2012,1833,5365,34.165890027958994
30017,2016,1176,5185,22.680810028929603
30017,2020,1514,5860,25.83617747440273
30017,2024,1385,5797,23.891668104191822
30019,2000,303,1110,27.297297297297295
30019,2004,326,1119,29.1331546023235
30019,2008,343,1073,31.966449207828518
30019,2012,237,1007,23.53525322740814
30019,2016,168,962,17.463617463617464
30019,2020,195,1014,19.230769230769234
30019,2024,154,951,16.19348054679285
30021,2000,1364,4271,31.936314680402717
30021,2004,1494,4484,33.31846565566459
30021,2008,1593,4450,35.79775280898876
30021,2012,1219,4423,27.5604793126837
30021,2016,787,4374,17.99268404206676
30021,2020,962,4825,19.93782383419689
30021,2024,894,4638,19.27554980595084
30023,2000,2672,4534,58.932509925011026
30023,2004,2700,4543,59.432093330398416
30023,2008,3402,5074,67.04769412692157
30023,2012,2860,4460,64.12556053811659
30023,2016,2058,4206,48.93009985734665
30023,2020,2562,4891,52.38192598650583
30023,2024,2376,4870,48.78850102669405
30025,2000,256,1369,18.699780861943026
30025,2004,289,1491,19.38296445338699
30025,2008,318,1539,20.66276803118908
30025,2012,237,1405,16.86832740213523
30025,2016,154,1484,10.377358490566039
30025,2020,172,1575,10.920634920634921
30025,2024,163,1507,10.816191108161911
30027,2000,1352,5994,22.555889222555887
30027,2004,1582,6127,25.82014036233067
30027,2008,1933,6232,31.017329910141207
30027,2012,1640,6071,27.013671553286112
30027,2016,1202,5840,20.58219178082192
30027,2020,1496,6507,22.990625480252035
30027,2024,1522,6712,22.67580452920143
30029,2000,8329,33839,24.613611513342594
30029,2004,11587,38678,29.95759863488288
30029,2008,16138,43744,36.89191660570593
30029,2012,13892,43476,31.953261569601622
30029,2016,13293,46571,28.54351420411844
30029,2020,20274,59936,33.82608115323011
30029,2024,20062,63140,31.773835920177383
30031,2000,10009,32040,31.239076154806494
30031,2004,16405,39841,41.1761752968048
30031,2008,24205,48169,50.250160891859906
30031,2012,21961,47882,45.864834384528635
30031,2016,24246,53819,45.05100429216448
30031,2020,37044,70979,52.190084391157946
30031,2024,34938,69897,49.98497789604704
30033,2000,61,744,8.198924731182796
30033,2004,52,655,7.938931297709924
30033,2008,110,727,15.130674002751032
30033,2012,66,700,9.428571428571429
30033,2016,34,718,4.735376044568245
30033,2020,41,813,5.043050430504305
30033,2024,39,800,4.875
30035,2000,2211,4124,53.612997090203685
30035,2004,2641,4562,57.89127575624726
30035,2008,3423,4971,68.85938442969221
30035,2012,2924,4452,65.67834681042228
30035,2016,3121,5075,61.497536945812804
30035,2020,3610,5617,64.26918283781377
30035,2024,2933,5078,57.758960220559274
30037,2000,88,531,16.57250470809793
30037,2004,119,522,22.796934865900383
30037,2008,124,492,25.203252032520325
30037,2012,110,479,22.964509394572026
30037,2016,71,474,14.978902953586498
30037,2020,78,503,15.50695825049702
30037,2024,67,515,13.009708737864079
30039,2000,295,1590,18.553459119496853
30039,2004,404,1605,25.171339563862926
30039,2008,601,1718,34.9825378346915
30039,2012,533,1705,31.26099706744868
30039,2016,472,1777,26.561620709060215
30039,2020,638,2102,30.352045670789725
30039,2024,579,2176,26.608455882352942
30041,2000,2760,6558,42.086001829826166
30041,2004,2997,6657,45.02027940513745
30041,2008,3596,6661,53.98588800480408
30041,2012,3403,6820,49.89736070381232
30041,2016,2371,6445,36.78820791311094
30041,2020,2981,7182,41.50654413812308
30041,2024,2634,6804,38.71252204585538
30043,2000,1513,5163,29.304667828781717
30043,2004,1881,5868,32.055214723926376
30043,2008,2582,6341,40.71912947484624
30043,2012,2272,6520,34.84662576687116
30043,2016,1998,6714,29.75871313672922
30043,2020,2625,8151,32.20463746779536
30043,2024,2516,8291,30.34615848510433
30045,2000,278,1394,19.94261119081779
30045,2004,322,1286,25.038880248833596
30045,2008,397,1236,32.11974110032362
30045,2012,337,1215,27.73662551440329
30045,2016,235,1208,19.453642384105958
30045,2020,275,1344,20.461309523809522
30045,2024,265,1353,19.58610495195861
30047,2000,3884,11448,33.92732354996506
30047,2004,4960,12576,39.44020356234097
30047,2008,6766,13919,48.60981392341404
30047,2012,5805,13304,43.63349368610944
30047,2016,4776,13181,36.23397314316061
30047,2020,6916,16626,41.597497894863466
30047,2024,6510,16910,38.49793021880544
30049,2000,9982,27269,36.605669441490335
30049,2004,12717,29842,42.61443602975672
30049,2008,17114,33433,51.188945054287686
30049,2012,15620,33318,46.88156552013926
30049,2016,14478,34478,41.991994895295555
30049,2020,19743,42265,46.712409795338935
30049,2024,19085,42023,45.41560573971397
30051,2000,243,1044,23.275862068965516
30051,2004,281,1033,27.202323330106488
30051,2008,367,1001,36.663336663336665
30051,2012,257,988,26.01214574898785
30051,2016,206,961,21.436004162330903
30051,2020,249,1083,22.99168975069252
30051,2024,214,988,21.65991902834008
30053,2000,1629,7846,20.76217180729034
30053,2004,2320,8447,27.46537232153427
30053,2008,3025,9227,32.78422022325783
30053,2012,2552,8889,28.70964112948588
30053,2016,2041,9330,21.875669882100752
30053,2020,2835,11747,24.13382140120882
30053,2024,2615,11789,22.18169480023751
30055,2000,267,1142,23.380035026269702
30055,2004,320,1137,28.144239226033424
30055,2008,321,1106,29.023508137432184
30055,2012,223,993,22.457200402819737
30055,2016,154,1060,14.528301886792452
30055,2020,155,1128,13.741134751773048
30055,2024,129,1082,11.922365988909426
30057,2000,758,3656,20.733041575492344
30057,2004,983,3933,24.993643529112635
30057,2008,1607,4568,35.17950963222417
30057,2012,1289,4530,28.454746136865346
30057,2016,1180,4778,24.696525742988698
30057,2020,1771,6087,29.094792180055855
30057,2024,1689,6461,26.14146416963318
30059,2000,176,935,18.823529411764707
30059,2004,247,973,25.38540596094553
30059,2008,298,966,30.848861283643892
30059,2012,269,972,27.674897119341562
30059,2016,193,977,19.75435005117707
30059,2020,258,1110,23.243243243243246
30059,2024,256,1172,21.843003412969285
30061,2000,382,1639,23.306894447834043
30061,2004,542,1837,29.50462710941753
30061,2008,845,2021,41.81098466105888
30061,2012,700,2017,34.705007436787305
30061,2016,519,2012,25.795228628230614
30061,2020,686,2563,26.765509168942646
30061,2024,689,2833,24.32050829509354
30063,2000,17241,46576,37.016918584678805
30063,2004,26983,52452,51.44322428124761
30063,2008,36531,59104,61.807999458581484
30063,2012,32824,57192,57.39264232759827
30063,2016,31543,59203,53.27939462527237
30063,2020,43357,71495,60.643401636478075
30063,2024,42903,72773,58.954557322083744
30065,2000,512,2207,23.198912550974175
30065,2004,538,2247,23.94303515798843
30065,2008,636,2306,27.580225498699047
30065,2012,492,2407,20.44038221852929
30065,2016,332,2441,13.60098320360508
30065,2020,413,2881,14.335300242971192
30065,2024,396,3012,13.147410358565736
30067,2000,2154,7406,29.084526059951394
30067,2004,3199,8217,38.93148350979676
30067,2008,4173,9815,42.51655629139073
30067,2012,3783,8768,43.14552919708029
30067,2016,3595,9359,38.41222352815471
30067,2020,5280,11566,45.651046169808055
30067,2024,5224,11717,44.58479132883844
30069,2000,36,306,11.76470588235294
30069,2004,55,292,18.835616438356166
30069,2008,68,300,22.666666666666664
30069,2012,49,298,16.44295302013423
30069,2016,30,322,9.316770186335404
30069,2020,39,348,11.206896551724139
30069,2024,37,324,11.419753086419753
30071,2000,423,2228,18.985637342908436
30071,2004,456,2170,21.013824884792626
30071,2008,638,2224,28.68705035971223
30071,2012,471,2228,21.14003590664273
30071,2016,318,2171,14.647627821280516
30071,2020,416,2382,17.46431570109152
30071,2024,385,2189,17.587939698492463
30073,2000,792,2896,27.348066298342545
30073,2004,956,2860,33.42657342657343
30073,2008,1223,2885,42.39168110918544
30073,2012,975,2719,35.85877160720853
30073,2016,738,2723,27.102460521483657
30073,2020,903,2995,30.150250417362273
30073,2024,782,2852,27.419354838709676
30075,2000,115,1008,11.408730158730158
30075,2004,154,1029,14.965986394557824
30075,2008,208,1404,14.814814814814813
30075,2012,170,1027,16.55306718597858
30075,2016,127,1053,12.060778727445394
30075,2020,154,1136,13.556338028169016
30075,2024,131,1106,11.844484629294756
30077,2000,638,2832,22.52824858757062
30077,2004,761,2830,26.890459363957596
30077,2008,1021,2940,34.72789115646259
30077,2012,888,2776,31.988472622478387
30077,2016,551,2794,19.720830350751612
30077,2020,752,3179,23.655237496067947
30077,2024,710,3282,21.633150517976844
30079,2000,164,746,21.983914209115284
30079,2004,181,736,24.592391304347828
30079,2008,211,830,25.421686746987955
30079,2012,167,703,23.75533428165007
30079,2016,100,689,14.513788098693759
30079,2020,126,744,16.93548387096774
30079,2024,122,688,17.732558139534884
30081,2000,4451,17238,25.82086088873419
30081,2004,6144,19866,30.92721232256116
30081,2008,8400,22101,38.00732998506855
30081,2012,7285,22206,32.80644870755652
30081,2016,6223,22556,27.589111544600108
30081,2020,8763,28507,30.739818290244504
30081,2024,8485,29904,28.374130551096844
30083,2000,1018,4033,25.241755516984878
30083,2004,1120,4308,25.998142989786444
30083,2008,1203,4516,26.638618246235605
30083,2012,1002,4645,21.571582346609258
30083,2016,671,4871,13.775405460890989
30083,2020,875,5798,15.091410831321145
30083,2024,778,5309,14.654360519871915
30085,2000,2059,3813,53.999475478625754
30085,2004,2195,4028,54.493545183714
30085,2008,2564,4947,51.829391550434615
30085,2012,2086,3672,56.8082788671024
30085,2016,1560,3652,42.716319824753555
30085,2020,1910,4017,47.547921334329104
30085,2024,1680,3914,42.922841083290756
30087,2000,1394,3423,40.72451066316097
30087,2004,1520,3585,42.398884239888424
30087,2008,1919,3810,50.36745406824147
30087,2012,1422,3523,40.36332671019018
30087,2016,987,3453,28.58384013900956
30087,2020,1199,3773,31.778425655976676
30087,2024,1095,3693,29.65069049553209
30089,2000,1165,4721,24.676975217115018
30089,2004,1502,5153,29.148069085969336
30089,2008,1970,5868,33.571915473755965
30089,2012,1720,5901,29.147602101338755
30089,2016,1218,5953,20.460272131698304
30089,2020,1820,7622,23.878247179218054
30089,2024,1705,8069,21.130251580121453
30091,2000,702,1965,35.725190839694655
30091,2004,846,2038,41.51128557409225
30091,2008,953,2006,47.5074775672981
30091,2012,665,1928,34.49170124481328
30091,2016,477,1835,25.99455040871935
30091,2020,574,2030,28.27586206896552
30091,2024,509,1912,26.62133891213389
30093,2000,8967,16703,53.68496677243609
30093,2004,9307,16084,57.86495896543149
30093,2008,11676,16969,68.80782603571218
30093,2012,10857,16756,64.79470040582478
30093,2016,8619,16452,52.38876732312181
30093,2020,10392,18658,55.69728802658377
30093,2024,9386,18226,51.497860199714694
30095,2000,925,3918,23.608984175599794
30095,2004,1025,4213,24.329456444338952
30095,2008,1512,4667,32.39768587958003
30095,2012,1248,4702,26.54189706507869
30095,2016,908,4873,18.633285450441207
30095,2020,1156,5724,20.195667365478688
30095,2024,1056,5906,17.880121909922114
30097,2000,305,1846,16.522210184182015
30097,2004,445,1983,22.440746343923347
30097,2008,541,2299,23.531970421922573
30097,2012,475,2117,22.437411431270665
30097,2016,402,2107,19.079259610821072
30097,2020,549,2446,22.444807849550287
30097,2024,525,2381,22.049559008819823
30099,2000,847,3314,25.55823777911889
30099,2004,1047,3359,31.169991068770468
30099,2008,1294,3272,39.54767726161369
30099,2012,1082,3281,32.97775068576653
30099,2016,808,3188,25.345043914680048
30099,2020,1007,3679,27.37156836096765
30099,2024,927,3568,25.980941704035875
30101,2000,630,2378,26.492851135407907
30101,2004,690,2311,29.857204673301602
30101,2008,737,2121,34.74776049033475
30101,2012,582,2102,27.68791627021884
30101,2016,402,2037,19.734904270986746
30101,2020,467,2119,22.0386974988202
30101,2024,415,2046,20.283479960899314
30103,2000,106,479,22.129436325678498
30103,2004,121,482,25.103734439834025
30103,2008,156,486,32.098765432098766
30103,2012,114,455,25.054945054945055
30103,2016,59,443,13.31828442437923
30103,2020,78,460,16.956521739130434
30103,2024,57,442,12.895927601809957
30105,2000,1273,3963,32.122129699722436
30105,2004,1431,4018,35.61473369835739
30105,2008,1645,4426,37.16674197921373
30105,2012,1385,3859,35.89012697590049
30105,2016,886,3894,22.752953261427837
30105,2020,1030,4261,24.172729406242667
30105,2024,935,4079,22.922284873743564
30107,2000,243,999,24.324324324324326
30107,2004,250,979,25.536261491317667
30107,2008,289,983,29.399796541200406
30107,2012,272,992,27.419354838709676
30107,2016,179,946,18.921775898520085
30107,2020,225,1068,21.06741573033708
30107,2024,209,1086,19.244935543278086
30109,2000,121,518,23.35907335907336
30109,2004,144,560,25.71428571428571
30109,2008,146,563,25.932504440497333
30109,2012,98,544,18.014705882352942
30109,2016,55,541,10.166358595194085
30109,2020,77,598,12.876254180602006
30109,2024,71,546,13.003663003663005
30111,2000,20370,57499,35.426703073096924
30111,2004,24120,66286,36.38777419062849
30111,2008,32038,70431,45.48849228322756
30111,2012,26403,68807,38.37254930457657
30111,2016,22171,69108,32.08166927128552
30111,2020,30679,83821,36.60061321148638
30111,2024,28392,81391,34.8834637736359
31001,2000,3686,12438,29.63498954815887
31001,2004,3791,13286,28.53379497215114
31001,2008,4685,13210,35.46555639666919
31001,2012,4062,12670,32.05998421468035
31001,2016,3302,13513,24.43572855768519
31001,2020,4213,14602,28.852212025749896
31001,2024,4100,14364,28.54358117516012
31003,2000,678,3368,20.13064133016627
31003,2004,613,3424,17.90303738317757
31003,2008,757,3185,23.767660910518053
31003,2012,571,3232,17.667079207920793
31003,2016,383,3281,11.673270344407193
31003,2020,452,3583,12.615126988557074
31003,2024,396,3447,11.488250652741515
31005,2000,26,272,9.558823529411764
31005,2004,24,266,9.022556390977442
31005,2008,39,263,14.82889733840304
31005,2012,30,262,11.450381679389313
31005,2016,17,273,6.227106227106227
31005,2020,21,284,7.394366197183098
31005,2024,17,282,6.028368794326241
31007,2000,65,462,14.06926406926407
31007,2004,56,437,12.814645308924485
31007,2008,62,416,14.903846153846153
31007,2012,55,411,13.381995133819952
31007,2016,19,402,4.72636815920398
31007,2020,43,410,10.487804878048781
31007,2024,34,386,8.808290155440414
31009,2000,43,349,12.320916905444127
31009,2004,38,339,11.209439528023598
31009,2008,43,316,13.60759493670886
31009,2012,29,303,9.570957095709572
31009,2016,30,317,9.46372239747634
31009,2020,35,317,11.041009463722396
31009,2024,37,291,12.714776632302405
31011,2000,575,2862,20.090845562543674
31011,2004,546,2895,18.860103626943005
31011,2008,742,2836,26.16361071932299
31011,2012,615,2806,21.917320028510336
31011,2016,414,2905,14.251290877796901
31011,2020,499,3217,15.511345974510412
31011,2024,496,3031,16.364236225668098
31013,2000,1614,5089,31.715464727844374
31013,2004,1657,5152,32.162267080745345
31013,2008,1886,4979,37.87909218718618
31013,2012,1692,4705,35.96174282678002
31013,2016,965,4924,19.597887896019497
31013,2020,1051,5181,20.285659139162323
31013,2024,1043,4931,21.151896167106063
31015,2000,265,1242,21.336553945249598
31015,2004,228,1148,19.860627177700348
31015,2008,250,1110,22.52252252252252
31015,2012,188,1071,17.553688141923434
31015,2016,128,1156,11.072664359861593
31015,2020,135,1153,11.70858629661752
31015,2024,132,1075,12.279069767441861
31017,2000,250,1684,14.84560570071259
31017,2004,268,1733,15.464512406231968
31017,2008,311,1567,19.8468410976388
31017,2012,224,1555,14.405144694533762
31017,2016,153,1597,9.580463368816531
31017,2020,191,1679,11.375818939845146
31017,2024,201,1642,12.241169305724727
31019,2000,3927,16461,23.85638782577
31019,2004,4100,18608,22.0335339638865
31019,2008,5867,19293,30.4099932618048
31019,2012,5365,19453,27.5792936822084
31019,2016,4763,21129,22.542477164087273
31019,2020,6350,23589,26.919326804866678
31019,2024,6386,23759,26.878235615977104
31021,2000,1223,3392,36.05542452830189
31021,2004,1272,3668,34.6782988004362
31021,2008,1413,3387,41.71833480956599
31021,2012,1291,3375,38.25185185185185
31021,2016,930,3558,26.138279932546375
31021,2020,1063,3731,28.491021173948006
31021,2024,983,3656,26.887308533916848
31023,2000,1028,3828,26.854754440961337
31023,2004,1068,4168,25.62380038387716
31023,2008,1190,3839,30.99765563948945
31023,2012,1045,3859,27.079554288675823
31023,2016,691,3981,17.357447877417734
31023,2020,873,4498,19.4086260560249
31023,2024,906,4587,19.7514715500327
31025,2000,3656,10280,35.56420233463035
31025,2004,3619,11529,31.390406800242864
31025,2008,4753,12122,39.209701369410986
31025,2012,4367,12180,35.85385878489327
31025,2016,3484,12933,26.938838629861593
31025,2020,4737,15284,30.99319549856059
31025,2024,4824,15755,30.618851158362425
31027,2000,1062,4269,24.877020379479973
31027,2004,1083,4536,23.875661375661377
31027,2008,1190,4174,28.509822712026832
31027,2012,958,4334,22.104291647438856
31027,2016,571,4420,12.918552036199097
31027,2020,725,4996,14.511609287429945
31027,2024,702,4912,14.291530944625407
31029,2000,306,1875,16.32
31029,2004,302,1973,15.306639635073493
31029,2008,341,1844,18.492407809110627
31029,2012,254,1867,13.604713444027853
31029,2016,171,1898,9.009483667017912
31029,2020,226,1993,11.339688911189162
31029,2024,204,1866,10.932475884244374
31031,2000,446,2847,15.665612925886899
31031,2004,483,3042,15.877712031558186
31031,2008,599,3059,19.581562602157568
31031,2012,436,3064,14.229765013054829
31031,2016,317,3118,10.166773572803079
31031,2020,373,3265,11.424196018376723
31031,2024,349,3069,11.371782339524275
31033,2000,844,4186,20.16244624940277
31033,2004,893,4746,18.815844922039613
31033,2008,1173,4839,24.240545567265965
31033,2012,1084,4649,23.316842331684235
31033,2016,711,4711,15.092337083421778
31033,2020,855,4765,17.94333683105981
31033,2024,787,4530,17.373068432671083
31035,2000,774,3215,24.0746500777605
31035,2004,743,3337,22.26550794126461
31035,2008,780,3033,25.71711177052423
31035,2012,667,2947,22.633186291143538
31035,2016,477,3065,15.562805872756933
31035,2020,632,3558,17.762788083192802
31035,2024,577,3310,17.43202416918429
31037,2000,863,3315,26.033182503770742
31037,2004,990,3633,27.250206440957886
31037,2008,1125,3203,35.123321885732125
31037,2012,969,3069,31.573802541544477
31037,2016,859,3214,26.72682016179216
31037,2020,1025,3717,27.57600215227334
31037,2024,845,3516,24.032992036405005
31039,2000,857,4215,20.33214709371293
31039,2004,966,4349,22.212002759255
31039,2008,1274,4087,31.172008808416933
31039,2012,1031,3976,25.930583501006037
31039,2016,719,4074,17.648502700049093
31039,2020,870,4451,19.5461694001348
31039,2024,867,4445,19.50506186726659
31041,2000,976,5414,18.027336534909495
31041,2004,1040,5612,18.531717747683533
31041,2008,1192,5578,21.369666547149517
31041,2012,1083,5498,19.698072026191344
31041,2016,641,5652,11.341118188251945
31041,2020,786,5993,13.115301184715502
31041,2024,786,5886,13.353720693170235
31043,2000,2695,6061,44.46460980036298
31043,2004,3027,6615,45.75963718820862
31043,2008,2994,6396,46.810506566604126
31043,2012,2922,6136,47.62059973924381
31043,2016,2314,6279,36.85300207039337
31043,2020,2744,6794,40.38857815719753
31043,2024,2109,6120,34.46078431372549
31045,2000,823,3621,22.72852803093068
31045,2004,1119,3994,28.01702553830746
31045,2008,1285,3775,34.03973509933775
31045,2012,1132,3728,30.364806866952787
31045,2016,801,3676,21.78998911860718
31045,2020,1082,4121,26.255763164280516
31045,2024,992,3868,25.64632885211996
31047,2000,1740,7507,23.178366857599574
31047,2004,1728,7956,21.71945701357466
31047,2008,2399,7986,30.040070122714752
31047,2012,2199,7859,27.980659116935996
31047,2016,2136,8635,24.736537348002315
31047,2020,2497,9178,27.20636304205709
31047,2024,2101,8491,24.743846425627133
31049,2000,213,1033,20.619554695062924
31049,2004,222,1053,21.082621082621085
31049,2008,243,993,24.47129909365559
31049,2012,215,1017,21.140609636184855
31049,2016,120,984,12.195121951219512
31049,2020,141,1032,13.662790697674417
31049,2024,151,1012,14.920948616600791
31051,2000,820,2792,29.369627507163326
31051,2004,938,3009,31.173147224991695
31051,2008,946,2794,33.85826771653544
31051,2012,870,2686,32.39017125837677
31051,2016,556,2782,19.98562185478073
31051,2020,651,3083,21.115796302302954
31051,2024,573,2895,19.792746113989637
31053,2000,5021,14472,34.69458264234383
31053,2004,5250,16172,32.463517190205295
31053,2008,6689,15550,43.01607717041801
31053,2012,5673,14950,37.94648829431438
31053,2016,4544,15529,29.261381930581493
31053,2020,5544,16876,32.8513865844987
31053,2024,5434,16443,33.04749741531351
31055,2000,73347,183156,40.046190133001375
31055,2004,83330,207071,40.24223575488601
31055,2008,116810,226701,51.52601885302668
31055,2012,106456,223927,47.54049310712866
31055,2016,113798,240433,47.330441328769346
31055,2020,150350,274951,54.68247069477834
31055,2024,148733,273403,54.40064666444771
31057,2000,179,1011,17.705242334322453
31057,2004,186,1053,17.663817663817664
31057,2008,218,1019,21.39352306182532
31057,2012,176,985,17.868020304568528
31057,2016,89,953,9.338929695697797
31057,2020,105,999,10.51051051051051
31057,2024,96,929,10.333692142088267
31059,2000,848,2998,28.285523682454972
31059,2004,828,3193,25.931725649859068
31059,2008,962,2947,32.643366135052595
31059,2012,807,2879,28.030566168808612
31059,2016,613,2941,20.843250595035702
31059,2020,693,3134,22.112316528398214
31059,2024,662,3013,21.971457019581813
31061,2000,420,1668,25.179856115107913
31061,2004,412,1714,24.037339556592766
31061,2008,442,1552,28.47938144329897
31061,2012,384,1536,25
31061,2016,250,1673,14.943215780035866
31061,2020,276,1724,16.009280742459396
31061,2024,236,1600,14.75
31063,2000,244,1393,17.516152189519023
31063,2004,275,1467,18.74573960463531
31063,2008,349,1404,24.857549857549856
31063,2012,271,1305,20.766283524904214
31063,2016,161,1328,12.123493975903614
31063,2020,189,1440,13.125
31063,2024,185,1410,13.120567375886525
31065,2000,534,2431,21.966269025092554
31065,2004,492,2467,19.943250912038913
31065,2008,556,2328,23.883161512027492
31065,2012,423,2240,18.88392857142857
31065,2016,304,2340,12.991452991452993
31065,2020,399,2601,15.340253748558247
31065,2024,358,2413,14.83630335681724
31067,2000,3516,9506,36.987166000420785
31067,2004,3655,10384,35.19838212634823
31067,2008,4473,10160,44.025590551181104
31067,2012,3903,9661,40.3995445606045
31067,2016,2935,10048,29.209792993630572
31067,2020,3385,11068,30.583664618720636
31067,2024,3242,10916,29.699523635031145
31069,2000,203,1219,16.652994257588187
31069,2004,201,1183,16.990701606086223
31069,2008,283,1138,24.868189806678384
31069,2012,242,1091,22.181484876260313
31069,2016,153,1075,14.232558139534884
31069,2020,161,1195,13.472803347280335
31069,2024,162,1117,14.50313339301701
31071,2000,202,963,20.976116303219104
31071,2004,196,1017,19.27236971484759
31071,2008,212,1030,20.58252427184466
31071,2012,149,940,15.851063829787234
31071,2016,121,980,12.346938775510203
31071,2020,133,1075,12.372093023255815
31071,2024,116,1015,11.428571428571429
31073,2000,228,1014,22.485207100591715
31073,2004,222,1119,19.839142091152816
31073,2008,260,1048,24.80916030534351
31073,2012,230,978,23.517382413087933
31073,2016,166,1010,16.435643564356436
31073,2020,215,1118,19.230769230769234
31073,2024,203,1118,18.157423971377458
31075,2000,49,385,12.727272727272727
31075,2004,41,396,10.353535353535353
31075,2008,41,367,11.1716621253406
31075,2012,30,363,8.264462809917356
31075,2016,20,405,4.938271604938271
31075,2020,20,402,4.975124378109453
31075,2024,15,366,4.098360655737705
31077,2000,416,1310,31.755725190839694
31077,2004,361,1248,28.926282051282055
31077,2008,458,1199,38.19849874895746
31077,2012,340,1185,28.691983122362867
31077,2016,210,1175,17.872340425531917
31077,2020,229,1258,18.20349761526232
31077,2024,192,1235,15.546558704453442
31079,2000,5952,18546,32.093173730184404
31079,2004,6228,21154,29.441240427342347
31079,2008,7855,21271,36.92821211978751
31079,2012,7161,20229,35.39967373572594
31079,2016,6282,22060,28.476881233000906
31079,2020,7681,24374,31.513087716419136
31079,2024,6956,22804,30.50342045255218
31081,2000,1066,4491,23.736361612113114
31081,2004,1012,4866,20.797369502671597
31081,2008,1332,4799,27.75578245467806
31081,2012,1146,4871,23.526996509956888
31081,2016,878,5004,17.54596322941647
31081,2020,1118,5533,20.206036508223388
31081,2024,1067,5547,19.235622859203172
31083,2000,438,1852,23.65010799136069
31083,2004,398,1897,20.980495519240907
31083,2008,402,1766,22.76330690826727
31083,2012,354,1778,19.910011248593925
31083,2016,254,1832,13.864628820960698
31083,2020,282,1928,14.626556016597512
31083,2024,280,1802,15.538290788013317
31085,2000,66,571,11.558669001751314
31085,2004,66,598,11.036789297658862
31085,2008,85,553,15.370705244122965
31085,2012,51,539,9.461966604823747
31085,2016,30,514,5.836575875486381
31085,2020,34,534,6.367041198501873
31085,2024,19,494,3.8461538461538463
31087,2000,312,1480,21.08108108108108
31087,2004,296,1486,19.919246298788696
31087,2008,346,1379,25.090645395213922
31087,2012,274,1495,18.327759197324415
31087,2016,161,1468,10.967302452316076
31087,2020,175,1469,11.91286589516678
31087,2024,152,1433,10.60711793440335
31089,2000,846,4959,17.05989110707804
31089,2004,894,5174,17.27870119829919
31089,2008,1089,4974,21.89384800965018
31089,2012,882,4939,17.8578659647702
31089,2016,531,5118,10.37514654161782
31089,2020,686,5537,12.389380530973451
31089,2024,681,5442,12.513781697905182
31091,2000,74,409,18.09290953545232
31091,2004,64,461,13.882863340563992
31091,2008,75,438,17.123287671232877
31091,2012,59,395,14.936708860759493
31091,2016,40,417,9.59232613908873
31091,2020,59,442,13.34841628959276
31091,2024,55,427,12.88056206088993
31093,2000,955,2827,33.78139370357269
31093,2004,900,2979,30.211480362537763
31093,2008,1083,2996,36.148197596795725
31093,2012,914,2870,31.84668989547038
31093,2016,544,2994,18.169672678690716
31093,2020,648,3501,18.50899742930591
31093,2024,642,3550,18.08450704225352
31095,2000,1361,3847,35.37821679230569
31095,2004,1352,4011,33.70730491149339
31095,2008,1520,3697,41.11441709494185
31095,2012,1195,3446,34.67788740568775
31095,2016,837,3494,23.955352032054954
31095,2020,1016,3716,27.341227125941874
31095,2024,968,3631,26.659322500688514
31097,2000,794,2112,37.59469696969697
31097,2004,885,2394,36.96741854636591
31097,2008,914,2110,43.317535545023695
31097,2012,790,2063,38.29374697043141
31097,2016,563,2089,26.950694112015317
31097,2020,647,2229,29.02646926873037
31097,2024,625,2152,29.042750929368026
31099,2000,680,3122,21.780909673286356
31099,2004,707,3379,20.92335010358094
31099,2008,876,3150,27.80952380952381
31099,2012,773,3180,24.30817610062893
31099,2016,550,3296,16.686893203883496
31099,2020,701,3604,19.450610432852386
31099,2024,736,3604,20.42175360710322
31101,2000,778,3849,20.213042348661993
31101,2004,743,4137,17.95987430505197
31101,2008,974,3968,24.546370967741936
31101,2012,928,4058,22.86840808279941
31101,2016,571,4034,14.154685176003968
31101,2020,763,4364,17.4839596700275
31101,2024,731,4199,17.408906882591094
31103,2000,78,513,15.204678362573098
31103,2004,98,549,17.850637522768668
31103,2008,115,533,21.575984990619137
31103,2012,80,484,16.528925619834713
31103,2016,40,519,7.7071290944123305
31103,2020,49,529,9.262759924385634
31103,2024,44,544,8.088235294117647
31105,2000,379,1820,20.824175824175825
31105,2004,366,1877,19.49920085242408
31105,2008,439,1811,24.240750966316952
31105,2012,395,1687,23.414344991108475
31105,2016,230,1677,13.714967203339295
31105,2020,268,1874,14.300960512273212
31105,2024,272,1720,15.813953488372093
31107,2000,1037,3978,26.06837606837607
31107,2004,1086,4213,25.77735580346546
31107,2008,1255,4084,30.729676787463273
31107,2012,1059,4036,26.238850346878095
31107,2016,720,4115,17.496962332928312
31107,2020,905,4697,19.267617628273364
31107,2024,786,4436,17.718665464382326
31109,2000,44650,107132,41.67755665907479
31109,2004,52747,124509,42.364005814840695
31109,2008,65734,127490,51.56012236253824
31109,2012,62015,127355,48.6945938518315
31109,2016,61898,136223,45.438729142655795
31109,2020,82293,156091,52.72116906163712
31109,2024,81012,157633,51.39279211840161
31111,2000,5205,15114,34.43826915442636
31111,2004,4905,16199,30.279646891783447
31111,2008,5046,16277,31.000798672974135
31111,2012,4450,15655,28.425423187480035
31111,2016,2913,16131,18.058396875581177
31111,2020,3692,17107,21.581808616355875
31111,2024,3586,16464,21.780855199222547
31113,2000,60,412,14.563106796116504
31113,2004,67,429,15.61771561771562
31113,2008,81,416,19.471153846153847
31113,2012,68,431,15.777262180974477
31113,2016,32,453,7.06401766004415
31113,2020,38,450,8.444444444444445
31113,2024,25,440,5.681818181818182
31115,2000,84,378,22.22222222222222
31115,2004,68,386,17.616580310880828
31115,2008,86,393,21.882951653944023
31115,2012,62,358,17.318435754189945
31115,2016,48,385,12.467532467532468
31115,2020,75,454,16.519823788546255
31115,2024,73,428,17.056074766355138
31117,2000,48,301,15.946843853820598
31117,2004,49,312,15.705128205128204
31117,2008,45,293,15.358361774744028
31117,2012,41,291,14.0893470790378
31117,2016,14,287,4.878048780487805
31117,2020,17,302,5.629139072847682
31117,2024,12,283,4.240282685512367
31119,2000,2772,12853,21.566949350346224
31119,2004,2934,14089,20.824756902548085
31119,2008,4142,14045,29.490922036311858
31119,2012,3485,13885,25.099027727763772
31119,2016,2711,14343,18.901206163285224
31119,2020,3478,15765,22.06152870282271
31119,2024,3360,15690,21.414913957934992
31121,2000,848,3340,25.389221556886227
31121,2004,833,3657,22.77823352474706
31121,2008,986,3431,28.737977266103176
31121,2012,925,3489,26.511894525652046
31121,2016,602,3788,15.892291446673706
31121,2020,743,4257,17.453605825698848
31121,2024,730,4342,16.812528788576692
31123,2000,460,2138,21.515434985968195
31123,2004,495,2293,21.58744003488879
31123,2008,557,2351,23.69204593789877
31123,2012,455,2190,20.776255707762555
31123,2016,284,2209,12.856496152105024
31123,2020,386,2557,15.09581540868205
31123,2024,366,2426,15.08656224237428
31125,2000,497,1665,29.849849849849853
31125,2004,459,1731,26.51646447140381
31125,2008,549,1707,32.161687170474515
31125,2012,481,1621,29.673041332510795
31125,2016,281,1621,17.334978408389883
31125,2020,359,1828,19.63894967177243
31125,2024,352,1837,19.16167664670659
31127,2000,1063,3369,31.552389433066192
31127,2004,1066,3715,28.694481830417228
31127,2008,1240,3474,35.6937248128958
31127,2012,1128,3214,35.09645301804605
31127,2016,785,3161,24.833913318570072
31127,2020,921,3423,26.906222611744084
31127,2024,915,3418,26.77004095962551
31129,2000,644,2443,26.36103151862464
31129,2004,541,2471,21.89397005261028
31129,2008,657,2221,29.581269698334083
31129,2012,568,2191,25.924235508900047
31129,2016,353,2205,16.009070294784582
31129,2020,409,2303,17.7594442032132
31129,2024,399,2258,17.67050487156776
31131,2000,2208,6662,33.14320024016812
31131,2004,2275,7386,30.80151638234498
31131,2008,2915,7092,41.10265087422448
31131,2012,2561,6982,36.68003437410484
31131,2016,2025,7457,27.155692637789997
31131,2020,2490,8315,29.94588093806374
31131,2024,2463,8198,30.04391314954867
31133,2000,522,1519,34.364713627386436
31133,2004,481,1483,32.43425488873905
31133,2008,483,1384,34.898843930635834
31133,2012,400,1341,29.828486204325134
31133,2016,279,1327,21.024868123587037
31133,2020,322,1429,22.533240027991603
31133,2024,284,1379,20.594633792603336
31135,2000,243,1452,16.735537190082646
31135,2004,262,1558,16.816431322207958
31135,2008,310,1420,21.830985915492956
31135,2012,238,1394,17.073170731707318
31135,2016,161,1455,11.065292096219931
31135,2020,199,1544,12.888601036269431
31135,2024,187,1426,13.113604488078542
31137,2000,934,4627,20.185865571644694
31137,2004,830,4743,17.49947290744255
31137,2008,1050,4473,23.474178403755868
31137,2012,880,4380,20.091324200913242
31137,2016,572,4695,12.183173588924387
31137,2020,752,5009,15.01297664204432
31137,2024,758,4965,15.26686807653575
31139,2000,570,3208,17.768079800498754
31139,2004,546,3398,16.068275456150676
31139,2008,783,3226,24.271543707377557
31139,2012,637,3431,18.566015738851647
31139,2016,382,3630,10.523415977961433
31139,2020,480,4006,11.982026959560658
31139,2024,446,3897,11.444701052091352
31141,2000,2612,12859,20.3126215102263
31141,2004,2657,13987,18.996210767140916
31141,2008,3796,13420,28.286140089418776
31141,2012,3148,13473,23.365249016551623
31141,2016,2646,14433,18.332986905009356
31141,2020,3260,15673,20.80010208639061
31141,2024,3191,15658,20.379358794226594
31143,2000,610,2613,23.34481438959051
31143,2004,549,2727,20.13201320132013
31143,2008,668,2543,26.268187180495477
31143,2012,528,2457,21.48962148962149
31143,2016,413,2582,15.995352439969016
31143,2020,530,2879,18.409169850642584
31143,2024,501,2819,17.772259666548422
31145,2000,1188,5025,23.64179104477612
31145,2004,1055,5258,20.0646633701027
31145,2008,1216,5044,24.107850911974623
31145,2012,952,4936,19.286871961102108
31145,2016,645,5170,12.475822050290136
31145,2020,811,5452,14.87527512839325
31145,2024,815,5323,15.310914897614127
31147,2000,1382,4150,33.30120481927711
31147,2004,1297,4278,30.31790556334736
31147,2008,1513,3968,38.13004032258064
31147,2012,1191,3739,31.85343674779353
31147,2016,818,3805,21.49802890932983
31147,2020,996,4126,24.139602520601066
31147,2024,934,3942,23.693556570268896
31149,2000,141,894,15.771812080536913
31149,2004,130,883,14.722536806342015
31149,2008,139,801,17.353308364544322
31149,2012,103,789,13.054499366286437
31149,2016,70,798,8.771929824561402
31149,2020,84,841,9.988109393579073
31149,2024,85,834,10.191846522781775
31151,2000,2321,5145,45.111758989310005
31151,2004,2420,5566,43.47826086956522
31151,2008,2674,5251,50.92363359360122
31151,2012,2289,4958,46.16780960064542
31151,2016,1733,5136,33.74221183800623
31151,2020,1986,5770,34.41941074523397
31151,2024,1855,5655,32.802829354553495
31153,2000,14637,45278,32.32695790450108
31153,2004,17455,58334,29.92251517125519
31153,2008,28010,68022,41.17785422363353
31153,2012,26671,71490,37.3073157084907
31153,2016,28033,80580,34.78902953586498
31153,2020,41206,95673,43.06962256854076
31153,2024,43825,100735,43.50523651163945
31155,2000,2852,8919,31.97667899988788
31155,2004,2884,9489,30.393086732005482
31155,2008,3767,10212,36.88797493145319
31155,2012,3307,10312,32.06943366951125
31155,2016,2523,10860,23.23204419889503
31155,2020,3331,12735,26.156262269336473
31155,2024,3558,13565,26.229266494655363
31157,2000,3937,13839,28.44858732567382
31157,2004,3843,14390,26.70604586518416
31157,2008,4745,14730,32.21317040054311
31157,2012,4327,14287,30.28627423531882
31157,2016,3207,14317,22.399944122372005
31157,2020,4196,15469,27.125218178292066
31157,2024,3856,15040,25.638297872340427
31159,2000,2250,7016,32.06955530216648
31159,2004,2114,7565,27.944481163251815
31159,2008,2703,7529,35.90118209589587
31159,2012,2386,7573,31.506668427307538
31159,2016,1875,7922,23.668265589497604
31159,2020,2438,9142,26.668125136731568
31159,2024,2388,9184,26.001742160278745
31161,2000,392,2576,15.217391304347828
31161,2004,430,2599,16.544824932666412
31161,2008,454,2462,18.44029244516653
31161,2012,390,2472,15.776699029126215
31161,2016,287,2608,11.004601226993865
31161,2020,340,2672,12.724550898203594
31161,2024,362,2484,14.573268921095009
31163,2000,564,1705,33.0791788856305
31163,2004,541,1643,32.927571515520384
31163,2008,585,1572,37.213740458015266
31163,2012,552,1530,36.07843137254902
31163,2016,340,1573,21.61474888747616
31163,2020,343,1698,20.200235571260304
31163,2024,328,1687,19.442797866034383
31165,2000,98,752,13.031914893617023
31165,2004,123,809,15.203955500618047
31165,2008,117,732,15.983606557377051
31165,2012,101,739,13.667117726657645
31165,2016,81,736,11.005434782608695
31165,2020,72,729,9.876543209876543
31165,2024,77,678,11.35693215339233
31167,2000,500,2486,20.11263073209976
31167,2004,559,2745,20.364298724954462
31167,2008,664,2495,26.613226452905813
31167,2012,614,2644,23.22239031770045
31167,2016,417,2801,14.887540164227062
31167,2020,532,3161,16.83011705156596
31167,2024,492,3064,16.057441253263708
31169,2000,821,3006,27.31204258150366
31169,2004,764,2878,26.546212647671997
31169,2008,860,2659,32.34298608499436
31169,2012,728,2659,27.37871380218127
31169,2016,499,2690,18.550185873605948
31169,2020,624,2980,20.93959731543624
31169,2024,544,2852,19.074333800841515
31171,2000,55,395,13.924050632911392
31171,2004,60,444,13.513513513513514
31171,2008,51,390,13.076923076923078
31171,2012,42,408,10.294117647058822
31171,2016,30,393,7.633587786259542
31171,2020,45,427,10.53864168618267
31171,2024,44,393,11.195928753180661
31173,2000,924,2082,44.38040345821326
31173,2004,1212,2387,50.775031420192704
31173,2008,1120,2126,52.681091251175914
31173,2012,1247,2215,56.2979683972912
31173,2016,919,2088,44.013409961685824
31173,2020,1122,2325,48.25806451612903
31173,2024,978,2123,46.066886481394256
31175,2000,583,2263,25.762262483429076
31175,2004,564,2391,23.588456712672524
31175,2008,706,2423,29.13743293437887
31175,2012,498,2195,22.687927107061505
31175,2016,339,2205,15.374149659863946
31175,2020,412,2340,17.60683760683761
31175,2024,403,2299,17.52936059156155
31177,2000,2550,8626,29.561789937398565
31177,2004,2754,9950,27.678391959798994
31177,2008,3711,10320,35.95930232558139
31177,2012,3132,10246,30.56802654694515
31177,2016,2623,10832,24.215288035450516
31177,2020,3554,12413,28.63127366470636
31177,2024,3538,12545,28.202471104025506
31179,2000,1001,3940,25.406091370558375
31179,2004,1059,4085,25.924112607099143
31179,2008,1249,3808,32.799369747899156
31179,2012,1074,3682,29.168929929386206
31179,2016,835,3776,22.11334745762712
31179,2020,1022,4200,24.333333333333336
31179,2024,1006,4073,24.699238890252882
31181,2000,584,1945,30.025706940874038
31181,2004,557,2002,27.822177822177824
31181,2008,552,1817,30.37974683544304
31181,2012,442,1742,25.37313432835821
31181,2016,306,1708,17.915690866510538
31181,2020,335,1876,17.857142857142858
31181,2024,296,1763,16.789563244469655
31183,2000,85,453,18.76379690949227
31183,2004,81,453,17.880794701986755
31183,2008,96,440,21.818181818181817
31183,2012,93,448,20.758928571428573
31183,2016,62,465,13.333333333333334
31183,2020,59,502,11.752988047808765
31183,2024,57,486,11.728395061728394
31185,2000,1407,6460,21.78018575851393
31185,2004,1304,6797,19.184934529939678
31185,2008,1607,6568,24.467113276492082
31185,2012,1373,6355,21.605035405192762
31185,2016,1186,6381,18.586428459489106
31185,2020,1630,7143,22.81954360912782
31185,2024,1648,6984,23.596792668957615
32001,2000,2191,8823,24.832823302731498
32001,2004,2705,10237,26.42375696004689
32001,2008,3494,10605,32.94672324375295
32001,2012,2961,10265,28.845591816853382
32001,2016,2210,10938,20.204790638142256
32001,2020,3048,12881,23.662759102554148
32001,2024,3179,13503,23.542916388950605
32003,2000,196100,382198,51.3084840841658
32003,2004,281767,545397,51.66273375174414
32003,2008,380765,651172,58.473798013428095
32003,2012,389936,691190,56.415168043519145
32003,2016,402227,767156,52.43092669548306
32003,2020,521777,972308,53.66375675197571
32003,2024,520187,1031223,50.443696465265035
32005,2000,5837,17974,32.4746856570602
32005,2004,8275,23898,34.62632856305967
32005,2008,10672,25904,41.19827053736875
32005,2012,9297,26075,35.65484180249281
32005,2016,8454,27885,30.31737493275955
32005,2020,11570,34117,33.91271213764399
32005,2024,11553,35556,32.49240634492069
32007,2000,2542,14180,17.926657263751764
32007,2004,3050,15309,19.92292115748906
32007,2008,4541,16019,28.347587240152315
32007,2012,3511,15986,21.962967596647065
32007,2016,3401,18559,18.32534080500027
32007,2020,4555,21957,20.74509268114952
32007,2024,4632,22465,20.61874026263076
32009,2000,116,491,23.625254582484725
32009,2004,99,481,20.582120582120584
32009,2008,104,439,23.690205011389523
32009,2012,92,435,21.149425287356323
32009,2016,65,423,15.36643026004728
32009,2020,72,480,15
32009,2024,73,461,15.835140997830802
32011,2000,150,837,17.921146953405017
32011,2004,144,738,19.51219512195122
32011,2008,144,745,19.328859060402685
32011,2012,107,808,13.242574257425744
32011,2016,74,854,8.665105386416862
32011,2020,104,1008,10.317460317460316
32011,2024,104,1036,10.038610038610038
32013,2000,1128,5030,22.42544731610338
32013,2004,1361,5367,25.358673374324574
32013,2008,1909,5664,33.70409604519774
32013,2012,1737,5744,30.24025069637883
32013,2016,1386,6433,21.545157780195865
32013,2020,1689,7771,21.734654484622315
32013,2024,1711,8030,21.307596513075964
32015,2000,395,2119,18.64086833411987
32015,2004,414,2053,20.1656113005358
32015,2008,577,2102,27.450047573739294
32015,2012,534,2165,24.665127020785217
32015,2016,403,2413,16.70120182345628
32015,2020,496,2765,17.93851717902351
32015,2024,482,2725,17.68807339449541
32017,2000,461,1956,23.568507157464214
32017,2004,418,2047,20.420127015144114
32017,2008,518,2107,24.58471760797342
32017,2012,400,2152,18.587360594795538
32017,2016,285,2132,13.367729831144464
32017,2020,330,2446,13.49141455437449
32017,2024,314,2472,12.702265372168284
32019,2000,3955,11992,32.98032021347565
32019,2004,5637,17151,32.86688822809165
32019,2008,8405,21103,39.82846040847273
32019,2012,7380,21465,34.38155136268344
32019,2016,6146,23762,25.86482619308139
32019,2020,8472,30229,28.026067683350426
32019,2024,8954,33541,26.695685876986374
32021,2000,916,2293,39.94766681203663
32021,2004,931,2327,40.008594757198104
32021,2008,1082,2307,46.90073688773298
32021,2012,863,2035,42.40786240786241
32021,2016,637,1997,31.89784677015523
32021,2020,824,2327,35.41039965620971
32021,2024,711,2295,30.980392156862745
32023,2000,4525,12181,37.14801740415401
32023,2004,5616,14510,38.70434183321847
32023,2008,7226,17491,41.312675090046305
32023,2012,6320,17522,36.0689419016094
32023,2016,5094,19595,25.996427660117376
32023,2020,7287,25376,28.71610970996217
32023,2024,7559,26997,27.99940734155647
32027,2000,476,1802,26.41509433962264
32027,2004,538,1917,28.06468440271257
32027,2008,673,1836,36.655773420479306
32027,2012,632,1884,33.54564755838641
32027,2016,430,1982,21.695257315842582
32027,2020,547,2320,23.57758620689655
32027,2024,496,2308,21.49046793760832
32029,2000,666,1798,37.04115684093437
32029,2004,871,2168,40.17527675276753
32029,2008,1102,2418,45.57485525227461
32029,2012,920,2314,39.757994814174594
32029,2016,752,2558,29.39796716184519
32029,2020,900,2868,31.380753138075313
32029,2024,913,3075,29.69105691056911
32031,2000,52097,122301,42.59736224560715
32031,2004,74841,159079,47.04643604749841
32031,2008,99671,180414,55.245712638708746
32031,2012,95409,187855,50.78864017460275
32031,2016,97379,209909,46.39105517152671
32031,2020,128052,251956,50.82315959929512
32031,2024,130071,263734,49.31901082150955
32033,2000,1069,3543,30.172170476996897
32033,2004,1082,3802,28.458705944239878
32033,2008,1230,3842,32.014575741801146
32033,2012,983,3704,26.53887688984881
32033,2016,707,3773,18.738404452690165
32033,2020,856,4363,19.61952784781114
32033,2024,883,4351,20.294185244771317
32510,2000,7354,19452,37.80588114332716
32510,2004,9441,23106,40.8595170085692
32510,2008,11623,23680,49.08361486486486
32510,2012,10291,23319,44.131394999785584
32510,2016,9610,25016,38.41541413495363
32510,2020,12735,29739,42.82255623928175
32510,2024,13375,31068,43.050727436590705
33001,2000,10719,26795,40.00373203955962
33001,2004,14080,32298,43.59403059012942
33001,2008,16796,33614,49.96727553995359
33001,2012,15890,33886,46.89252198548073
33001,2016,13517,35045,38.57040947353403
33001,2020,16894,38391,44.005105363236176
33001,2024,17469,40676,42.94670075720327
33003,2000,9852,23879,41.258009129360524
33003,2004,13319,28222,47.193678690383386
33003,2008,15221,29056,52.38504955947136
33003,2012,13977,28592,48.884303301622836
33003,2016,12987,29616,43.85129659643436
33003,2020,16649,33221,50.115890551157406
33003,2024,16822,34658,48.53713428357089
33005,2000,17382,33395,52.049708040125765
33005,2004,24438,41337,59.1189491254808
33005,2008,26971,42823,62.982509399154665
33005,2012,25380,41363,61.359185745714775
33005,2016,22064,41895,52.66499582289056
33005,2020,25522,44220,57.71596562641339
33005,2024,24579,45389,54.1518870210844
33007,2000,6570,14600,45
33007,2004,8585,16919,50.74176960813287
33007,2008,9532,16348,58.30682652312209
33007,2012,9095,15702,57.92255763596994
33007,2016,6563,15627,41.99782427849235
33007,2020,7640,16515,46.2609748713291
33007,2024,7367,17322,42.52973097794712
33009,2000,18326,38733,47.31366018640436
33009,2004,26180,46962,55.7471998637196
33009,2008,31446,49890,63.03066746843054
33009,2012,29826,49005,60.86317722681359
33009,2016,28510,51191,55.69338360258639
33009,2020,33180,53966,61.48315606122373
33009,2024,32993,55895,59.02674657840594
33011,2000,77625,165761,46.82947134730123
33011,2004,94121,195427,48.161717674630424
33011,2008,104820,204709,51.204392576779725
33011,2012,102303,205672,49.740849507954415
33011,2016,99589,214157,46.502799348141785
33011,2020,122344,230941,52.97630130639427
33011,2024,118776,234440,50.663709264630604
33013,2000,30622,63684,48.08429118773947
33013,2004,39975,76655,52.149240101754614
33013,2008,45078,80106,56.27293835667741
33013,2012,44756,80498,55.598896867002914
33013,2016,40198,83648,48.05614001530222
33013,2020,48533,89805,54.042647959467736
33013,2024,48181,92978,51.819785325560886
33015,2000,61628,134173,45.931744836889685
33015,2004,75437,158766,47.51458120756333
33015,2008,83723,167822,49.88797654657912
33015,2012,80142,170419,47.026446581660494
33015,2016,79994,181434,44.089861878148525
33015,2020,100064,198798,50.334510407549374
33015,2024,97611,202922,48.1027192714442
33017,2000,25400,49393,51.42429089142186
33017,2004,32942,59280,55.57017543859649
33017,2008,37990,63848,59.500689136699656
33017,2012,36026,63960,56.32582864290181
33017,2016,34894,69000,50.57101449275362
33017,2020,41721,73596,56.689222240339156
33017,2024,42373,76688,55.25375547673691
33019,2000,8224,18668,44.053996143132636
33019,2004,11434,21796,52.45916681959992
33019,2008,13249,22754,58.22712490111629
33019,2012,12166,21834,55.720436017220855
33019,2016,10210,22683,45.01168275801261
33019,2020,12390,24380,50.820344544708774
33019,2024,12317,25221,48.83628722096665
34001,2000,52880,91102,58.044828873131216
34001,2004,55746,106097,52.5424847073904
34001,2008,67830,118073,57.447511285391236
34001,2012,65600,113179,57.96128257008809
34001,2016,60924,117291,51.9426042918894
34001,2020,73808,140031,52.70832887003593
34001,2024,61879,129759,47.6876363103908
34003,2000,202682,366721,55.26871927159884
34003,2004,207666,400244,51.88485024135277
34003,2008,225367,412638,54.61615265680815
34003,2012,212754,385407,55.202422374269275
34003,2016,231211,419296,55.1426677096848
34003,2020,285967,495849,57.67219455923074
34003,2024,232660,459077,50.67995129357384
34005,2000,99506,177541,56.0467722948502
34005,2004,110411,207956,53.093442843678474
34005,2008,131219,221414,59.26409350808892
34005,2012,126377,215936,58.52521117368109
34005,2016,121725,218943,55.59666214494183
34005,2020,154595,261497,59.11922507715194
34005,2024,132275,229466,57.64470553371741
34007,2000,127166,196861,64.59684752185552
34007,2004,137765,220933,62.356008382631835
34007,2008,159259,233593,68.17798478550299
34007,2012,153682,225428,68.1734300974147
34007,2016,146717,226592,64.74941745516169
34007,2020,175065,264616,66.15813102760227
34007,2024,155522,246954,62.976100812297034
34009,2000,22189,47594,46.621422868428795
34009,2004,21475,50762,42.30526771994799
34009,2008,22893,50381,45.43974911176832
34009,2012,21657,47931,45.18370157100832
34009,2016,18750,48722,38.48364188662206
34009,2020,23941,57714,41.48213605017846
34009,2024,21648,54568,39.67160240433954
34011,2000,28188,48684,57.89992605373428
34011,2004,27875,53185,52.41139419009119
34011,2008,34919,57484,60.74559877531139
34011,2012,34055,55292,61.591188598712286
34011,2016,27771,54004,51.42396859491889
34011,2020,32742,62408,52.464427637482366
34011,2024,26577,55885,47.55658942471146
34013,2000,185505,259573,71.46544517341943
34013,2004,203681,289348,70.39309067282304
34013,2008,240306,315004,76.2866503282498
34013,2012,236618,303019,78.08685263960345
34013,2016,240837,310934,77.45598744428078
34013,2020,266820,345311,77.26947592170536
34013,2024,224596,313283,71.69109080288429
34015,2000,61095,107298,56.93955152938545
34015,2004,66835,127964,52.22953330624238
34015,2008,77267,137982,55.99788378194257
34015,2012,74013,135186,54.74901247170565
34015,2016,66870,139542,47.921056026142665
34015,2020,86702,172654,50.21719740058151
34015,2024,78708,164635,47.807574331096056
34017,2000,118206,167361,70.62935809417965
34017,2004,127447,189446,67.27352385376307
34017,2008,154140,210148,73.34830690751281
34017,2012,153108,197504,77.52146791963706
34017,2016,163917,219375,74.72
34017,2020,181452,249850,72.62437462477487
34017,2024,144765,231181,62.619765465155005
34019,2000,21387,56455,37.8832698609512
34019,2004,26050,66680,39.06718656268746
34019,2008,29776,69099,43.09179582917263
34019,2012,26876,66494,40.41868439257678
34019,2016,28898,70836,40.795640634705514
34019,2020,39457,84242,46.83768191638375
34019,2024,36995,80925,45.71516836577077
34021,2000,83256,135559,61.41680006491639
34021,2004,91580,149510,61.2534278643569
34021,2008,107926,158549,68.07106951163362
34021,2012,104377,153511,67.99317312765861
34021,2016,104775,156529,66.93647822448237
34021,2020,122532,176604,69.38234694570905
34021,2024,107558,163270,65.87738102529552
34023,2000,154998,258849,59.8796982024269
34023,2004,166628,295805,56.330352766180425
34023,2008,193812,318379,60.874617986739075
34023,2012,190555,301315,63.24112639596435
34023,2016,193044,326102,59.197429025274296
34023,2020,226250,374362,60.436155379018174
34023,2024,191802,365187,52.52158483188065
34025,2000,131476,262141,50.154687744381846
34025,2004,133773,299939,44.60006868063173
34025,2008,148737,309915,47.992836745559266
34025,2012,133145,283978,46.88567424237089
34025,2016,137181,314377,43.63582577605868
34025,2020,181291,378151,47.941430804096775
34025,2024,156382,360143,43.42219618318279
34027,2000,88039,206508,42.632246692622076
34027,2004,98066,235154,41.70288406746218
34027,2008,112275,245148,45.79886435948896
34027,2012,100146,227392,44.04112721643681
34027,2016,115249,250416,46.02301769854961
34027,2020,153881,299322,51.409852934298186
34027,2024,135672,284666,47.66006477766927
34029,2000,102104,216393,47.1845207562167
34029,2004,99839,254306,39.25939616053101
34029,2008,110189,271460,40.59124732925661
34029,2012,102300,251275,40.71236692866381
34029,2016,87150,274362,31.76460296979903
34029,2020,119456,341516,34.97815622108481
34029,2024,105789,337135,31.378824506503328
34031,2000,90324,156573,57.68810714491004
34031,2004,94962,171311,55.432517468230294
34031,2008,113257,186196,60.826763195772195
34031,2012,115926,181988,63.699804382706546
34031,2016,116759,194802,59.937269637888726
34031,2020,129097,223707,57.70807350686389
34031,2024,95156,202767,46.92874087006268
34033,2000,13718,26972,50.860151267981614
34033,2004,13749,29781,46.167019240455325
34033,2008,16044,30959,51.82337930811719
34033,2012,14719,29501,49.89322395850988
34033,2016,11904,29494,40.360751339255444
34033,2020,14479,33922,42.68321443311125
34033,2024,12275,31001,39.595496919454206
34035,2000,56232,120377,46.71324256294807
34035,2004,66476,140279,47.388418793974864
34035,2008,79321,149763,52.96435034020419
34035,2012,74592,142922,52.19070541973944
34035,2016,85689,157092,54.547017034603925
34035,2020,111173,185859,59.81577432354634
34035,2024,98790,177412,55.6839447162537
34037,2000,21353,57490,37.14211167159506
34037,2004,23990,69396,34.569715833765635
34037,2008,28840,73340,39.32369784565039
34037,2012,26104,67933,38.42609630076693
34037,2016,24212,74126,32.66330302457977
34037,2020,34481,87960,39.20077307867212
34037,2024,31019,84629,36.65292039371846
34039,2000,112003,186373,60.096151266546116
34039,2004,119372,203387,58.692050131030996
34039,2008,141417,220650,64.09109449354182
34039,2012,139752,209831,66.60217031801783
34039,2016,147414,221975,66.41018132672598
34039,2020,170245,252991,67.29290765284141
34039,2024,147327,240632,61.225024103194926
34041,2000,16543,40801,40.545574863361196
34041,2004,18044,48208,37.42947228675739
34041,2008,20628,48323,42.68774703557312
34041,2012,18745,45270,41.40711287828584
34041,2016,17281,49236,35.09830205540661
34041,2020,24901,60787,40.96435093029759
34041,2024,23318,60150,38.766417290108066
35001,2000,99461,204319,48.679271139737374
35001,2004,132252,256811,51.49779409760485
35001,2008,171556,285778,60.031213039492194
35001,2012,150739,270969,55.629610767283346
35001,2016,143417,274662,52.215814346360254
35001,2020,193757,317590,61.008533014263676
35001,2024,184117,932532,19.743772867847966
35003,2000,353,1711,20.631209818819404
35003,2004,551,1993,27.64676367285499
35003,2008,664,2112,31.439393939393938
35003,2012,560,2123,26.3777673104098
35003,2016,427,2049,20.839433870180578
35003,2020,595,2326,25.580395528804818
35003,2024,571,6984,8.175830469644902
35005,2000,6340,18149,34.93305416276379
35005,2004,6726,21705,30.98825155494126
35005,2008,8197,22112,37.07036903039074
35005,2012,6604,20292,32.54484525921546
35005,2016,5534,20271,27.300083863647572
35005,2020,6381,22443,28.43202780376955
35005,2024,5941,66084,8.990073240118637
35006,2000,4127,7088,58.22516930022573
35006,2004,3913,7487,52.26392413516763
35006,2008,5827,9097,64.0540837638782
35006,2012,4961,8243,60.184398883901494
35006,2016,3741,8063,46.3971226590599
35006,2020,4745,8903,53.29664158148939
35006,2024,4450,26871,16.560604369022368
35007,2000,2653,5461,48.5808459989013
35007,2004,2824,5968,47.31903485254691
35007,2008,3490,6384,54.66791979949874
35007,2012,2828,5764,49.06315058986815
35007,2016,2129,5332,39.92873218304576
35007,2020,2611,6016,43.400930851063826
35007,2024,2436,17133,14.218175450884257
35009,2000,3471,11969,28.999916450831314
35009,2004,3541,14286,24.7865042699146
35009,2008,4670,14438,32.34520016622801
35009,2012,4022,13625,29.519266055045872
35009,2016,3121,13370,23.343305908750935
35009,2020,4307,15101,28.52128998079597
35009,2024,4230,45327,9.332186114236547
35011,2000,349,982,35.53971486761711
35011,2004,281,993,28.298086606243704
35011,2008,359,1044,34.38697318007663
35011,2012,287,902,31.818181818181817
35011,2016,193,910,21.208791208791208
35011,2020,231,901,25.638179800221977
35011,2024,206,2565,8.031189083820662
35013,2000,23912,46653,51.25501039590166
35013,2004,31762,61960,51.26210458360232
35013,2008,40282,69280,58.143764434180135
35013,2012,37139,66423,55.912861508814714
35013,2016,37947,70648,53.71277318536972
35013,2020,47957,82641,58.030517539719995
35013,2024,45937,256221,17.92866314626826
35015,2000,7108,17787,39.9617698318997
35015,2004,6880,20270,33.941785890478535
35015,2008,7351,20093,36.58488030657443
35015,2012,6142,19269,31.875032435518193
35015,2016,5033,19667,25.591091676412265
35015,2020,5424,23222,23.357161312548445
35015,2024,5032,70026,7.185902379116328
35017,2000,5673,11241,50.46704029890579
35017,2004,7095,13392,52.97939068100358
35017,2008,8142,13755,59.19302071973828
35017,2012,7090,12902,54.95272050844831
35017,2016,6276,12811,48.98914994926235
35017,2020,7590,14435,52.580533425701425
35017,2024,7301,42072,17.35358433162198
35019,2000,1076,1651,65.17262265293762
35019,2004,1340,2267,59.108954565505066
35019,2008,1557,2196,70.90163934426229
35019,2012,1488,2135,69.69555035128806
35019,2016,970,1827,53.09250136836344
35019,2020,1234,2189,56.37277295568753
35019,2024,959,5712,16.78921568627451
35021,2000,214,593,36.08768971332209
35021,2004,259,644,40.21739130434783
35021,2008,260,626,41.533546325878596
35021,2012,260,601,43.261231281198
35021,2016,156,527,29.601518026565465
35021,2020,179,505,35.445544554455445
35021,2024,128,1275,10.03921568627451
35023,2000,839,1834,45.74700109051254
35023,2004,861,1964,43.83910386965377
35023,2008,993,1951,50.89697590978985
35023,2012,995,1935,51.42118863049095
35023,2016,784,1872,41.88034188034188
35023,2020,823,1974,41.6919959473151
35023,2024,705,5535,12.737127371273713
35025,2000,3855,14256,27.041245791245792
35025,2004,3646,18181,20.053902425609152
35025,2008,5108,18645,27.396084741217486
35025,2012,4080,17015,23.978842198060534
35025,2016,3930,17712,22.188346883468835
35025,2020,4061,20918,19.41390190266756
35025,2024,3930,63543,6.18478825362353
35027,2000,2027,6772,29.932073242764325
35027,2004,2822,9014,31.306856001775017
35027,2008,3535,9696,36.45833333333333
35027,2012,2942,9242,31.832936593810864
35027,2016,2331,8902,26.185126937766796
35027,2020,3194,10306,30.991655346400155
35027,2024,3033,30069,10.0868003591739
35028,2000,4149,10218,40.604815032295946
35028,2004,5206,11197,46.49459676699116
35028,2008,5824,11069,52.61541241304543
35028,2012,5191,10654,48.72348413741317
35028,2016,5562,10885,51.09784106568672
35028,2020,7554,12293,61.44960546652567
35028,2024,7726,36483,21.176986541676946
35029,2000,2975,6612,44.99395039322444
35029,2004,3340,7593,43.987883576978795
35029,2008,4311,8340,51.690647482014384
35029,2012,3583,7500,47.77333333333333
35029,2016,3195,7295,43.79712131596985
35029,2020,3563,8103,43.97136862890287
35029,2024,3176,23910,13.28314512756169
35031,2000,10281,15879,64.74589079916872
35031,2004,13051,20623,63.283712359986424
35031,2008,16572,23207,71.40948851639591
35031,2012,15841,21929,72.23767613662274
35031,2016,13576,21703,62.553564023406906
35031,2020,18029,26486,68.06992373329305
35031,2024,15711,77517,20.26781222183521
35033,2000,1456,2191,66.45367412140575
35033,2004,1876,2826,66.38358103326256
35033,2008,2168,2760,78.55072463768116
35033,2012,1955,2611,74.87552661815397
35033,2016,1536,2441,62.92503072511266
35033,2020,1745,2686,64.96649292628443
35033,2024,1439,7347,19.586225670341637
35035,2000,5465,16204,33.72624043446063
35035,2004,6433,20764,30.98150645347717
35035,2008,8610,21766,39.55710741523477
35035,2012,6829,20012,34.124525284829105
35035,2016,6124,20060,30.528414755732804
35035,2020,8485,23571,35.997624199227864
35035,2024,8582,72570,11.825823342979193
35037,2000,1471,3844,38.26742976066597
35037,2004,1422,4117,34.5397133835317
35037,2008,1547,3996,38.713713713713716
35037,2012,1383,3707,37.30779606150526
35037,2016,1017,3572,28.471444568868982
35037,2020,1170,3873,30.20914020139427
35037,2024,1055,10875,9.701149425287356
35039,2000,8169,12097,67.52913945606349
35039,2004,9753,14999,65.0243349556637
35039,2008,12703,16940,74.98819362455727
35039,2012,11465,15343,74.72463012448674
35039,2016,9592,14878,64.47103105256082
35039,2020,10990,16628,66.0933365407746
35039,2024,9373,47613,19.68580009661227
35041,2000,1762,5651,31.180322066890813
35041,2004,2082,7144,29.14333706606943
35041,2008,2303,6720,34.270833333333336
35041,2012,1727,5969,28.932819567766792
35041,2016,1454,5950,24.436974789915965
35041,2020,1802,6608,27.269975786924938
35041,2024,1820,19599,9.28618807081994
35043,2000,14899,31755,46.91859549677216
35043,2004,21421,44541,48.09276846051952
35043,2008,32669,58630,55.72062084257207
35043,2012,27236,54079,50.36335731060115
35043,2016,27707,61690,44.9132760577079
35043,2020,40588,76562,53.01324416812518
35043,2024,41205,238620,17.2680412371134
35045,2000,11980,34657,34.56733127506709
35045,2004,14843,45006,32.98004710483047
35045,2008,18028,46511,38.76072326976414
35045,2012,15855,46237,34.290719553604255
35045,2016,12865,46110,27.900672305356757
35045,2020,18083,52294,34.57949286725054
35045,2024,17464,158778,10.999004899923163
35047,2000,6540,9161,71.38958628970636
35047,2004,8683,12116,71.66556619346319
35047,2008,10320,12941,79.74654199829997
35047,2012,8850,11509,76.89634199322269
35047,2016,7285,10751,67.7611384987443
35047,2020,7888,11531,68.40690313069118
35047,2024,6985,32916,21.22068295054077
35049,2000,32017,49471,64.71872410098845
35049,2004,47074,66200,71.10876132930514
35049,2008,55567,72223,76.93809451282833
35049,2012,50872,69245,73.46667629431728
35049,2016,50793,71434,71.10479603550131
35049,2020,62530,82227,76.04558113515026
35049,2024,61405,250563,24.5068106623883
35051,2000,1689,4586,36.829481029219366
35051,2004,1926,5157,37.347294938917976
35051,2008,2352,5485,42.88058340929808
35051,2012,1964,5102,38.49470795766366
35051,2016,1612,5181,31.11368461686933
35051,2020,2265,5945,38.09924306139613
35051,2024,2332,17466,13.351654643306995
35053,2000,3294,6826,48.25666569000879
35053,2004,4025,7851,51.26735447713667
35053,2008,4696,7895,59.480683977200755
35053,2012,4058,7193,56.41595996107327
35053,2016,3313,6868,48.23820617355853
35053,2020,3722,7160,51.98324022346369
35053,2024,3384,21450,15.776223776223777
35055,2000,7039,10895,64.60761817347407
35055,2004,10987,14835,74.0613414223121
35055,2008,13816,16886,81.81925855738481
35055,2012,11978,15339,78.08853249885912
35055,2016,10668,15260,69.90825688073394
35055,2020,13121,17181,76.36924509632735
35055,2024,12038,49236,24.44958973109107
35057,2000,1868,4960,37.66129032258064
35057,2004,2386,6507,36.66820347318273
35057,2008,3087,6941,44.474859530327045
35057,2012,2428,6402,37.925648234926584
35057,2016,1785,6324,28.225806451612907
35057,2020,2344,7281,32.19338003021563
35057,2024,2144,21168,10.128495842781557
35059,2000,452,1755,25.754985754985753
35059,2004,411,1881,21.850079744816586
35059,2008,492,1742,28.243398392652125
35059,2012,472,1759,26.833428084138717
35059,2016,320,1702,18.80141010575793
35059,2020,383,1789,21.40860816098379
35059,2024,378,4875,7.753846153846154
35061,2000,9819,21377,45.93254432333816
35061,2004,11270,26012,43.326157158234665
35061,2008,15366,28899,53.17139001349528
35061,2012,13511,27728,48.72691863819965
35061,2016,10841,27592,39.29037402145549
35061,2020,14263,32277,44.18936084518388
35061,2024,13609,99831,13.632038144464145
36000,2024,95660,124288,76.96640061791967
36001,2000,85617,141969,60.30682754685882
36001,2004,86213,147199,58.56901201774468
36001,2008,93937,147136,63.84365484993475
36001,2012,83978,135766,61.854956321906805
36001,2016,83077,139830,59.4128584710005
36001,2020,99474,154727,64.29000756170545
36001,2024,92589,148577,62.31718233643161
36003,2000,6336,18689,33.90229546792231
36003,2004,6392,19270,33.170731707317074
36003,2008,7016,18368,38.19686411149826
36003,2012,5866,16953,34.601545449183035
36003,2016,4882,18692,26.118125401241173
36003,2020,6048,20895,28.94472361809045
36003,2024,5483,19376,28.297894302229565
36005,2000,265801,308048,86.28557887082533
36005,2004,276938,342929,80.75665808374328
36005,2008,338261,381286,88.71581962096694
36005,2012,334600,370894,90.21445480379839
36005,2016,353646,399522,88.51727814738612
36005,2020,355374,432399,82.18659155085928
36005,2024,261670,362890,72.10725013089366
36007,2000,45381,87063,52.124323765549086
36007,2004,44496,91890,48.42311459353575
36007,2008,47204,88718,53.206790053878585
36007,2012,39971,81565,49.00508796665236
36007,2016,39212,86072,45.557207918951576
36007,2020,47010,93494,50.28130147389137
36007,2024,45142,90459,49.903271095192295
36009,2000,13697,33733,40.60415616755107
36009,2004,13087,34262,38.19683614500029
36009,2008,14307,32588,43.90266355713759
36009,2012,12040,29767,40.44747539221285
36009,2016,9497,31161,30.477199062931227
36009,2020,11879,35018,33.92255411502656
36009,2024,11424,34107,33.49459055325886
36011,2000,17031,33978,50.123609394313974
36011,2004,16913,36052,46.91279263286364
36011,2008,18128,33992,53.330195340080024
36011,2012,16105,31169,51.6699284545542
36011,2016,13522,33172,40.763294344628
36011,2020,16149,36760,43.930903155603914
36011,2024,15772,36343,43.39762815397738
36013,2000,27016,58720,46.00817438692098
36013,2004,26369,60942,43.26900987824489
36013,2008,29129,58772,49.56271694003947
36013,2012,22463,52852,42.50170286838719
36013,2016,19091,54234,35.20116532064756
36013,2020,23087,59770,38.6264012046177
36013,2024,22085,56751,38.91561382178288
36015,2000,17424,37710,46.20525059665871
36015,2004,16639,39075,42.58221369161868
36015,2008,18888,38695,48.81250807597881
36015,2012,16205,35010,46.28677520708369
36015,2016,13757,36119,38.087986932085606
36015,2020,16636,39711,41.892674573795674
36015,2024,15572,37560,41.45899893503727
36017,2000,9112,20250,44.99753086419753
36017,2004,9003,21341,42.18640176186683
36017,2008,10100,20847,48.44821796901233
36017,2012,8642,19314,44.74474474474475
36017,2016,6775,20160,33.6061507936508
36017,2020,8290,22417,36.98086273810055
36017,2024,8177,22540,36.27772848269743
36019,2000,15542,30555,50.8656521027655
36019,2004,17040,33736,50.50984111927911
36019,2008,20216,33314,60.68319625382722
36019,2012,18072,30656,58.9509394572025
36019,2016,15059,32105,46.90546643824949
36019,2020,18364,35637,51.53071246176727
36019,2024,17478,35817,48.79805678867577
36021,2000,13489,28691,47.01474329929246
36021,2004,15238,31103,48.99205864386072
36021,2008,17556,31408,55.89658685685176
36021,2012,15241,29129,52.322427821071784
36021,2016,15284,30902,49.459581904083876
36021,2020,20386,35781,56.9743718733406
36021,2024,20396,35897,56.81811850572471
36023,2000,9691,20723,46.76446460454567
36023,2004,10354,22760,45.4920913884007
36023,2008,11861,21900,54.15981735159817
36023,2012,9965,19624,50.77965756216878
36023,2016,8771,20244,43.326417704011064
36023,2020,10369,21892,47.364334003288874
36023,2024,10290,22063,46.639169650546165
36025,2000,8450,20175,41.883519206939276
36025,2004,8425,21166,39.80440328829255
36025,2008,9462,20389,46.40737652655844
36025,2012,7881,18638,42.2845798905462
36025,2016,6627,19792,33.48322554567502
36025,2020,9143,23074,39.62468579353385
36025,2024,9237,23156,39.89030920711695
36027,2000,52390,111762,46.87639806016356
36027,2004,56533,123881,45.63492383819956
36027,2008,71060,132254,53.7299438958368
36027,2012,62063,123705,50.17016288751465
36027,2016,62261,130934,47.55143812913376
36027,2020,81443,151889,53.62007781998697
36027,2024,79994,152659,52.4004480574352
36029,2000,240176,424654,56.55804490243822
36029,2004,240563,445138,54.042341925425376
36029,2008,256299,441985,57.98816701924273
36029,2012,227325,414195,54.883569333285045
36029,2016,215456,423625,50.86007671879611
36029,2020,267174,476787,56.03634327278218
36029,2024,248651,456550,54.46303800240937
36031,2000,7927,17932,44.20588891367388
36031,2004,8474,19082,44.40834294099151
36031,2008,10390,18591,55.88725727502555
36031,2012,9368,16717,56.038762935933484
36031,2016,7762,17218,45.08072946916018
36031,2020,9947,19470,51.088854648176685
36031,2024,9629,19236,50.057184445830735
36033,2000,8870,17447,50.8396859058864
36033,2004,9286,18316,50.69884254203975
36033,2008,10571,17496,60.419524462734344
36033,2012,9532,15934,59.821764779716325
36033,2016,7297,16952,43.04506842850401
36033,2020,9253,19420,47.646755921730175
36033,2024,8821,19458,45.333538904306714
36035,2000,9314,21671,42.97909648839463
36035,2004,8919,22215,40.14854827819041
36035,2008,9695,21805,44.46227929373997
36035,2012,8331,19799,42.07788272134956
36035,2016,6496,21214,30.62128782879231
36035,2020,7931,24072,32.94699235626454
36035,2024,7666,23953,32.00434183609569
36037,2000,10191,26069,39.09240860792512
36037,2004,9970,27580,36.149383611312544
36037,2008,10762,26866,40.05806595697164
36037,2012,9092,24746,36.74129152186212
36037,2016,7650,26432,28.942191283292978
36037,2020,9625,29431,32.70361183785804
36037,2024,9367,28444,32.93137392771762
36039,2000,8480,21094,40.20100502512563
36039,2004,8607,22398,38.42753817305117
36039,2008,9850,22315,44.14071252520726
36039,2012,8384,20472,40.95349745994529
36039,2016,7405,22050,33.58276643990929
36039,2020,10346,25320,40.8609794628752
36039,2024,10436,25310,41.23271434215725
36041,2000,1114,3682,30.255296034763717
36041,2004,1120,3692,30.335861321776814
36041,2008,1225,3411,35.913221929053066
36041,2012,1092,3122,34.97757847533632
36041,2016,949,3225,29.426356589147286
36041,2020,1178,3489,33.76325594726283
36041,2024,1211,3439,35.21372492003489
36043,2000,12224,27705,44.12199963905432
36043,2004,11383,28310,40.20840692334864
36043,2008,12094,27184,44.489405532666275
36043,2012,10826,25040,43.23482428115016
36043,2016,8083,26255,30.786516853932582
36043,2020,9937,29560,33.61637347767253
36043,2024,9110,28725,31.714534377719755
36045,2000,16799,36418,46.128288209127355
36045,2004,16342,38800,42.118556701030926
36045,2008,18166,38847,46.762941797307384
36045,2012,16231,35708,45.45480004480788
36045,2016,13809,38236,36.11517941207239
36045,2020,17307,44129,39.21910761630674
36045,2024,16326,42843,38.106575169806035
36047,2000,497468,617105,80.61318576255256
36047,2004,494165,687780,71.84928320102358
36047,2008,603525,759671,79.4455757821478
36047,2012,580225,730534,79.42477694398892
36047,2016,640553,805605,79.51204374352196
36047,2020,703310,920380,76.4151763402073
36047,2024,601265,847934,70.90941040222471
36049,2000,4333,10923,39.66858921541701
36049,2004,4417,11397,38.75581293322804
36049,2008,4986,11129,44.80186899092461
36049,2012,4530,10522,43.052651587150734
36049,2016,3146,11325,27.779249448123622
36049,2020,3824,13036,29.334151580239336
36049,2024,3600,12966,27.76492364645997
36051,2000,10476,27223,38.48216581567057
36051,2004,11107,29948,37.08761853880059
36051,2008,13655,30127,45.32479171507286
36051,2012,11100,26770,41.46432573776615
36051,2016,10697,30031,35.61985947853884
36051,2020,12477,31656,39.41432903714935
36051,2024,12148,31035,39.14290317383599
36053,2000,12017,28366,42.364097863639564
36053,2004,12665,30287,41.81662099250503
36053,2008,14692,29778,49.33843777285244
36053,2012,13231,28094,47.09546522389122
36053,2016,11667,30064,38.80721128259712
36053,2020,14807,34266,43.21193019319442
36053,2024,14629,33814,43.26314544271603
36055,2000,161743,317762,50.90067408941283
36055,2004,168088,342981,49.00796254019902
36055,2008,207225,355725,58.254269449715366
36055,2012,185916,333813,55.6946553908925
36055,2016,188592,347790,54.22582592944018
36055,2020,225746,383499,58.864821029520286
36055,2024,214757,362715,59.20819376094178
36057,2000,10249,20809,49.25272718535249
36057,2004,9175,21221,43.23547429433109
36057,2008,9080,20175,45.006195786864936
36057,2012,8106,18186,44.57274826789838
36057,2016,6595,19054,34.61215492809909
36057,2020,7977,21246,37.545890991245415
36057,2024,7356,20712,35.515643105446124
36059,2000,341610,589707,57.92876801530251
36059,2004,317283,618343,51.311812375979024
36059,2008,342067,635414,53.83372100709144
36059,2012,294661,568151,51.86314905720486
36059,2016,326088,636967,51.19386090645198
36059,2020,396504,738369,53.69997927865335
36059,2024,338424,712299,47.51150850976907
36061,2000,449300,563232,79.77174592352708
36061,2004,509841,641747,79.4457940590295
36061,2008,572126,667271,85.74117562429657
36061,2012,486172,597227,81.40489294690295
36061,2016,579013,668939,86.55692073567246
36061,2020,603040,701405,85.97600530364055
36061,2024,533782,654372,81.57164426350761
36063,2000,47781,93257,51.2358321627331
36063,2004,45644,96580,47.26030234002899
36063,2008,47303,95207,49.684371947440845
36063,2012,41837,89013,47.000999853953914
36063,2016,35559,92402,38.48293326984265
36063,2020,46029,104866,43.89315888848626
36063,2024,43438,102431,42.40708379299235
36065,2000,43933,95996,45.76544856035668
36065,2004,39658,95369,41.58374314504713
36065,2008,43506,94313,46.129377710389875
36065,2012,39031,86700,45.01845444059977
36065,2016,33743,91009,37.076552868397634
36065,2020,41567,101696,40.87378067967275
36065,2024,39415,100258,39.31357098685392
36067,2000,109896,203629,53.96873726237422
36067,2004,112618,214589,52.480788856837954
36067,2008,129317,218194,59.26698259347186
36067,2012,117470,204717,57.381653697543435
36067,2016,112337,208440,53.894166186912294
36067,2020,138894,235686,58.93179908861791
36067,2024,133155,228381,58.303886925795055
36069,2000,19761,45948,43.0073126142596
36069,2004,20503,50102,40.92251806315117
36069,2008,25103,51020,49.20227361818895
36069,2012,22065,47853,46.10996175788352
36069,2016,22233,52258,42.544682153928584
36069,2020,29025,60085,48.30656569859366
36069,2024,29520,59987,49.2106623101672
36071,2000,58170,126549,45.96638456250148
36071,2004,61642,144673,42.60781210039192
36071,2008,78326,151918,51.55807738385182
36071,2012,70742,140628,50.30434906277556
36071,2016,68278,152021,44.91353168312273
36071,2020,84684,173305,48.864141253858804
36071,2024,80253,175660,45.68655356939542
36073,2000,5991,15843,37.81480780155274
36073,2004,5734,16573,34.59844325107102
36073,2008,6614,16574,39.90587667430916
36073,2012,5505,14706,37.43370053039576
36073,2016,4470,16380,27.28937728937729
36073,2020,5587,18314,30.50671617341924
36073,2024,5366,18071,29.69398483758508
36075,2000,22857,48473,47.15408577971242
36075,2004,23261,51607,45.07334276357858
36075,2008,24777,49255,50.303522485026896
36075,2012,22178,44591,49.73649391132739
36075,2016,17095,48180,35.48152760481528
36075,2020,21143,54852,38.54554072777656
36075,2024,20483,54163,37.81732917305172
36077,2000,11460,25358,45.19283855193627
36077,2004,12402,26652,46.5330932012607
36077,2008,13570,26101,51.99034519750201
36077,2012,11530,24139,47.76502754877998
36077,2016,10451,25668,40.71606669783388
36077,2020,12975,28223,45.97314247245154
36077,2024,13031,28436,45.82571388380926
36079,2000,18525,42547,43.540085082379484
36079,2004,18892,46563,40.57298713570861
36079,2008,21613,47213,45.777645987334
36079,2012,18539,44345,41.806291577404444
36079,2016,19366,48563,39.878096493215
36079,2020,24953,55318,45.108283018185766
36079,2024,23956,55765,42.958845153770284
36081,2000,416967,555930,75.00350763585344
36081,2004,422609,605062,69.8455695449392
36081,2008,447906,597598,74.95105405305908
36081,2012,461391,595073,77.53519316117519
36081,2016,517220,686393,75.35333256603724
36081,2020,569038,794498,71.62233259240426
36081,2024,437282,712191,61.399540291859914
36083,2000,34808,68436,50.86211935238764
36083,2004,34741,72514,47.90936922525306
36083,2008,39753,73986,53.73043548779499
36083,2012,35373,67990,52.02676864244742
36083,2016,32717,71562,45.718398032475335
36083,2020,40969,79962,51.23558690377929
36083,2024,39668,78736,50.38102011786222
36085,2000,73828,142121,51.94728435628795
36085,2004,66255,160126,41.376790777262904
36085,2008,79311,166480,47.639956751561755
36085,2012,75557,154169,49.009204185017744
36085,2016,74143,180960,40.97203801945181
36085,2020,90997,217899,41.76109114773358
36085,2024,69345,199620,34.73850315599639
36087,2000,69530,122580,56.72214064284549
36087,2004,62391,131231,47.542882398213834
36087,2008,69543,132136,52.629866198462196
36087,2012,63908,124442,51.35565162887128
36087,2016,69342,135087,51.33136423193941
36087,2020,75802,151381,50.07365521432676
36087,2024,65880,150072,43.89892851431313
36089,2000,21386,39779,53.762035244727116
36089,2004,22173,41755,53.102622440426295
36089,2008,23706,41242,57.48023859172689
36089,2012,20488,37191,55.088596703503534
36089,2016,16488,39158,42.10633842382144
36089,2020,19361,45267,42.77067179181302
36089,2024,18010,44026,40.90764548221505
36091,2000,43359,95057,45.61368442092639
36091,2004,47367,106873,44.32082939563781
36091,2008,56645,111255,50.91456563749944
36091,2012,50998,105510,48.33475499952611
36091,2016,50913,114094,44.6237313092713
36091,2020,68471,133556,51.26763305280182
36091,2024,66321,130812,50.69947711219154
36093,2000,35534,66946,53.078600663221096
36093,2004,34762,69469,50.039586002389555
36093,2008,38611,69778,55.33405944567056
36093,2012,35330,64933,54.4099302357815
36093,2016,33747,67280,50.1590368608799
36093,2020,42465,75381,56.33382417320014
36093,2024,39733,72165,55.05854638675258
36095,2000,5390,13548,39.784470032477124
36095,2004,5455,14557,37.47338050422477
36095,2008,6009,14381,41.78429872748766
36095,2012,5119,13207,38.75974861815703
36095,2016,4240,14050,30.177935943060497
36095,2020,5345,15810,33.80771663504111
36095,2024,5547,16042,34.5779827951627
36097,2000,3301,8153,40.48816386606157
36097,2004,3290,8590,38.30034924330617
36097,2008,3933,8600,45.73255813953489
36097,2012,3444,8146,42.27841885588018
36097,2016,3091,8772,35.237118103055174
36097,2020,3903,9799,39.83059495866925
36097,2024,3736,9486,39.38435589289479
36099,2000,6841,14333,47.72901695388265
36099,2004,6771,15325,44.182707993474715
36099,2008,7422,14725,50.40407470288625
36099,2012,6715,13266,50.6181215136439
36099,2016,5697,13980,40.75107296137339
36099,2020,6914,15718,43.98778470543326
36099,2024,6610,15034,43.96700811493947
36101,2000,14600,40563,35.99339299361487
36101,2004,14090,42284,33.32229684987229
36101,2008,17148,41891,40.93480699911676
36101,2012,15015,38531,38.96862266746256
36101,2016,12526,42002,29.822389410028094
36101,2020,15790,46516,33.94530914094075
36101,2024,15413,45344,33.99126676076217
36103,2000,306306,573866,53.37587520431599
36103,2004,307011,638712,48.06720399804607
36103,2008,346379,659027,52.559151597734235
36103,2012,287519,586258,49.04308342061004
36103,2016,303951,681254,44.616398582613826
36103,2020,368000,757877,48.556691917026114
36103,2024,341812,762849,44.80729475951335
36105,2000,14348,28524,50.30150049081475
36105,2004,14447,30966,46.65439514306013
36105,2008,16850,31153,54.08788880685649
36105,2012,14612,28415,51.423543902868204
36105,2016,12568,29955,41.956267734935736
36105,2020,15489,35132,44.08801093020608
36105,2024,14549,35062,41.495065883292455
36107,2000,9170,22454,40.8390487218313
36107,2004,9415,23902,39.390009204250696
36107,2008,10172,23090,44.05370290168904
36107,2012,8544,21601,39.55372436461275
36107,2016,7526,22299,33.750392394277775
36107,2020,9634,25170,38.27572506952722
36107,2024,9437,24559,38.42583167067063
36109,2000,21807,40060,54.435846230654015
36109,2004,25659,42402,60.513655016272814
36109,2008,29826,42485,70.20360127103685
36109,2012,24872,39670,62.69725233173683
36109,2016,28890,42678,67.69295655841418
36109,2020,33619,46048,73.00859972202919
36109,2024,34631,46532,74.42405226510789
36111,2000,38162,78225,48.78491530840524
36111,2004,45530,87712,51.908518788763224
36111,2008,52539,86461,60.766125767687164
36111,2012,43837,78315,55.97522824490838
36111,2016,42101,81355,51.74973879909041
36111,2020,57970,98160,59.056642216788916
36111,2024,57974,98534,58.83654373109789
36113,2000,12193,28621,42.60158624785996
36113,2004,13054,31059,42.02968543739335
36113,2008,16281,32206,50.552692044960565
36113,2012,14276,29578,48.265602812901484
36113,2016,13091,31408,41.680463576158935
36113,2020,17642,36394,48.47502335549816
36113,2024,17099,35829,47.72391079851517
36115,2000,9641,23555,40.92973890893653
36115,2004,10295,25103,41.01103453770465
36115,2008,12741,25716,49.545030331311246
36115,2012,10993,23095,47.599047412859925
36115,2016,9098,24528,37.092302674494455
36115,2020,11565,28256,40.92936013590034
36115,2024,11224,28586,39.26397537256
36117,2000,14977,38329,39.0748519397845
36117,2004,15093,41200,36.633495145631066
36117,2008,18184,41002,44.34905614360275
36117,2012,15732,37547,41.89948597757478
36117,2016,13473,39687,33.9481442285887
36117,2020,17456,45031,38.76440674202216
36117,2024,17056,44443,38.37724726053597
36119,2000,218010,371775,58.64030663707888
36119,2004,224992,395770,56.849180079339014
36119,2008,261810,412847,63.415744815876096
36119,2012,234778,388447,60.440163008080894
36119,2016,272926,420655,64.8811971805874
36119,2020,312371,462265,67.57401057834792
36119,2024,287434,457838,62.780721565269815
36121,2000,5935,17627,33.66993816304532
36121,2004,5894,18164,32.44879982382735
36121,2008,6379,17658,36.12526899988674
36121,2012,5357,16335,32.794612794612796
36121,2016,3904,17298,22.569083130997804
36121,2020,5073,19483,26.038084483909046
36121,2024,4929,19041,25.886245470300928
36123,2000,3962,10052,39.4150417827298
36123,2004,4062,10711,37.92362991317337
36123,2008,4890,10264,47.64224473889322
36123,2012,4259,9442,45.10696886252912
36123,2016,3659,10066,36.35008940989469
36123,2020,4219,10788,39.10826844642195
36123,2024,4401,10542,41.747296528173024
37001,2000,17459,47091,37.07502495168929
37001,2004,20686,54175,38.18366405168436
37001,2008,28918,64353,44.93652199586655
37001,2012,28875,67776,42.60357648725213
37001,2016,29833,71157,41.92560113551724
37001,2020,38825,344364,11.274407313191855
37001,2024,40624,359324,11.305673987821576
37003,2000,4166,13492,30.877557070856803
37003,2004,4618,15600,29.602564102564106
37003,2008,5167,17254,29.946679030949348
37003,2012,4611,17196,26.81437543614794
37003,2016,3767,18271,20.61737179136336
37003,2020,4145,80944,5.120824273571852
37003,2024,4060,82708,4.908835904628331
37005,2000,1715,4313,39.76350568050081
37005,2004,1922,4827,39.8176921483323
37005,2008,2021,5263,38.400152004560134
37005,2012,1583,5067,31.241365699625025
37005,2016,1306,5315,24.571966133584194
37005,2020,1486,24304,6.114219881500987
37005,2024,1533,25984,5.899784482758621
37007,2000,4792,7985,60.01252348152787
37007,2004,5413,9225,58.677506775067755
37007,2008,6456,10733,60.150936364483364
37007,2012,7019,11256,62.35785358919688
37007,2016,5859,10545,55.56187766714083
37007,2020,5789,44776,12.928801143469714
37007,2024,5253,43500,12.075862068965519
37009,2000,4011,10316,38.881349360217136
37009,2004,4477,11823,37.86686966083058
37009,2008,4872,13069,37.27905731119443
37009,2012,4116,12610,32.64076130055511
37009,2016,3500,13424,26.072705601907032
37009,2020,4164,63256,6.582774756544834
37009,2024,4431,65012,6.815664800344552
37011,2000,1686,6694,25.18673438900508
37011,2004,1805,7524,23.98989898989899
37011,2008,2178,7943,27.420370137227746
37011,2012,1882,7759,24.255703054517337
37011,2016,1689,8249,20.475209116256515
37011,2020,2191,37832,5.791393529287376
37011,2024,2220,37956,5.848877647802719
37013,2000,6634,17313,38.31802691619014
37013,2004,7025,19522,35.98504251613564
37013,2008,9454,23010,41.086484137331595
37013,2012,9435,23620,39.94496189669771
37013,2016,8764,23938,36.61124571810511
37013,2020,9633,105260,9.151624548736462
37013,2024,9049,106288,8.513660996537709
37015,2000,4660,7176,64.9386845039019
37015,2004,4938,8032,61.47908366533864
37015,2008,6365,9763,65.19512444945201
37015,2012,6695,10123,66.13652079423096
37015,2016,5778,9347,61.816625655290466
37015,2020,5939,39260,15.127356087620988
37015,2024,5279,36744,14.366971478336598
37017,2000,5889,10908,53.98789878987898
37017,2004,6109,12313,49.61422886380248
37017,2008,7853,15480,50.729974160206716
37017,2012,8062,15957,50.52328131854359
37017,2016,7058,15897,44.39831414732339
37017,2020,7326,68500,10.694890510948905
37017,2024,6620,67056,9.872345502266763
37019,2000,13118,28839,45.48701411283332
37019,2004,14903,37977,39.242172894120124
37019,2008,21331,52608,40.54706508515815
37019,2012,22038,57362,38.419162511767375
37019,2016,23282,68351,34.062413132214594
37019,2020,33310,360700,9.234821181036873
37019,2024,40557,437512,9.26991716798625
37021,2000,38545,85476,45.09452945856147
37021,2004,51868,105013,49.39198004056641
37021,2008,69716,123795,56.31568318591219
37021,2012,70625,127696,55.30713569728104
37021,2016,75452,138947,54.30271974205992
37021,2020,96515,646276,14.93402199679394
37021,2024,98662,642040,15.36695532988599
37023,2000,11924,30658,38.89360036532064
37023,2004,11728,30762,38.124959365450884
37023,2008,14901,37443,39.79649066581204
37023,2012,13701,36544,37.49179071803853
37023,2016,11251,38920,28.908016443987666
37023,2020,13118,178408,7.352809291063181
37023,2024,13272,183388,7.2371147512378124
37025,2000,16284,49381,32.97624592454588
37025,2004,19803,60824,32.557871892673944
37025,2008,31546,77994,40.446701028284224
37025,2012,32849,83566,39.309049134815595
37025,2016,35521,93289,38.0763005284653
37025,2020,52162,468908,11.12414375527822
37025,2024,54494,480808,11.33383803930051
37027,2000,8588,26115,32.88531495309209
37027,2004,9999,31348,31.89677172387393
37027,2008,12081,35155,34.36495519840705
37027,2012,10898,34732,31.377404122998964
37027,2016,8425,36320,23.1965859030837
37027,2020,10245,171316,5.980176982885428
37027,2024,10146,174160,5.825677537896187
37029,2000,1187,2831,41.928647121158605
37029,2004,1339,3830,34.960835509138384
37029,2008,1597,4821,33.12590748807301
37029,2012,1508,4704,32.0578231292517
37029,2016,1274,5006,25.449460647223333
37029,2020,1537,23812,6.454728708214345
37029,2024,1522,25216,6.035850253807107
37031,2000,8839,26461,33.40387740448207
37031,2004,7732,25575,30.232649071358747
37031,2008,11130,34597,32.17041940052606
37031,2012,10301,35517,29.003012641833486
37031,2016,9939,37781,26.30687382546783
37031,2020,12093,170780,7.081039934418549
37031,2024,12813,183268,6.991400571840146
37033,2000,4091,8422,48.575160294466876
37033,2004,4539,9437,48.09791247218396
37033,2008,5545,10862,51.04953047320936
37033,2012,5348,11039,48.44641724793913
37033,2016,4792,11070,43.288166214995485
37033,2020,4860,48204,10.082150858849888
37033,2024,4493,48160,9.329318936877076
37035,2000,16246,50841,31.954524891327868
37035,2004,18858,58688,32.13263358778626
37035,2008,25656,69451,36.941152755179914
37035,2012,24069,69601,34.581399692533154
37035,2016,21216,72351,29.323713563046816
37035,2020,25689,333700,7.6982319448606535
37035,2024,26569,348436,7.625216682547153
37037,2000,10461,20931,49.97850078830443
37037,2004,12897,25922,49.753105470256926
37037,2008,17862,32880,54.32481751824818
37037,2012,18361,35434,51.81746345318056
37037,2016,21065,39849,52.862054254811916
37037,2020,26787,194396,13.779604518611494
37037,2024,29014,209204,13.868759679547235
37039,2000,3239,9674,33.48149679553442
37039,2004,3635,11199,32.45825520135727
37039,2008,3785,12586,30.07309709200699
37039,2012,3378,12867,26.253205875495457
37039,2016,2860,14181,20.16783019533178
37039,2020,3583,65692,5.4542410034707425
37039,2024,3686,71296,5.169995511669659
37041,2000,2430,4890,49.693251533742334
37041,2004,2406,5386,44.67137021908652
37041,2008,3688,7512,49.094781682641106
37041,2012,3556,7505,47.381745502998
37041,2016,2992,7228,41.39457664637521
37041,2020,3247,31136,10.42844295991778
37041,2024,2895,30208,9.58355402542373
37043,2000,1361,3852,35.33229491173417
37043,2004,1628,4866,33.456637895602135
37043,2008,1734,5543,31.2826988995129
37043,2012,1579,5642,27.986529599432824
37043,2016,1367,6010,22.745424292845257
37043,2020,1699,27572,6.162048454954301
37043,2024,1899,30912,6.143245341614907
37045,2000,13455,32746,41.08898796799609
37045,2004,14215,37079,38.337064106367485
37045,2008,17363,43835,39.609900764229494
37045,2012,17062,43340,39.36778957083526
37045,2016,14964,44673,33.49674299912699
37045,2020,16955,205232,8.261382240586263
37045,2024,16603,206824,8.027598344486133
37047,2000,9986,18425,54.19810040705563
37047,2004,10343,21191,48.80845642017837
37047,2008,11076,24282,45.614035087719294
37047,2012,11050,24243,45.58016747102256
37047,2016,9063,23732,38.188943199056126
37047,2020,9446,105784,8.92951675111548
37047,2024,8648,105608,8.18877357775926
37049,2000,12213,31985,38.18352352665312
37049,2004,14019,37756,37.13052230109122
37049,2008,19352,44598,43.39208036234809
37049,2012,18763,46170,40.638943036603855
37049,2016,17630,47001,37.509840216165614
37049,2020,21148,212260,9.963252614717799
37049,2024,22011,224692,9.796076406814661
37051,2000,38626,77151,50.06545605371285
37051,2004,45788,95226,48.083506605338876
37051,2008,74693,127575,58.548304918675285
37051,2012,75792,127641,59.379039650269114
37051,2016,71605,127506,56.15814157765124
37051,2020,84469,588600,14.350832483860007
37051,2024,78631,562052,13.989986691622839
37053,2000,2595,6739,38.50719691348865
37053,2004,2909,8976,32.40864527629233
37053,2008,3737,11102,33.66060169338858
37053,2012,3562,11304,31.51096956829441
37053,2016,2913,12669,22.993132843949798
37053,2020,4195,64588,6.495014553787081
37053,2024,4604,72212,6.375671633523513
37055,2000,5589,13002,42.98569450853715
37055,2004,6136,15548,39.46488294314381
37055,2008,8074,18048,44.73625886524823
37055,2012,7393,17974,41.13163458328697
37055,2016,7222,19609,36.830027028405325
37055,2020,9936,96928,10.250907890392869
37055,2024,10074,100784,9.995634227655183
37057,2000,16199,52047,31.123791957269393
37057,2004,17191,59496,28.894379454080948
37057,2008,22433,68581,32.710225864306445
37057,2012,20624,70935,29.074504828363995
37057,2016,18109,74856,24.19178155391685
37057,2020,22636,354056,6.393338906839596
37057,2024,24150,373808,6.4605358900826095
37059,2000,3651,13998,26.082297471067296
37059,2004,4233,16680,25.377697841726622
37059,2008,6178,20368,30.331893165750195
37059,2012,5735,20670,27.745524915336233
37059,2016,5270,21756,24.223202794631366
37059,2020,6713,101244,6.630516376279089
37059,2024,6988,107400,6.506517690875232
37061,2000,6475,14390,44.99652536483669
37061,2004,6923,16583,41.74757281553398
37061,2008,8958,19904,45.00602893890675
37061,2012,9033,20592,43.866550116550115
37061,2016,8283,20856,39.71518987341772
37061,2020,8767,90860,9.648910411622277
37061,2024,8057,91592,8.796619792121582
37063,2000,53907,84604,63.716845539218006
37063,2004,74524,109651,67.96472444391752
37063,2008,103456,136897,75.57214548163948
37063,2012,111224,146735,75.79922990424916
37063,2016,121250,156134,77.6576530416181
37063,2020,144688,719656,20.10516135486955
37063,2024,144450,723648,19.961362430352878
37065,2000,11315,18202,62.16349851664652
37065,2004,12877,21079,61.08923573224536
37065,2008,17403,25930,67.11531045121481
37065,2012,18310,26972,67.88521429630728
37065,2016,16224,24886,65.19328136301536
37065,2020,16089,101908,15.787769360599757
37065,2024,14900,97792,15.236420157068062
37067,2000,52457,120942,43.3736832531296
37067,2004,63340,139125,45.52740341419587
37067,2008,91085,166133,54.8265546279186
37067,2012,92323,174069,53.03816302730526
37067,2016,94464,178312,52.97680470187088
37067,2020,113033,805080,14.039971182988026
37067,2024,114145,818904,13.938752283539952
37069,2000,7454,16051,46.4394741760638
37069,2004,9286,20918,44.39238932976384
37069,2008,13085,26639,49.119711700889674
37069,2012,13436,28389,47.328190496318996
37069,2016,12874,30368,42.393308746048476
37069,2020,15879,149404,10.628229498540868
37069,2024,18167,170668,10.644643401223428
37071,2000,19281,59179,32.58081414015106
37071,2004,20254,63755,31.768488745980704
37071,2008,31384,84402,37.183952986896045
37071,2012,33171,90483,36.659925068797456
37071,2016,31177,96431,32.33088944426585
37071,2020,40959,461992,8.865737934856014
37071,2024,44062,477024,9.236851814583751
37073,2000,1944,3446,56.41323273360418
37073,2004,2121,4053,52.331606217616574
37073,2008,2830,5420,52.2140221402214
37073,2012,2786,5396,51.63083765752409
37073,2016,2385,5392,44.23219584569733
37073,2020,2546,23884,10.6598559705242
37073,2024,2268,23472,9.662576687116564
37075,2000,1006,3361,29.931567985718537
37075,2004,1272,3987,31.903686982693756
37075,2008,1265,4171,30.328458403260612
37075,2012,1119,3947,28.350646060298963
37075,2016,768,4168,18.426103646833013
37075,2020,905,18660,4.84994640943194
37075,2024,839,19116,4.388993513287299
37077,2000,7733,15194,50.895090167171254
37077,2004,9057,18601,48.690930595129295
37077,2008,13074,24725,52.87765419615773
37077,2012,13598,26275,51.75261655566128
37077,2016,12909,27353,47.194092055716006
37077,2020,14565,126392,11.523672384328123
37077,2024,14365,128416,11.186300772489409
37079,2000,2478,5870,42.21465076660988
37079,2004,2665,6472,41.17737948084054
37079,2008,3796,8103,46.846846846846844
37079,2012,3778,8236,45.87178241864983
37079,2016,3605,8095,44.53366275478691
37079,2020,3832,35012,10.944818919227693
37079,2024,3437,33800,10.168639053254438
37081,2000,80787,166264,48.58959245537218
37081,2004,100042,199314,50.19316254753805
37081,2008,142101,241771,58.7750391899773
37081,2012,146365,253852,57.65761152167405
37081,2016,149248,257405,57.98177968570929
37081,2020,173086,1137944,15.210414572246087
37081,2024,171118,1140212,15.007559997614479
37083,2000,10222,16970,60.23571007660578
37083,2004,11528,19647,58.67562477731969
37083,2008,16047,25091,63.95520306085848
37083,2012,17176,26079,65.8614210667587
37083,2016,15748,25167,62.57400564230937
37083,2020,15545,103036,15.086959897511548
37083,2024,14014,95860,14.619236386396828
37085,2000,9155,24167,37.88223610708818
37085,2004,11563,32571,35.50090571367167
37085,2008,16785,40705,41.235720427465914
37085,2012,17331,43415,39.91938270183116
37085,2016,16737,46065,36.33344187561055
37085,2020,22093,233172,9.474979843205872
37085,2024,23472,255028,9.203695280518218
37087,2000,9793,22273,43.96803304449333
37087,2004,11237,25932,43.33256208545426
37087,2008,12730,28067,45.35575586988278
37087,2012,11833,27974,42.29999285050404
37087,2016,10473,30727,34.08403033163016
37087,2020,13144,146168,8.992392315691532
37087,2024,13913,151404,9.18932128609548
37089,2000,12562,38607,32.53814075167716
37089,2004,15003,43234,34.701855021510845
37089,2008,20082,51614,38.90804820397567
37089,2012,18642,52392,35.58176820888686
37089,2016,19827,58176,34.08106435643564
37089,2020,27211,273484,9.949759400915594
37089,2024,29361,279896,10.489967702289421
37091,2000,5484,7897,69.44409269342788
37091,2004,5141,8132,63.219380226266594
37091,2008,7513,10650,70.54460093896714
37091,2012,7843,10918,71.83550100751054
37091,2016,6910,10186,67.83820930689181
37091,2020,7097,42536,16.684690615008464
37091,2024,6191,39372,15.72437265061465
37093,2000,5017,8582,58.45956653460732
37093,2004,5794,11088,52.25468975468976
37093,2008,9227,15627,59.04524220899725
37093,2012,10076,17089,58.96190531921118
37093,2016,9726,18230,53.351618211738895
37093,2020,11804,86556,13.637413928554922
37093,2024,11896,91068,13.062766284534632
37095,2000,1088,2237,48.63656683057667
37095,2004,1048,2293,45.70431748800698
37095,2008,1241,2469,50.26326447954638
37095,2012,1163,2383,48.8040285354595
37095,2016,965,2304,41.88368055555556
37095,2020,1046,9968,10.493579454253611
37095,2024,931,9684,9.613795952085914
37097,2000,15434,45586,33.856885886017636
37097,2004,18065,56973,31.708002036052164
37097,2008,27318,73162,37.33905579399141
37097,2012,26076,76365,34.146533097623255
37097,2016,24734,82567,29.956277931861397
37097,2020,33888,409484,8.275781227105332
37097,2024,36739,443500,8.283878241262684
37099,2000,5722,12121,47.20732612820724
37099,2004,6737,14174,47.53068999576689
37099,2008,8766,16866,51.974386339381006
37099,2012,8095,16701,48.47015148793486
37099,2016,7713,18713,41.21733554213648
37099,2020,9591,85712,11.189798394623857
37099,2024,9746,87768,11.104274906571872
37101,2000,13704,41155,33.29850564937431
37101,2004,17266,54357,31.76407822359586
37101,2008,26795,71017,37.73040257966402
37101,2012,27290,76691,35.58435800811047
37101,2016,28362,85909,33.014003189421366
37101,2020,41257,445428,9.262327469310417
37101,2024,48116,498712,9.648053385521102
37103,2000,1822,3964,45.96367305751766
37103,2004,1893,4513,41.94549080434301
37103,2008,2378,5227,45.49454754161087
37103,2012,2352,5230,44.971319311663486
37103,2016,2065,5135,40.21421616358325
37103,2020,2197,22100,9.941176470588236
37103,2024,2007,21852,9.184514003294893
37105,2000,6785,16283,41.66922557268317
37105,2004,7657,19543,39.18026915007931
37105,2008,10784,23788,45.333781738691776
37105,2012,10801,24239,44.56041915920624
37105,2016,10469,25084,41.73576782012438
37105,2020,12143,116032,10.465216492002206
37105,2024,12245,120324,10.176689604733886
37107,2000,9527,21163,45.017247082171714
37107,2004,10207,23179,44.03554941973338
37107,2008,13378,26897,49.73788898390155
37107,2012,13948,28086,49.661753186641036
37107,2016,12634,26807,47.12948110568135
37107,2020,13605,113636,11.972438311802598
37107,2024,12700,110012,11.544195178707778
37109,2000,8412,24529,34.29410086020629
37109,2004,9434,29579,31.89424929848879
37109,2008,11713,35798,32.71970501145315
37109,2012,11024,36775,29.9768864717879
37109,2016,9897,40023,24.728281238287984
37109,2020,13274,200868,6.608319891670152
37109,2024,14842,222328,6.675722356158468
37111,2000,4747,14011,33.88052244664907
37111,2004,5330,16002,33.30833645794276
37111,2008,6571,18386,35.739149352768415
37111,2012,6031,18099,33.32228299906072
37111,2016,4667,19875,23.481761006289307
37111,2020,5832,92012,6.338303699517454
37111,2024,5911,94620,6.24709363770873
37113,2000,4683,13234,35.38612664349403
37113,2004,5489,15024,36.534877529286476
37113,2008,6620,17238,38.4035270913099
37113,2012,5712,16861,33.876994247079054
37113,2016,4876,17734,27.495206947107253
37113,2020,6230,82972,7.508557103601215
37113,2024,6675,87736,7.608051427008297
37115,2000,3505,8325,42.1021021021021
37115,2004,4234,9463,44.742682024727884
37115,2008,5026,10379,48.424703728682914
37115,2012,4484,10113,44.33896964303372
37115,2016,3926,11269,34.838938681338185
37115,2020,4901,52304,9.370220250841236
37115,2024,5090,54484,9.342192203215623
37117,2000,4929,9366,52.626521460602184
37117,2004,5102,10452,48.81362418675852
37117,2008,6539,12541,52.140977593493346
37117,2012,6583,12652,52.03129939930445
37117,2016,5846,11964,48.86325643597459
37117,2020,5911,50160,11.784290271132376
37117,2024,5360,48160,11.129568106312291
37119,2000,126911,263036,48.248528718502406
37119,2004,166828,323102,51.63323037307104
37119,2008,253958,410817,61.81779235036525
37119,2012,272262,448900,60.65092448206728
37119,2016,294562,472857,62.29409736981793
37119,2020,378107,2268212,16.669826277261564
37119,2024,376454,2310020,16.296568860875663
37121,2000,1535,6600,23.257575757575758
37121,2004,2080,7798,26.673506027186455
37121,2008,2238,7846,28.52408870762172
37121,2012,1838,7765,23.67031551835158
37121,2016,1596,8096,19.713438735177867
37121,2020,1867,36164,5.162592633558235
37121,2024,1915,35368,5.414498982130739
37123,2000,3979,8974,44.33920213951415
37123,2004,4313,10080,42.78769841269841
37123,2008,4926,11210,43.942908117752005
37123,2012,4706,11231,41.90187872851928
37123,2016,4150,11540,35.961871750433275
37123,2020,4327,51396,8.418943108413107
37123,2024,4055,52824,7.676434953808875
37125,2000,11232,31301,35.88383757707421
37125,2004,13555,38382,35.3160335573967
37125,2008,17624,45328,38.88104482880339
37125,2012,16505,46415,35.55962512118927
37125,2016,16329,48692,33.53528300336811
37125,2020,20779,233356,8.90442071341641
37125,2024,21436,247160,8.672924421427416
37127,2000,12376,30513,40.55976141316816
37127,2004,15693,37673,41.655827781169535
37127,2008,23099,47118,49.02372766246445
37127,2012,24313,48492,50.13816712034975
37127,2016,23235,47665,48.746459666421906
37127,2020,25947,209084,12.40984484704712
37127,2024,25508,209884,12.15337996226487
37129,2000,29292,66319,44.168337882054914
37129,2004,35572,81247,43.782539663002936
37129,2008,49145,100665,48.820344707693835
37129,2012,48668,103628,46.96414096576215
37129,2016,50979,111905,45.55560520084
37129,2020,66138,527320,12.542289311992718
37129,2024,68814,554936,12.400348869058774
37131,2000,5513,8200,67.23170731707317
37131,2004,5584,8770,63.671607753705814
37131,2008,6903,10618,65.01224336033151
37131,2012,7232,10756,67.23689103756043
37131,2016,6144,9848,62.38830219333875
37131,2020,6069,40440,15.007418397626113
37131,2024,5239,36860,14.213239283776453
37133,2000,10269,30215,33.986430580837336
37133,2004,11250,37277,30.179467231805134
37133,2008,19499,50203,38.84030834810669
37133,2012,18490,51435,35.948284242247496
37133,2016,17514,57135,30.653714885796795
37133,2020,24266,288940,8.398283380632657
37133,2024,25684,326724,7.861069281717903
37135,2000,30921,49344,62.66415369649806
37135,2004,42910,64153,66.88697332938443
37135,2008,53806,74910,71.82752636497129
37135,2012,53901,76757,70.22291126542206
37135,2016,59923,82340,72.77507894097643
37135,2020,63594,339988,18.704777815687613
37135,2024,65444,351228,18.632910815766397
37137,2000,2188,5242,41.7397939717665
37137,2004,2335,6038,38.671745611129516
37137,2008,2838,6712,42.282479141835516
37137,2012,2647,6762,39.14522330671399
37137,2016,2448,6870,35.63318777292576
37137,2020,2713,30524,8.888088061852969
37137,2024,2676,31904,8.387662988966902
37139,2000,5874,10903,53.87508025314134
37139,2004,6984,13648,51.172332942555684
37139,2008,10272,18180,56.50165016501651
37139,2012,10282,18107,56.78466891257524
37139,2016,8615,17391,49.537116899545744
37139,2020,9832,79588,12.353621148916922
37139,2024,9549,81372,11.734994838519393
37141,2000,6415,14154,45.32287692525081
37141,2004,6999,17085,40.965759438103596
37141,2008,9907,23749,41.715440650132635
37141,2012,9632,24527,39.27100746116525
37141,2016,9354,27885,33.5449166218397
37141,2020,11723,136676,8.577219116743247
37141,2024,12460,155636,8.005859826775296
37143,2000,2033,4306,47.2131908964236
37143,2004,1971,4958,39.753933037515125
37143,2008,2772,6501,42.63959390862944
37143,2012,2759,6652,41.47624774503909
37143,2016,2319,6708,34.570661896243294
37143,2020,2492,29936,8.324425440940674
37143,2024,2269,30664,7.399556483172449
37145,2000,5042,11833,42.609650976083834
37145,2004,6198,15214,40.73879321677402
37145,2008,8446,18632,45.33061399742378
37145,2012,8418,19106,44.05945776195959
37145,2016,7833,19615,39.933724190670404
37145,2020,8465,87576,9.665890198227824
37145,2024,8295,88144,9.410736975857688
37147,2000,19685,43075,45.699361578641906
37147,2004,24924,53643,46.46272579833342
37147,2008,40501,74884,54.08498477645425
37147,2012,41843,78856,53.062544384701226
37147,2016,41824,80527,51.93785935152185
37147,2020,47252,350292,13.489317483699315
37147,2024,45595,348520,13.082462986342247
37149,2000,3114,8303,37.50451643984103
37149,2004,3787,9021,41.9798248531205
37149,2008,4396,10562,41.62090513160386
37149,2012,4013,10389,38.627394359418616
37149,2016,3735,10934,34.15950246936163
37149,2020,4518,49432,9.139828451205696
37149,2024,4827,52272,9.234389348025712
37151,2000,11366,42696,26.620760727000185
37151,2004,12966,50910,25.468473777253976
37151,2008,16414,58147,28.228455466318124
37151,2012,14773,60715,24.33171374454418
37151,2016,13194,64575,20.43205574912892
37151,2020,15618,293264,5.325576954552894
37151,2024,15951,304032,5.246487211872434
37153,2000,7935,14269,55.6100637746163
37153,2004,8383,16145,51.923196035924434
37153,2008,9713,19327,50.25611838360843
37153,2012,9904,19417,51.006849667816866
37153,2016,8501,19328,43.982822847682115
37153,2020,8754,83052,10.54038433752348
37153,2024,7787,79492,9.795954309867659
37155,2000,17834,29747,59.95226409385821
37155,2004,17868,33871,52.75309261610227
37155,2008,23058,40834,56.46764950776314
37155,2012,24988,42946,58.18469706142597
37155,2016,19016,40858,46.541680943756425
37155,2020,19020,188752,10.076714418920064
37155,2024,16728,187080,8.941629249518922
37157,2000,13260,32528,40.764879488440734
37157,2004,14430,37388,38.59527121001391
37157,2008,17255,41612,41.46640392194559
37157,2012,16351,42020,38.91242265587815
37157,2016,14228,42278,33.65343677562799
37157,2020,15992,191236,8.36244221799243
37157,2024,15676,198380,7.902006250630104
37159,2000,14891,44133,33.74119139872658
37159,2004,16735,51867,32.265216804519255
37159,2008,23391,61560,37.99707602339181
37159,2012,22650,62312,36.34933881114392
37159,2016,19400,64369,30.13873137690503
37159,2020,23114,293632,7.871757846556234
37159,2024,23788,301576,7.887895588508369
37161,2000,7697,21716,35.44391232271136
37161,2004,8184,24658,33.19003974369373
37161,2008,9641,28720,33.56894150417828
37161,2012,9374,28702,32.65974496550763
37161,2016,7512,30307,24.786352987758605
37161,2020,9135,137716,6.633216184030904
37161,2024,8914,138680,6.427747331987309
37163,2000,8768,19239,45.57409428764489
37163,2004,9649,22288,43.29235463029433
37163,2008,11836,26038,45.45664029495353
37163,2012,11566,26174,44.18888973790785
37163,2016,10547,25928,40.67803147176797
37163,2020,10966,114472,9.579635194632749
37163,2024,9797,112804,8.684975710081202
37165,2000,5627,9403,59.84260342443901
37165,2004,6386,11547,55.30440807136052
37165,2008,8151,14217,57.3327706267145
37165,2012,8215,14156,58.03192992370726
37165,2016,7319,13928,52.54882251579552
37165,2020,7186,59100,12.159052453468696
37165,2024,6754,58504,11.544509777109258
37167,2000,7066,22818,30.966780611797706
37167,2004,7650,25553,29.937776386334285
37167,2008,8878,28506,31.144320493931104
37167,2012,8431,28717,29.35891632134276
37167,2016,7094,29917,23.71227061536919
37167,2020,8129,135756,5.987948967264798
37167,2024,8881,146856,6.04742060249496
37169,2000,5030,17182,29.274822488650916
37169,2004,5767,19414,29.705367260739674
37169,2008,6875,21743,31.619371751828172
37169,2012,6018,21619,27.836625190804387
37169,2016,4665,22550,20.687361419068736
37169,2020,5286,102804,5.141823275358935
37169,2024,5380,108700,4.949402023919043
37171,2000,7757,23358,33.209178868053776
37171,2004,8304,25992,31.948291782086795
37171,2008,10475,29525,35.47840812870449
37171,2012,9112,29470,30.919579233118426
37171,2016,7488,32196,23.257547521431235
37171,2020,8721,146552,5.950788798515203
37171,2024,8613,150032,5.740775301269062
37173,2000,2097,4370,47.98627002288329
37173,2004,2419,5044,47.957969865186364
37173,2008,2806,5798,48.39599862021387
37173,2012,2618,5728,45.70530726256983
37173,2016,2196,6124,35.85891574134553
37173,2020,2780,28272,9.83305036785512
37173,2024,2643,28208,9.369682359614293
37175,2000,5044,14225,35.45869947275923
37175,2004,6097,15588,39.11342057993328
37175,2008,7275,16909,43.02442486249926
37175,2012,6826,16763,40.720634731253355
37175,2016,6558,17869,36.70043091387319
37175,2020,8444,81616,10.346010586159576
37175,2024,8972,83120,10.794032723772858
37177,2000,849,1566,54.214559386973185
37177,2004,731,1590,45.9748427672956
37177,2008,933,1910,48.84816753926702
37177,2012,837,1783,46.943353897924844
37177,2016,720,1739,41.403105232892464
37177,2020,758,7268,10.42927903137039
37177,2024,680,7028,9.675583380762664
37179,2000,14890,47161,31.57269777994529
37179,2004,17974,61001,29.465090736217437
37179,2008,31189,86089,36.22878648840154
37179,2012,32473,94728,34.28025504602652
37179,2016,34337,105710,32.48226279443761
37179,2020,48725,524044,9.297883383837998
37179,2024,51168,557420,9.179433820099746
37181,2000,7092,12701,55.83812298244233
37181,2004,8762,15677,55.89079543279964
37181,2008,13166,20871,63.08274639451871
37181,2012,13323,20854,63.887024072120454
37181,2016,12229,19977,61.21539770736347
37181,2020,12431,83996,14.799514262583932
37181,2024,11292,80368,14.05036830579335
37183,2000,123466,268220,46.031615837745136
37183,2004,169909,348844,48.706298517388866
37183,2008,250891,442245,56.73122364300332
37183,2012,267262,486427,54.943907307776904
37183,2016,302736,527624,57.37722317407851
37183,2020,393336,2527320,15.563363562983715
37183,2024,402984,2614320,15.414486367391902
37185,2000,4576,6795,67.34363502575424
37185,2004,5171,8027,64.42008222249906
37185,2008,7086,10195,69.5046591466405
37185,2012,6978,10162,68.66758512103917
37185,2016,6413,9842,65.15952042267831
37185,2020,6400,41172,15.544544836296511
37185,2024,5872,40052,14.660940776989914
37187,2000,2704,4890,55.29652351738241
37187,2004,2969,5471,54.267958325717416
37187,2008,3748,6454,58.07251317012705
37187,2012,3833,6499,58.97830435451608
37187,2016,3510,6165,56.934306569343065
37187,2020,3396,24820,13.682514101531023
37187,2024,3138,23776,13.198183041722746
37189,2000,7959,18723,42.50921326710463
37189,2004,11232,24050,46.7027027027027
37189,2008,14558,28372,51.3111518398421
37189,2012,13002,27674,46.982727469827275
37189,2016,14138,29985,47.15024178756045
37189,2020,17122,128880,13.285226567349472
37189,2024,17225,132380,13.0117842574407
37191,2000,13005,33884,38.38094675953253
37191,2004,15076,40046,37.646706287769064
37191,2008,22671,49882,45.44926025419991
37191,2012,23314,51352,45.40037389001402
37191,2016,21770,50689,42.948174160074174
37191,2020,24215,222148,10.900390730503988
37191,2024,22618,219048,10.325590738103065
37193,2000,7226,24323,29.7085063520125
37193,2004,7862,27154,28.95337703469102
37193,2008,8934,29724,30.05651998385143
37193,2012,8148,29145,27.956767884714363
37193,2016,6638,31296,21.210378323108383
37193,2020,7511,141864,5.294507415552924
37193,2024,7194,145280,4.95181718061674
37195,2000,11266,24826,45.379843712237175
37195,2004,14206,30535,46.52366137219584
37195,2008,19652,37191,52.84074103949881
37195,2012,20875,39109,53.376460661228876
37195,2016,19663,38135,51.561557624229714
37195,2020,20754,162940,12.737203878728367
37195,2024,19909,160180,12.429142215008115
37197,2000,3127,13682,22.854845782780295
37197,2004,3451,15313,22.53640697446614
37197,2008,4527,17147,26.40111972939873
37197,2012,3957,16813,23.53535954321061
37197,2016,3160,17624,17.93009532455742
37197,2020,3763,79692,4.721929428298951
37197,2024,3739,81588,4.582781781634554
37199,2000,3714,8764,42.3779096303058
37199,2004,4434,9431,47.015162761106986
37199,2008,4486,9717,46.16651229803438
37199,2012,3981,9451,42.12252671674955
37199,2016,3196,9960,32.088353413654616
37199,2020,3688,45408,8.121916842847074
37199,2024,3635,45132,8.05415226446867
38001,2000,286,1160,24.655172413793103
38001,2004,353,1291,27.3431448489543
38001,2008,435,1271,34.22501966955153
38001,2012,328,1286,25.505443234836704
38001,2016,216,1218,17.733990147783253
38001,2020,258,1269,20.33096926713948
38001,2024,215,1201,17.90174854288093
38003,2000,1933,5748,33.62908837856646
38003,2004,2186,5813,37.605367280233956
38003,2008,2741,5694,48.138391289076225
38003,2012,2394,5522,43.353857298080406
38003,2016,1597,5344,29.883982035928142
38003,2020,1820,5565,32.70440251572327
38003,2024,1661,5339,31.1106948866829
38005,2000,952,2154,44.19684308263695
38005,2004,1196,2246,53.25022261798753
38005,2008,1569,2374,66.09098567818029
38005,2012,1235,2157,57.25544738062124
38005,2016,842,2011,41.86971655892591
38005,2020,822,1961,41.917389087200405
38005,2024,795,2002,39.71028971028971
38007,2000,82,525,15.619047619047619
38007,2004,99,564,17.5531914893617
38007,2008,114,499,22.84569138276553
38007,2012,89,578,15.397923875432525
38007,2016,59,605,9.75206611570248
38007,2020,72,635,11.338582677165354
38007,2024,93,647,14.374034003091191
38009,2000,1173,3690,31.788617886178862
38009,2004,1168,3674,31.790963527490472
38009,2008,1387,3516,39.448236632536975
38009,2012,1183,3555,33.27707454289733
38009,2016,736,3494,21.064682312535776
38009,2020,821,3471,23.653125900316912
38009,2024,735,3447,21.32288946910357
38011,2000,330,1471,22.433718558803534
38011,2004,397,1716,23.135198135198134
38011,2008,478,1640,29.146341463414632
38011,2012,414,1737,23.83419689119171
38011,2016,227,1787,12.702853945159484
38011,2020,228,1657,13.759806879903442
38011,2024,207,1618,12.793572311495675
38013,2000,296,1039,28.488931665062562
38013,2004,336,1165,28.841201716738198
38013,2008,286,943,30.3287380699894
38013,2012,230,1023,22.482893450635384
38013,2016,119,1052,11.311787072243346
38013,2020,137,1155,11.861471861471863
38013,2024,130,1056,12.31060606060606
38015,2000,9842,34482,28.542427933414533
38015,2004,11621,38814,29.940227752872673
38015,2008,15600,41772,37.34559034760127
38015,2012,14122,43387,32.54892018346509
38015,2016,10881,47979,22.678671918964547
38015,2020,14348,50753,28.27025003448072
38015,2024,14215,52263,27.19897441784819
38017,2000,21451,58995,36.36070853462158
38017,2004,26010,66711,38.98907226694248
38017,2008,37622,71419,52.67785883308363
38017,2012,34712,73855,47.000203100670234
38017,2016,31361,80821,38.80303386496084
38017,2020,40311,86053,46.844386598956454
38017,2024,40304,90851,44.36274779584154
38019,2000,618,2371,26.064951497258544
38019,2004,887,2444,36.292962356792145
38019,2008,930,2130,43.66197183098591
38019,2012,818,2069,39.53600773320445
38019,2016,476,2006,23.728813559322035
38019,2020,474,2020,23.465346534653463
38019,2024,491,1987,24.71061902365375
38021,2000,806,2786,28.930366116295765
38021,2004,883,2821,31.30095710740872
38021,2008,1044,2620,39.84732824427481
38021,2012,853,2535,33.64891518737673
38021,2016,554,2407,23.01620274200249
38021,2020,608,2424,25.082508250825082
38021,2024,557,2453,22.706889523033023
38023,2000,306,794,38.539042821158695
38023,2004,487,1268,38.40694006309148
38023,2008,464,1131,41.02564102564102
38023,2012,385,1162,33.13253012048193
38023,2016,245,1219,20.098441345365053
38023,2020,265,1202,22.04658901830283
38023,2024,253,1201,21.065778517901748
38025,2000,474,1728,27.430555555555557
38025,2004,571,1774,32.18714768883878
38025,2008,527,1644,32.05596107055961
38025,2012,508,2034,24.97541789577188
38025,2016,358,2243,15.960766830138207
38025,2020,342,2338,14.627887082976903
38025,2024,332,2242,14.80820695807315
38027,2000,458,1268,36.1198738170347
38027,2004,534,1213,44.02308326463314
38027,2008,583,1165,50.042918454935624
38027,2012,486,1157,42.00518582541054
38027,2016,355,1231,28.838342810722988
38027,2020,383,1261,30.37272006344171
38027,2024,316,1205,26.224066390041497
38029,2000,405,1992,20.33132530120482
38029,2004,611,2113,28.916232844297205
38029,2008,546,1837,29.722373434948285
38029,2012,383,1884,20.32908704883227
38029,2016,215,1981,10.853104492680464
38029,2020,237,2009,11.796913887506221
38029,2024,205,1930,10.621761658031089
38031,2000,474,1743,27.19449225473322
38031,2004,518,1766,29.331823329558325
38031,2008,687,1651,41.61114476075106
38031,2012,607,1682,36.087990487514865
38031,2016,347,1719,20.18615474112856
38031,2020,373,1778,20.97862767154106
38031,2024,335,1703,19.67116852613036
38033,2000,156,812,19.21182266009852
38033,2004,195,927,21.035598705501616
38033,2008,210,875,24
38033,2012,162,928,17.45689655172414
38033,2016,99,957,10.344827586206897
38033,2020,137,1026,13.352826510721247
38033,2024,122,991,12.31079717457114
38035,2000,10593,28385,37.319006517526866
38035,2004,12646,30470,41.50311782080735
38035,2008,16104,31153,51.69325586620871
38035,2012,14032,30029,46.728162775983215
38035,2016,10851,30365,35.73522147208958
38035,2020,12880,30970,41.58863416209235
38035,2024,12469,31411,39.696284741014296
38037,2000,235,1427,16.468114926419062
38037,2004,264,1242,21.256038647342994
38037,2008,280,1329,21.068472535741158
38037,2012,334,1413,23.637650389242744
38037,2016,185,1381,13.39608979000724
38037,2020,207,1381,14.98913830557567
38037,2024,205,1306,15.696784073506892
38039,2000,484,1469,32.94758339006126
38039,2004,505,1439,35.093815149409316
38039,2008,598,1314,45.50989345509893
38039,2012,536,1343,39.91064780342517
38039,2016,298,1265,23.557312252964426
38039,2020,308,1250,24.64
38039,2024,301,1289,23.351435221101628
38041,2000,353,1519,23.23897300855826
38041,2004,405,1494,27.10843373493976
38041,2008,406,1348,30.118694362017806
38041,2012,313,1362,22.980910425844346
38041,2016,168,1296,12.962962962962962
38041,2020,196,1312,14.939024390243901
38041,2024,192,1306,14.701378254211333
38043,2000,283,1276,22.178683385579937
38043,2004,433,1369,31.62892622352082
38043,2008,422,1228,34.36482084690554
38043,2012,393,1328,29.593373493975903
38043,2016,179,1376,13.00872093023256
38043,2020,221,1460,15.136986301369863
38043,2024,238,1398,17.02432045779685
38045,2000,689,2468,27.91734197730956
38045,2004,712,2335,30.49250535331906
38045,2008,868,2241,38.73270861222669
38045,2012,740,2194,33.72835004557885
38045,2016,502,2151,23.337982333798234
38045,2020,527,2219,23.749436683190623
38045,2024,453,2123,21.337729627885068
38047,2000,223,1145,19.47598253275109
38047,2004,265,1130,23.451327433628318
38047,2008,299,1057,28.2876064333018
38047,2012,232,1073,21.62162162162162
38047,2016,114,1067,10.684161199625116
38047,2020,128,1076,11.895910780669144
38047,2024,117,1033,11.32623426911907
38049,2000,888,2737,32.444282060650345
38049,2004,1030,2820,36.52482269503546
38049,2008,981,2416,40.604304635761594
38049,2012,943,2712,34.77138643067846
38049,2016,490,2820,17.375886524822697
38049,2020,564,3003,18.78121878121878
38049,2024,479,2752,17.405523255813954
38051,2000,350,1637,21.380574221136225
38051,2004,436,1722,25.319396051103364
38051,2008,579,1532,37.793733681462136
38051,2012,459,1530,30
38051,2016,235,1446,16.251728907330566
38051,2020,261,1455,17.938144329896907
38051,2024,229,1390,16.47482014388489
38053,2000,653,2364,27.622673434856175
38053,2004,847,2762,30.666183924692252
38053,2008,933,2715,34.3646408839779
38053,2012,927,3451,26.861779194436398
38053,2016,698,4672,14.940068493150685
38053,2020,814,5419,15.02122162760657
38053,2024,809,5521,14.653142546640103
38055,2000,1465,4646,31.532501076194574
38055,2004,1664,4750,35.031578947368416
38055,2008,1867,4736,39.4214527027027
38055,2012,1670,4938,33.81936006480357
38055,2016,1081,5315,20.338664158043272
38055,2020,1230,5536,22.21820809248555
38055,2024,1093,5421,20.16233167312304
38057,2000,1011,4353,23.225361819434873
38057,2004,1245,4617,26.96556205328135
38057,2008,1476,4397,33.56834205139868
38057,2012,1166,4455,26.172839506172842
38057,2016,621,4682,13.263562580093977
38057,2020,704,4675,15.058823529411763
38057,2024,672,4555,14.753018660812295
38059,2000,3439,11223,30.642430722623182
38059,2004,4073,12633,32.240956225757934
38059,2008,5079,13264,38.2916164053076
38059,2012,4469,13613,32.82891353852935
38059,2016,3080,15832,19.454269833249114
38059,2020,3872,16619,23.29863409350743
38059,2024,3748,17036,22.000469593801363
38061,2000,1256,2896,43.370165745856355
38061,2004,1465,3030,48.349834983498354
38061,2008,1477,2938,50.27229407760381
38061,2012,1403,3457,40.58432166618455
38061,2016,1220,4106,29.712615684364348
38061,2020,1256,4165,30.15606242496999
38061,2024,1125,4073,27.620918242082006
38063,2000,687,1840,37.336956521739125
38063,2004,778,1922,40.4786680541103
38063,2008,907,1752,51.76940639269406
38063,2012,767,1678,45.709177592371866
38063,2016,536,1717,31.217239370995927
38063,2020,586,1777,32.97692740574001
38063,2024,580,1761,32.935831913685405
38065,2000,244,1051,23.215984776403424
38065,2004,310,1119,27.70330652368186
38065,2008,332,1040,31.92307692307692
38065,2012,281,1013,27.73938795656466
38065,2016,119,1017,11.701081612586037
38065,2020,129,1066,12.101313320825517
38065,2024,156,1087,14.351425942962281
38067,2000,1093,3779,28.92299550145541
38067,2004,1321,3856,34.25829875518672
38067,2008,1494,3307,45.176897490172365
38067,2012,1253,3255,38.494623655913976
38067,2016,681,3153,21.59847764034253
38067,2020,786,3331,23.596517562293606
38067,2024,704,3112,22.62210796915167
38069,2000,500,1971,25.367833587011667
38069,2004,686,2195,31.25284738041002
38069,2008,792,2139,37.02664796633941
38069,2012,660,2178,30.303030303030305
38069,2016,431,2071,20.81120231772091
38069,2020,497,2128,23.355263157894736
38069,2024,439,1970,22.284263959390863
38071,2000,1658,4977,33.31324090817762
38071,2004,1885,4900,38.46938775510204
38071,2008,2314,4762,48.59302813943721
38071,2012,2164,4999,43.28865773154631
38071,2016,1505,5305,28.36946277097078
38071,2020,1639,5372,30.51005212211467
38071,2024,1513,5239,28.879557167398357
38073,2000,1080,2719,39.72048547260022
38073,2004,1199,2602,46.079938508839355
38073,2008,1371,2433,56.35018495684341
38073,2012,1343,2425,55.38144329896907
38073,2016,838,2359,35.523526918185674
38073,2020,945,2454,38.50855745721272
38073,2024,920,2649,34.730086825217064
38075,2000,443,1332,33.25825825825826
38075,2004,497,1469,33.83253914227365
38075,2008,505,1346,37.518573551263
38075,2012,398,1278,31.142410015649453
38075,2016,201,1293,15.54524361948956
38075,2020,220,1319,16.67930250189538
38075,2024,179,1208,14.817880794701988
38077,2000,2490,8015,31.06674984404242
38077,2004,2821,8215,34.33962264150943
38077,2008,3513,7563,46.449821499405
38077,2012,3198,7613,42.00709313017207
38077,2016,2064,7592,27.186512118018967
38077,2020,2510,7812,32.13005632360471
38077,2024,2473,8261,29.935843118266554
38079,2000,2681,4398,60.959527057753526
38079,2004,2564,4044,63.402571711177046
38079,2008,3403,4534,75.05513895015439
38079,2012,3353,4552,73.65992970123023
38079,2016,2099,3755,55.89880159786951
38079,2020,2482,3804,65.24710830704522
38079,2024,2567,4075,62.99386503067485
38081,2000,959,2184,43.91025641025641
38081,2004,1021,2200,46.409090909090914
38081,2008,1115,1927,57.861961598339384
38081,2012,1075,2007,53.562531141006474
38081,2016,694,1997,34.75212819228843
38081,2020,738,2070,35.65217391304348
38081,2024,663,2043,32.45227606461087
38083,2000,161,928,17.349137931034484
38083,2004,200,944,21.1864406779661
38083,2008,229,803,28.51805728518057
38083,2012,163,822,19.829683698296837
38083,2016,95,787,12.07115628970775
38083,2020,104,812,12.807881773399016
38083,2024,101,757,13.34214002642008
38085,2000,724,1041,69.54851104707012
38085,2004,804,1140,70.52631578947368
38085,2008,1145,1378,83.09143686502178
38085,2012,900,1144,78.67132867132867
38085,2016,758,1232,61.52597402597403
38085,2020,804,1186,67.79089376053963
38085,2024,654,953,68.62539349422875
38087,2000,85,442,19.230769230769234
38087,2004,89,432,20.60185185185185
38087,2008,106,411,25.790754257907544
38087,2012,83,437,18.993135011441648
38087,2016,43,430,10
38087,2020,44,427,10.304449648711945
38087,2024,33,389,8.483290488431876
38089,2000,2784,9777,28.474992328935254
38089,2004,3013,10400,28.971153846153847
38089,2008,3802,11070,34.345076784101174
38089,2012,2812,11633,24.172612395770653
38089,2016,1753,12322,14.226586593085539
38089,2020,2499,15050,16.6046511627907
38089,2024,2473,15100,16.37748344370861
38091,2000,475,1210,39.25619834710744
38091,2004,616,1213,50.78318219291014
38091,2008,614,1032,59.496124031007746
38091,2012,518,1042,49.71209213051823
38091,2016,361,999,36.13613613613614
38091,2020,392,1088,36.029411764705884
38091,2024,367,1015,36.1576354679803
38093,2000,3067,9118,33.63676244790524
38093,2004,3438,10122,33.965619442797866
38093,2008,4056,9784,41.45543744889616
38093,2012,3585,9558,37.50784682988073
38093,2016,2498,10155,24.598719842442147
38093,2020,2676,9959,26.870167687518826
38093,2024,2692,10134,26.564041839352676
38095,2000,410,1189,34.48275862068966
38095,2004,606,1391,43.56578001437815
38095,2008,621,1197,51.8796992481203
38095,2012,516,1182,43.65482233502538
38095,2016,305,1157,26.36127917026793
38095,2020,317,1174,27.001703577512775
38095,2024,289,1114,25.94254937163375
38097,2000,1512,4112,36.77042801556421
38097,2004,1651,4248,38.8653483992467
38097,2008,2136,4041,52.85820341499628
38097,2012,1811,3921,46.18719714358582
38097,2016,1241,3933,31.5535214848716
38097,2020,1493,4136,36.09767891682785
38097,2024,1359,4115,33.025516403402186
38099,2000,1743,5182,33.635661906599765
38099,2004,1905,5186,36.733513305052064
38099,2008,2325,4882,47.62392462105694
38099,2012,2124,5096,41.679748822605966
38099,2016,1167,4636,25.172562553925797
38099,2020,1333,4783,27.869537946895257
38099,2024,1173,4496,26.089857651245552
38101,2000,7533,22482,33.506805444355486
38101,2004,8236,25612,32.1568014992972
38101,2008,10144,25621,39.59252175949416
38101,2012,8441,25463,33.15006087263873
38101,2016,5806,27412,21.18050488837006
38101,2020,7293,28246,25.81958507399278
38101,2024,7215,28552,25.269683384701597
38103,2000,661,2410,27.427385892116185
38103,2004,858,2561,33.50253807106599
38103,2008,841,2377,35.38073201514514
38103,2012,673,2379,28.289197141656157
38103,2016,419,2383,17.582878724297103
38103,2020,442,2374,18.618365627632688
38103,2024,405,2253,17.976031957390145
38105,2000,2330,7807,29.845010887664913
38105,2004,2512,8929,28.133049613618542
38105,2008,2921,9373,31.16398164941854
38105,2012,2322,9808,23.674551386623165
38105,2016,1735,12807,13.547278831888812
38105,2020,2169,14334,15.131854332356633
38105,2024,2276,15122,15.050919190583256
39001,2000,3581,10235,34.98778700537372
39001,2004,4280,11999,35.66963913659472
39001,2008,4170,11388,36.617492096944154
39001,2012,3976,11089,35.85535215078005
39001,2016,2326,11359,20.477154679109077
39001,2020,2156,12145,17.752161383285305
39001,2024,2098,12429,16.879877705366482
39003,2000,13996,43795,31.957986071469346
39003,2004,16483,49274,33.451718959288876
39003,2008,19521,50263,38.837713626325524
39003,2012,17913,48235,37.13693376179123
39003,2016,13294,45894,28.96674946616115
39003,2020,14149,48006,29.47339915843853
39003,2024,12754,46369,27.505445448467725
39005,2000,6685,21258,31.446984664596854
39005,2004,8555,24920,34.329855537720704
39005,2008,9300,25168,36.951684678957406
39005,2012,8281,24330,34.036169338265516
39005,2016,5740,24590,23.342822285481905
39005,2020,6541,26405,24.771823518273052
39005,2024,6544,26663,24.543374714023177
39007,2000,19831,39472,50.24067693554925
39007,2004,24061,45409,52.98729326785438
39007,2008,25027,44874,55.77171636136738
39007,2012,23803,43064,55.273546349619174
39007,2016,15577,40867,38.11632857807032
39007,2020,16497,44147,37.36833759938388
39007,2024,15345,43374,35.37833725273205
39009,2000,13158,25447,51.70747042873424
39009,2004,18997,30044,63.23059512714685
39009,2008,20722,31098,66.63451025789439
39009,2012,18307,27638,66.23851219335697
39009,2016,16370,29443,55.59895391094658
39009,2020,14772,26059,56.68674929966614
39009,2024,14134,25776,54.83395406579764
39011,2000,5564,19892,27.971043635632416
39011,2004,5904,23031,25.63501367721766
39011,2008,6727,23486,28.642595588861447
39011,2012,5831,23405,24.913480025635547
39011,2016,3980,23627,16.845134803402885
39011,2020,4651,25777,18.04321682119719
39011,2024,4442,25629,17.331928674548365
39013,2000,15980,30141,53.0174844895657
39013,2004,17574,33320,52.74309723889555
39013,2008,16302,32411,50.29773842214064
39013,2012,14156,31564,44.84856165251552
39013,2016,8785,31122,28.22762033288349
39013,2020,9138,33088,27.617263056092845
39013,2024,8080,31037,26.0334439539904
39015,2000,5972,16429,36.35035607766754
39015,2004,7140,19892,35.89382666398552
39015,2008,7503,20113,37.30423109431711
39015,2012,7107,19392,36.649133663366335
39015,2016,4353,19607,22.20125465395012
39015,2020,4380,21096,20.762229806598405
39015,2024,4069,21444,18.975004663309083
39017,2000,46390,136737,33.926442733130024
39017,2004,56234,166802,33.71302502368077
39017,2008,66030,173776,37.99719178712826
39017,2012,62388,170191,36.65763759540751
39017,2016,58642,173839,33.7335120427522
39017,2020,69613,186737,37.27863251524872
39017,2024,66713,183197,36.41598934480368
39019,2000,4960,12261,40.45347035315227
39019,2004,6298,14110,44.63501063075832
39019,2008,6423,13953,46.03311115889056
39019,2012,5543,13262,41.79610918413512
39019,2016,3154,13074,24.124216001223804
39019,2020,3251,14212,22.87503518153673
39019,2024,3071,13819,22.22302626818149
39021,2000,5955,15680,37.97831632653062
39021,2004,6967,18775,37.10785619174434
39021,2008,7385,18887,39.10096892042145
39021,2012,7044,18421,38.238966397046845
39021,2016,4594,18104,25.37560760053027
39021,2020,5062,19972,25.345483677148007
39021,2024,4944,20475,24.14652014652015
39023,2000,27984,57559,48.61793985302038
39023,2004,33534,68803,48.73915381596733
39023,2008,31958,66770,47.86281264040737
39023,2012,31298,64144,48.793339985033676
39023,2016,23328,61429,37.97554900779762
39023,2020,24076,64212,37.49454930542578
39023,2024,21847,62855,34.75777583326704
39025,2000,20927,69877,29.948337793551527
39025,2004,25885,89042,29.070550975943938
39025,2008,31611,95480,33.10745705906996
39025,2012,30458,96273,31.637115286736677
39025,2016,26715,99121,26.951907264858104
39025,2020,34092,110480,30.858073859522083
39025,2024,36130,114143,31.653277029690823
39027,2000,4791,15070,31.79163901791639
39027,2004,5417,18414,29.417834256543934
39027,2008,6558,19306,33.96871438930902
39027,2012,5791,18144,31.916887125220462
39027,2016,4066,18675,21.772423025435074
39027,2020,4697,20527,22.88205777756126
39027,2024,4633,20779,22.296549400837385
39029,2000,20657,44427,46.496499876201405
39029,2004,23426,49463,47.36065341770617
39029,2008,21882,48480,45.13613861386139
39029,2012,19821,46051,43.04141060997589
39029,2016,12432,46201,26.908508473842556
39029,2020,13359,49860,26.793020457280388
39029,2024,12064,48053,25.105612552806278
39031,2000,5594,14268,39.20661620409307
39031,2004,6878,16242,42.34700160078808
39031,2008,7689,16863,45.596868884540115
39031,2012,6940,15739,44.09428807421056
39031,2016,4013,15552,25.80375514403292
39031,2020,4125,16739,24.643049166616883
39031,2024,3835,16337,23.474322090959173
39033,2000,6721,19176,35.049019607843135
39033,2004,7773,21801,35.65432778312921
39033,2008,8288,21173,39.14419307608747
39033,2012,7507,19803,37.90839771751755
39033,2016,4625,19237,24.04221032385507
39033,2020,4916,20686,23.764865126172293
39033,2024,4683,20245,23.131637441343543
39035,2000,359913,574782,62.617305343591134
39035,2004,448486,673766,66.5640593321717
39035,2008,458204,665114,68.89104724904303
39035,2012,447232,644281,69.41567421668495
39035,2016,398271,603822,65.95834534018303
39035,2020,416176,625670,66.51685393258427
39035,2024,376384,576520,65.28550614029001
39037,2000,7741,23267,33.27029698714918
39037,2004,7849,26317,29.824828057909336
39037,2008,7964,25793,30.87659442484395
39037,2012,6826,25401,26.8729577575686
39037,2016,4470,25484,17.540417516873333
39037,2020,4731,27134,17.435689540797522
39037,2024,4583,27002,16.972816828383085
39039,2000,6175,16242,38.018716906784874
39039,2004,6975,18512,37.67826274848747
39039,2008,8399,19197,43.75162785851956
39039,2012,7732,18288,42.27909011373578
39039,2016,5368,18192,29.507475813544414
39039,2020,5981,19381,30.860120736804085
39039,2024,5667,19156,29.58342033827521
39041,2000,17134,55403,30.92612313412631
39041,2004,27048,80455,33.618793114163196
39041,2008,36653,92416,39.660881232686975
39041,2012,37292,98761,37.75984447302073
39041,2016,40872,103860,39.35297515886771
39041,2020,57735,126070,45.79598635678591
39041,2024,61657,133392,46.22241213865899
39043,2000,17732,35015,50.64115379123233
39043,2004,21408,40076,53.41850484080247
39043,2008,23148,41229,56.14494651822746
39043,2012,21793,39405,55.305164319248824
39043,2016,16057,37578,42.729788706157855
39043,2020,17493,40335,43.36928226106359
39043,2024,16871,39749,42.44383506503308
39045,2000,19065,54094,35.244204532850226
39045,2004,24774,67855,36.51020558543954
39045,2008,29250,71946,40.65549161871404
39045,2012,29890,72068,41.47471832158517
39045,2016,24881,72913,34.12423024700671
39045,2020,31224,83311,37.478844330280516
39045,2024,31695,84457,37.52797281456836
39047,2000,3363,9278,36.247035999137744
39047,2004,4334,11756,36.866281047975505
39047,2008,4401,11694,37.63468445356593
39047,2012,4249,11020,38.55716878402904
39047,2016,2739,11162,24.538613151764917
39047,2020,2975,12612,23.588645734221377
39047,2024,2773,12571,22.058706546814097
39049,2000,202018,414074,48.787897815366335
39049,2004,285800,525824,54.35278724440117
39049,2008,334684,560291,59.73395967452627
39049,2012,346336,570983,60.65609659131708
39049,2016,351198,581140,60.432597997040304
39049,2020,409144,630577,64.8840664978266
39049,2024,380518,598225,63.6078398595846
39051,2000,6805,18896,36.012912785774766
39051,2004,8224,21953,37.46185031658543
39051,2008,9900,21973,45.05529513493833
39051,2012,9073,21268,42.6603347752492
39051,2016,6069,21225,28.59363957597173
39051,2020,6664,22770,29.266578831796224
39051,2024,6374,22454,28.38692437872985
39053,2000,4872,12776,38.134001252348156
39053,2004,5364,13992,38.336192109777016
39053,2008,4777,13318,35.86874906142064
39053,2012,4557,12595,36.181024215958715
39053,2016,2628,12931,20.32325419534452
39053,2020,2990,13799,21.668236828755706
39053,2024,2592,13002,19.935394554683896
39055,2000,15327,42600,35.97887323943662
39055,2004,19840,50419,39.35024494734128
39055,2008,21250,51102,41.583499667332
39055,2012,19659,50997,38.54932643096653
39055,2016,17569,49941,35.17951182395226
39055,2020,21201,56021,37.844736795130395
39055,2024,20604,54894,37.53415673844136
39057,2000,25059,65204,38.43169130728176
39057,2004,30530,79272,38.51296800888082
39057,2008,33540,83589,40.124896816566775
39057,2012,32256,83490,38.634567014013655
39057,2016,28943,81858,35.357570426836716
39057,2020,34798,88643,39.256342858432134
39057,2024,35575,90041,39.5097788785109
39059,2000,6643,15430,43.052495139338944
39059,2004,7768,17840,43.54260089686099
39059,2008,7625,17325,44.01154401154401
39059,2012,7450,16814,44.30831449982158
39059,2016,4359,16557,26.327233194419282
39059,2020,4577,18230,25.10696653867252
39059,2024,4154,17601,23.600931765240613
39061,2000,161578,377899,42.75692711544619
39061,2004,199499,423634,47.0923013733553
39061,2008,224644,424082,52.97183091949198
39061,2012,219927,418894,52.50182623766394
39061,2016,215719,409109,52.72897931847014
39061,2020,246266,430929,57.147697184454984
39061,2024,233360,410085,56.905275735518245
39063,2000,8798,30617,28.73566972596923
39063,2004,10343,35606,29.04847497612762
39063,2008,13870,36981,37.505746193991506
39063,2012,12564,35694,35.19919314170449
39063,2016,9609,36023,26.67462454542931
39063,2020,11757,38771,30.324211395114904
39063,2024,11467,37943,30.221648261866484
39065,2000,4557,12068,37.76102088167053
39065,2004,4889,13385,36.52596189764662
39065,2008,5013,13114,38.226323013573285
39065,2012,4619,12449,37.103381797734755
39065,2016,2920,12294,23.75142345859769
39065,2020,3062,13247,23.114667471880427
39065,2024,2863,12893,22.205848134646708
39067,2000,3351,7161,46.79514034352744
39067,2004,3780,8109,46.614872364039954
39067,2008,3683,7787,47.29677667908052
39067,2012,2950,7141,41.310740792606076
39067,2016,1688,7079,23.845175872298345
39067,2020,1768,7655,23.09601567602874
39067,2024,1559,7110,21.92686357243319
39069,2000,4367,13252,32.953516450347124
39069,2004,5110,15103,33.83433754883136
39069,2008,6320,14840,42.58760107816711
39069,2012,5658,14236,39.744310199494244
39069,2016,3756,13932,26.959517657192077
39069,2020,4062,14764,27.512869141154162
39069,2024,3905,14912,26.186963519313306
39071,2000,5328,15447,34.49213439502816
39071,2004,6194,18482,33.513688994697546
39071,2008,6857,19188,35.735876589535124
39071,2012,6049,17839,33.908851393015304
39071,2016,3773,18501,20.393492243662507
39071,2020,3799,19676,19.307786135393375
39071,2024,3609,19987,18.05673687897133
39073,2000,4474,10756,41.595388620304945
39073,2004,6173,13196,46.779327068808726
39073,2008,6231,12895,48.321054672353625
39073,2012,6157,12728,48.37366436203646
39073,2016,3775,12838,29.40489172768344
39073,2020,3880,13824,28.067129629629626
39073,2024,3704,13489,27.459411372229226
39075,2000,2066,9145,22.591580098414436
39075,2004,2695,11218,24.02389017650205
39075,2008,3141,11113,28.264195086835237
39075,2012,2608,11536,22.607489597780862
39075,2016,1788,11054,16.175140220734576
39075,2020,1994,12947,15.401251255117016
39075,2024,1854,12335,15.030401297122012
39077,2000,8183,21360,38.309925093632955
39077,2004,10585,25592,41.360581431697405
39077,2008,12076,25582,47.2050660620749
39077,2012,11006,24663,44.62555244698536
39077,2016,7192,24834,28.960296367882744
39077,2020,7759,27190,28.536226553880102
39077,2024,7496,27216,27.54262198706643
39079,2000,5131,12490,41.080864691753405
39079,2004,5699,14333,39.76138979976279
39079,2008,5397,13993,38.56928464232116
39079,2012,5166,13381,38.60698004633436
39079,2016,3226,13693,23.55948294749142
39079,2020,3311,14794,22.380694876301202
39079,2024,2953,14287,20.669139777420032
39081,2000,17488,34636,50.49081880124726
39081,2004,19019,36366,52.29885057471264
39081,2008,17635,35939,49.06925623973956
39081,2012,15385,33069,46.5239348029877
39081,2016,9675,32201,30.045650756187698
39081,2020,10018,33362,30.0281757688388
39081,2024,8592,31267,27.47945117855886
39083,2000,7133,21260,33.551269990592665
39083,2004,9828,27066,36.31123919308357
39083,2008,11014,28231,39.01385002302433
39083,2012,10470,28388,36.88178103423982
39083,2016,8171,28687,28.483285111723077
39083,2020,8589,31398,27.35524555704185
39083,2024,8698,32104,27.093197109394467
39085,2000,46497,102564,45.33462033462033
39085,2004,59049,121823,48.47114255928683
39085,2008,60155,121335,49.577615692092145
39085,2012,57680,118404,48.71457045370089
39085,2016,46397,116246,39.91277119212704
39085,2020,55514,130509,42.53653004773617
39085,2024,54484,128579,42.37394908966472
39087,2000,11307,24452,46.24161622771143
39087,2004,12111,27706,43.71255323756587
39087,2008,11262,27194,41.41354710597926
39087,2012,10744,25833,41.59021406727829
39087,2016,6974,26607,26.21114744240238
39087,2020,7489,28127,26.625662175134213
39087,2024,6514,26713,24.385130835173886
39089,2000,23196,62466,37.133800787628466
39089,2004,30051,79416,37.839981867633725
39089,2008,33896,82283,41.194414399086085
39089,2012,34201,81390,42.021132817299424
39089,2016,27376,82761,33.07838232984135
39089,2020,33055,94210,35.086508863178004
39089,2024,32832,95060,34.53818640858405
39091,2000,5945,18455,32.21349227851531
39091,2004,6825,21398,31.895504252733904
39091,2008,7936,22217,35.720394292658774
39091,2012,7062,21137,33.410606992477646
39091,2016,4647,21571,21.542812108849844
39091,2020,5055,23368,21.632146525162614
39091,2024,5027,23406,21.477398957532255
39093,2000,59809,112180,53.31520770190765
39093,2004,78965,140730,56.11099268102039
39093,2008,85276,146859,58.06658087008627
39093,2012,81464,143253,56.867220930800755
39093,2016,66949,140562,47.62951580085656
39093,2020,75667,157437,48.061764388295
39093,2024,74207,159007,46.66901457168552
39095,2000,108344,187350,57.82973045102749
39095,2004,132536,220189,60.19192602718574
39095,2008,142852,219830,64.9829413637811
39095,2012,136616,210218,64.98777459589569
39095,2016,110833,197556,56.10206726194092
39095,2020,115411,200623,57.52630555818625
39095,2024,106320,190609,55.7791080169352
39097,2000,5287,14667,36.04690802481762
39097,2004,6200,17398,35.63628003218761
39097,2008,6532,17451,37.430519740989055
39097,2012,6845,17517,39.07632585488383
39097,2016,4779,17290,27.640254482359744
39097,2020,5698,19855,28.698060941828256
39097,2024,5713,20669,27.64042769364749
39099,2000,69212,114119,60.64897168744907
39099,2004,83069,132731,62.58447536747256
39099,2008,79173,127032,62.32524088418666
39099,2012,77059,121310,63.52238067760284
39099,2016,57381,115072,49.865301724137936
39099,2020,57641,118966,48.45165845703814
39099,2024,50636,112705,44.92790914333881
39101,2000,10370,24815,41.78924037880314
39101,2004,11930,29258,40.77517260236517
39101,2008,12870,29017,44.35331012854534
39101,2012,12504,27352,45.71512138052062
39101,2016,7928,26322,30.11929184712408
39101,2020,8269,27818,29.725357682076353
39101,2024,7902,27359,28.88263459921781
39103,2000,26635,66883,39.8232734775653
39103,2004,36264,84867,42.73038990420305
39103,2008,40924,90451,45.24438646338902
39103,2012,38785,90783,42.72275646321448
39103,2016,32182,91373,35.22046994188655
39103,2020,39800,105825,37.60926057169856
39103,2024,39771,107045,37.153533560652065
39105,2000,3674,9795,37.50893312914753
39105,2004,4437,10771,41.19394670875499
39105,2008,4094,10354,39.54027429012942
39105,2012,4027,10218,39.41084360931689
39105,2016,2260,9985,22.633950926389584
39105,2020,2492,10951,22.755912702036344
39105,2024,2202,10400,21.173076923076923
39107,2000,5212,18294,28.490215371159945
39107,2004,5117,20888,24.497319034852545
39107,2008,5853,21271,27.5163367965775
39107,2012,4745,21661,21.90572919071142
39107,2016,3384,21726,15.575807787903894
39107,2020,4030,23761,16.960565632759565
39107,2024,3865,23753,16.2716288468825
39109,2000,15584,42841,36.37636843210943
39109,2004,17611,51780,34.011201235998456
39109,2008,18372,52807,34.79084212320336
39109,2012,16383,51936,31.544593345656192
39109,2016,13120,52734,24.87958432889597
39109,2020,15663,57972,27.018215690333264
39109,2024,15969,59188,26.98013110765696
39111,2000,3605,7115,50.66760365425158
39111,2004,4243,7729,54.89714063915125
39111,2008,3705,6982,53.065024348324265
39111,2012,3035,6782,44.75081097021528
39111,2016,1662,6795,24.45916114790287
39111,2020,1605,7148,22.45383324006715
39111,2024,1336,6796,19.658622719246615
39113,2000,114597,230987,49.611882919818
39113,2004,142977,282553,50.60183399220677
39113,2008,145997,278511,52.420550714334446
39113,2012,137139,266278,51.50218944111041
39113,2016,122016,258301,47.23791235806288
39113,2020,135064,268505,50.30222900877078
39113,2024,126767,254837,49.74434638612132
39115,2000,2261,5993,37.727348573335554
39115,2004,2873,6700,42.88059701492538
39115,2008,2966,6608,44.884987893462466
39115,2012,2814,6129,45.91287322564855
39115,2016,1736,6443,26.943970200217287
39115,2020,1725,6847,25.193515408207972
39115,2024,1560,6782,23.002064287820705
39117,2000,4529,12839,35.275332969857466
39117,2004,5775,16329,35.36652581297079
39117,2008,6177,16643,37.11470287808689
39117,2012,5933,16184,36.659663865546214
39117,2016,3761,16548,22.727822093304326
39117,2020,4048,18457,21.93205829766484
39117,2024,4100,18857,21.742588959007264
39119,2000,13415,32624,41.1200343305542
39119,2004,16421,38863,42.253557368190826
39119,2008,17730,39071,45.37892554580124
39119,2012,17001,37085,45.84333288391533
39119,2016,11123,36991,30.06947635911438
39119,2020,11971,40465,29.583590757444707
39119,2024,10874,39331,27.647402812031224
39121,2000,2296,5988,38.34335337341349
39121,2004,2654,6540,40.58103975535168
39121,2008,2474,6172,40.08425145819832
39121,2012,2131,5872,36.29087193460491
39121,2016,1221,6013,20.306003658739396
39121,2020,1170,6343,18.445530506069684
39121,2024,1069,6161,17.351079370232107
39123,2000,9485,19968,47.5010016025641
39123,2004,11114,23257,47.78776282409597
39123,2008,12049,23069,52.23026572456544
39123,2012,11503,22456,51.224617028856436
39123,2016,8285,22218,37.28958502115402
39123,2020,9008,24007,37.52238930311992
39123,2024,8866,23960,37.003338898163605
39125,2000,3384,8946,37.82696177062374
39125,2004,3610,9879,36.54216013766576
39125,2008,4165,9769,42.634865390521036
39125,2012,3538,9128,38.759859772129715
39125,2016,2093,9047,23.134740798054604
39125,2020,2213,9467,23.3759374669906
39125,2024,1987,9277,21.41856203514067
39127,2000,5895,12828,45.954162768942936
39127,2004,7257,15188,47.78114300763761
39127,2008,7261,15404,47.137107244871466
39127,2012,7033,14984,46.936732514682326
39127,2016,4138,14995,27.59586528842948
39127,2020,4098,16675,24.575712143928037
39127,2024,3800,16992,22.36346516007533
39129,2000,6598,17740,37.192784667418266
39129,2004,8578,22850,37.540481400437635
39129,2008,9077,23726,38.25760768776869
39129,2012,9684,24123,40.14426066409651
39129,2016,6529,24745,26.385128308749245
39129,2020,7304,28271,25.835661985780483
39129,2024,7397,29280,25.262978142076502
39131,2000,4923,10560,46.61931818181818
39131,2004,5989,12575,47.62624254473161
39131,2008,6033,12506,48.24084439469055
39131,2012,5684,11581,49.0803902944478
39131,2016,3539,11879,29.792070039565623
39131,2020,3110,12412,25.056397035127297
39131,2024,2793,12218,22.85971517433295
39133,2000,31446,62899,49.99443552361723
39133,2004,40674,76646,53.06734858961981
39133,2008,41856,78205,53.52087462438463
39133,2012,39453,76239,51.74910478888758
39133,2016,32397,76139,42.54981021552687
39133,2020,35661,82872,43.031421951925864
39133,2024,34759,83226,41.764592795520635
39135,2000,6375,18166,35.09303093691511
39135,2004,7274,21126,34.4315062008899
39135,2008,6999,21002,33.32539758118274
39135,2012,6211,20169,30.794784074569886
39135,2016,4325,20565,21.030877704838318
39135,2020,4493,21809,20.60158650098583
39135,2024,4343,21656,20.05448836350203
39137,2000,4063,17344,23.42596863468635
39137,2004,4392,18849,23.300970873786408
39137,2008,5281,18680,28.270877944325484
39137,2012,4318,18372,23.503156978010015
39137,2016,2922,18767,15.56988330580274
39137,2020,3195,19921,16.038351488379096
39137,2024,2996,19758,15.163478084826398
39139,2000,20572,52779,38.97762367608329
39139,2004,24645,61867,39.83545347277224
39139,2008,25727,61122,42.09122738130297
39139,2012,22687,57715,39.3086719223772
39139,2016,16085,55214,29.13210417647698
39139,2020,17640,59975,29.41225510629429
39139,2024,16591,58362,28.427744080052086
39141,2000,11662,26016,44.82626076260763
39141,2004,13977,31669,44.13464271053712
39141,2008,14455,31840,45.39886934673367
39141,2012,14569,30083,48.429345477512214
39141,2016,10356,30380,34.0882159315339
39141,2020,10557,33299,31.70365476440734
39141,2024,9846,32932,29.89797157779667
39143,2000,11146,25744,43.29552517091361
39143,2004,12653,28955,43.698843032291485
39143,2008,15601,30373,51.36469891021631
39143,2012,14541,28994,50.15175553562806
39143,2016,9929,28044,35.40507773498788
39143,2020,10596,30074,35.23309170712243
39143,2024,10139,29716,34.119666173105394
39145,2000,13997,29945,46.74236099515779
39145,2004,16823,35197,47.79668721766059
39145,2008,14926,32571,45.82604157072242
39145,2012,15077,31161,48.38419819646353
39145,2016,9132,30784,29.66476091476091
39145,2020,9080,32047,28.333385340281463
39145,2024,8021,31180,25.72482360487492
39147,2000,9512,24351,39.06205083980124
39147,2004,10958,26991,40.59871809121559
39147,2008,13087,27449,47.677511020437905
39147,2012,11353,25262,44.94101812999762
39147,2016,7404,23987,30.866719473047898
39147,2020,8266,25810,32.02634637737311
39147,2024,7765,25263,30.736650437398566
39149,2000,6593,19670,33.51804778851042
39149,2004,6534,22854,28.590181149908112
39149,2008,7317,23668,30.91515970931215
39149,2012,6343,23866,26.57755803234727
39149,2016,4243,23740,17.872788542544228
39149,2020,4465,25258,17.67756750336527
39149,2024,4350,25288,17.201834862385322
39151,2000,75308,159844,47.11343559970972
39151,2004,95338,188456,50.58899690113342
39151,2008,96990,187545,51.71558825881788
39151,2012,89432,181477,49.280074058971664
39151,2016,68146,175239,38.88746226581982
39151,2020,75904,189879,39.9749314036834
39151,2024,71090,184193,38.59538636104521
39153,2000,119759,224839,53.26433581362664
39153,2004,156578,276304,56.66874167583531
39153,2008,155105,269059,57.64720748980707
39153,2012,153037,267711,57.16500255872937
39153,2016,134256,257979,52.04144523391439
39153,2020,151668,280473,54.07579339187729
39153,2024,145005,273571,53.004521678101845
39155,2000,57643,96239,59.89567638898991
39155,2004,66673,108144,61.652056517236275
39155,2008,64145,106888,60.011413816331114
39155,2012,61672,101719,60.62977418181461
39155,2016,43014,96029,44.79271886617584
39155,2020,44519,101001,44.07778140810487
39155,2024,39758,96532,41.18634235279493
39157,2000,15879,37118,42.7797833935018
39157,2004,18854,42904,43.94462054820064
39157,2008,21498,42950,50.0535506402794
39157,2012,18407,41613,44.23377309975248
39157,2016,12188,41289,29.51875802271792
39157,2020,12889,44015,29.283198909462683
39157,2024,12032,43023,27.966436557190338
39159,2000,5040,17024,29.605263157894733
39159,2004,6665,22630,29.45205479452055
39159,2008,8761,24928,35.145218228498074
39159,2012,8805,25567,34.438925176985954
39159,2016,7718,27429,28.13810200882278
39159,2020,11141,33445,33.31140678726267
39159,2024,12934,37301,34.67467360124393
39161,2000,4209,13219,31.840532566759965
39161,2004,4094,14826,27.613651692971807
39161,2008,5178,14652,35.33988533988534
39161,2012,4029,13866,29.05668541756815
39161,2016,2697,13770,19.586056644880173
39161,2020,3067,14965,20.49448713665219
39161,2024,3000,14729,20.367981533030076
39163,2000,2037,4946,41.18479579458148
39163,2004,2651,5930,44.70489038785835
39163,2008,2463,5646,43.623804463336874
39163,2012,2436,5467,44.558258642765686
39163,2016,1351,5502,24.55470737913486
39163,2020,1331,6030,22.07296849087894
39163,2024,1169,5738,20.372952248170094
39165,2000,19142,69078,27.71070384203364
39165,2004,26043,94419,27.582372192037617
39165,2008,33398,106216,31.44347367628229
39165,2012,32909,111004,29.646679398940577
39165,2016,33730,117267,28.763420229049945
39165,2020,46069,136100,33.84937545922116
39165,2024,47128,139619,33.754718197380015
39167,2000,10383,26515,39.15896662266641
39167,2004,12475,30101,41.443805853626124
39167,2008,12368,29932,41.32032607243084
39167,2012,11651,29499,39.496254110308826
39167,2016,8026,29840,26.896782841823057
39167,2020,9243,32031,28.856420342792923
39167,2024,8600,31000,27.741935483870968
39169,2000,14779,42436,34.826562352719385
39169,2004,19786,51848,38.16154914365067
39169,2008,21712,52142,41.640136550189865
39169,2012,19808,51064,38.79053736487545
39169,2016,15031,49853,30.150642890096886
39169,2020,16660,54283,30.69100823462226
39169,2024,15898,53150,29.911571025399812
39171,2000,5454,15919,34.26094603932408
39171,2004,6481,18639,34.77117871130426
39171,2008,8174,18397,44.431157253900096
39171,2012,7266,17706,41.03693663165029
39171,2016,4358,17308,25.179107926970186
39171,2020,4842,18651,25.96107447321859
39171,2024,4644,18275,25.41176470588235
39173,2000,22687,52194,43.46668199409894
39173,2004,29401,63346,46.413348909165535
39173,2008,34285,65023,52.727496424342156
39173,2012,32802,63948,51.29480202664665
39173,2016,27318,64341,42.45815265538304
39173,2020,30617,67597,45.2934301818128
39173,2024,30016,67586,44.41156452519753
39175,2000,3397,9827,34.568026864760355
39175,2004,3707,11044,33.56573705179283
39175,2008,4461,10977,40.639518994260726
39175,2012,4137,10572,39.1316685584563
39175,2016,2515,10592,23.744335347432024
39175,2020,2733,11390,23.99473222124671
39175,2024,2731,11390,23.977172958735732
40001,2000,2361,5977,39.50142211811946
40001,2004,2562,7533,34.01035444046197
40001,2008,2052,6690,30.672645739910315
40001,2012,2127,6508,32.68285187461586
40001,2016,1382,6513,21.21910026101643
40001,2020,1387,21324,6.504408178578128
40001,2024,2578,58048,4.441152149944873
40003,2000,583,2507,23.254886318308735
40003,2004,470,2671,17.59640584050917
40003,2008,411,2434,16.88578471651602
40003,2012,322,2083,15.458473355736919
40003,2016,216,2258,9.565987599645705
40003,2020,232,6786,3.418803418803419
40003,2024,472,17280,2.7314814814814814
40005,2000,1906,4324,44.079555966697505
40005,2004,1946,5088,38.24685534591195
40005,2008,1370,4881,28.068018848596598
40005,2012,1243,4781,25.998745032419997
40005,2016,795,5018,15.84296532483061
40005,2020,765,16167,4.73186119873817
40005,2024,1558,45296,3.4395973154362416
40007,2000,339,2456,13.802931596091206
40007,2004,297,2569,11.56091864538731
40007,2008,265,2464,10.75487012987013
40007,2012,244,2306,10.581092801387685
40007,2016,176,2243,7.846633972358448
40007,2020,190,6534,2.9078665442301808
40007,2024,316,16992,1.85969868173258
40009,2000,2408,6532,36.86466625842009
40009,2004,1931,7385,26.14759647935003
40009,2008,1625,7397,21.968365553602812
40009,2012,1417,6925,20.462093862815884
40009,2016,960,7552,12.711864406779661
40009,2020,1048,23844,4.39523569870827
40009,2024,2186,61424,3.5588694972649124
40011,2000,1402,4094,34.24523693209575
40011,2004,1222,4421,27.64080524768152
40011,2008,1011,4112,24.58657587548638
40011,2012,992,3816,25.995807127882596
40011,2016,711,3793,18.74505668336409
40011,2020,688,11703,5.878834486883705
40011,2024,1342,30288,4.4307976756471215
40013,2000,5554,11746,47.28418184914013
40013,2004,5745,14360,40.00696378830084
40013,2008,4426,13733,32.22893759557271
40013,2012,3681,13201,27.88425119309143
40013,2016,2804,13818,20.29237226805616
40013,2020,3323,47928,6.93331664162911
40013,2024,7138,142496,5.009263417920503
40015,2000,4272,9210,46.384364820846905
40015,2004,3916,10407,37.62851926587874
40015,2008,3404,9817,34.6745441580931
40015,2012,3164,8851,35.74737317817196
40015,2016,2420,9348,25.88789045785195
40015,2020,2670,29577,9.027284714474085
40015,2024,4828,75968,6.35530749789385
40017,2000,8367,31360,26.68048469387755
40017,2004,9712,43009,22.581320188797694
40017,2008,11426,47854,23.876791908722364
40017,2012,10537,46162,22.826134049651227
40017,2016,11674,55278,21.1187090705163
40017,2020,16742,185820,9.009794424712087
40017,2024,42076,584592,7.19749842625284
40019,2000,6659,16458,40.46056628995018
40019,2004,6466,18644,34.68139884145033
40019,2008,5603,18844,29.733602207599237
40019,2012,4908,17122,28.66487559864502
40019,2016,4002,18534,21.59274846228553
40019,2020,4470,58437,7.649263309204785
40019,2024,8554,155904,5.486709770114943
40021,2000,7256,14468,50.15205971799834
40021,2004,8623,18192,47.39995602462621
40021,2008,7194,16380,43.91941391941392
40021,2012,6144,14306,42.94701523836152
40021,2016,5456,16490,33.08671922377198
40021,2020,6027,53142,11.341311956644462
40021,2024,11652,142584,8.17202491163104
40023,2000,2799,5315,52.662276575729074
40023,2004,2639,5807,45.44515240227312
40023,2008,1860,5590,33.273703041144906
40023,2012,1494,5066,29.49072246348204
40023,2016,1067,5426,19.664577957980097
40023,2020,1082,17496,6.1842706904435305
40023,2024,1888,45112,4.185139209079624
40025,2000,227,1484,15.296495956873315
40025,2004,184,1426,12.903225806451612
40025,2008,152,1271,11.959087332808812
40025,2012,115,1197,9.60735171261487
40025,2016,71,1079,6.580166821130677
40025,2020,70,3162,2.213788741302973
40025,2024,132,7480,1.7647058823529411
40027,2000,27792,76171,36.48632681729267
40027,2004,34007,99727,34.10009325458502
40027,2008,39681,104430,37.99770180982476
40027,2012,34771,93887,37.03494626519113
40027,2016,38829,109450,35.47647327546825
40027,2020,49827,359334,13.866486333049474
40027,2024,98864,954352,10.359280433215417
40029,2000,1148,2362,48.602878916172735
40029,2004,1203,2599,46.287033474413235
40029,2008,600,2272,26.408450704225352
40029,2012,649,2359,27.511657481983892
40029,2016,411,2399,17.13213839099625
40029,2020,374,7572,4.939249867934495
40029,2024,690,20304,3.3983451536643026
40031,2000,11971,29333,40.810691030579896
40031,2004,12022,33192,36.21957098095926
40031,2008,14120,34247,41.229888749379505
40031,2012,12521,30185,41.480867980785156
40031,2016,11463,32564,35.2014494533841
40031,2020,13747,106893,12.860524075477347
40031,2024,25646,274272,9.350571695251428
40033,2000,1068,2482,43.02981466559226
40033,2004,898,2640,34.015151515151516
40033,2008,690,2483,27.788964961739833
40033,2012,657,2453,26.78353037097432
40033,2016,424,2602,16.295157571099157
40033,2020,393,7716,5.093312597200622
40033,2024,784,20048,3.910614525139665
40035,2000,2568,5484,46.82713347921225
40035,2004,2504,6398,39.137230384495155
40035,2008,2073,5931,34.95194739504299
40035,2012,1747,5306,32.92499057670562
40035,2016,1252,5785,21.642178046672427
40035,2020,1217,18096,6.725243147656941
40035,2024,2424,48448,5.00330250990753
40037,2000,9753,23741,41.080830630554736
40037,2004,9929,28777,34.503249122563155
40037,2008,8318,28505,29.180845465707772
40037,2012,7128,26114,27.295703454085928
40037,2016,5841,28830,20.260145681581683
40037,2020,6577,91515,7.186799978145659
40037,2024,13286,250496,5.303877107818089
40039,2000,3115,9743,31.971671969619216
40039,2004,2801,10640,26.325187969924812
40039,2008,2660,10502,25.328508855456107
40039,2012,2359,9805,24.059153493115755
40039,2016,2104,10541,19.960155582961768
40039,2020,2369,32073,7.38627506001933
40039,2024,4558,81344,5.603363493312353
40041,2000,5514,13353,41.2940912154572
40041,2004,5591,15608,35.82137365453614
40041,2008,5085,15362,33.10115870329384
40041,2012,4196,14276,29.391986550854583
40041,2016,3311,15716,21.067701705268515
40041,2020,3472,51735,6.711123997293901
40041,2024,6950,144864,4.7976032692732495
40043,2000,599,2220,26.981981981981985
40043,2004,408,2251,18.125277654375832
40043,2008,346,2203,15.705855651384477
40043,2012,301,2093,14.381270903010032
40043,2016,222,2248,9.875444839857652
40043,2020,214,7077,3.0238801752154867
40043,2024,418,17720,2.358916478555305
40045,2000,468,2013,23.248882265275707
40045,2004,395,2080,18.990384615384613
40045,2008,282,1909,14.772132006286013
40045,2012,226,1801,12.54858411993337
40045,2016,155,1827,8.483853311439518
40045,2020,162,5619,2.8830752802989856
40045,2024,394,14496,2.717991169977925
40047,2000,6543,21683,30.17571369275469
40047,2004,5586,23271,24.004125306175066
40047,2008,5545,22612,24.52237749867327
40047,2012,4733,19910,23.77197388247112
40047,2016,4397,21710,20.25333947489636
40047,2020,4919,67290,7.31015009659682
40047,2024,9698,174752,5.549578831715802
40049,2000,4189,9843,42.558163161637715
40049,2004,3707,11317,32.75603075019882
40049,2008,3028,10738,28.19891972434345
40049,2012,2559,9484,26.982285955293122
40049,2016,1855,10546,17.589607434098237
40049,2020,1865,32766,5.691875724836721
40049,2024,3604,87928,4.098808115731053
40051,2000,6037,16276,37.09142295404276
40051,2004,5970,20106,29.69262906595046
40051,2008,5520,20715,26.64735698769008
40051,2012,4786,19619,24.394719404658748
40051,2016,3882,22286,17.41900744862245
40051,2020,4144,69303,5.979539125290391
40051,2024,9072,202264,4.485227227781513
40053,2000,709,2503,28.326008789452654
40053,2004,571,2521,22.64974216580722
40053,2008,514,2350,21.872340425531913
40053,2012,393,2068,19.003868471953577
40053,2016,288,2201,13.084961381190368
40053,2020,280,6678,4.1928721174004195
40053,2024,590,17000,3.4705882352941178
40055,2000,839,2152,38.98698884758364
40055,2004,719,2248,31.983985765124558
40055,2008,566,2114,26.773888363292336
40055,2012,488,1832,26.637554585152838
40055,2016,323,1896,17.035864978902953
40055,2020,328,5919,5.541476600777159
40055,2024,608,14688,4.139433551198257
40057,2000,507,1205,42.0746887966805
40057,2004,354,1192,29.697986577181208
40057,2008,333,1090,30.550458715596328
40057,2012,264,923,28.602383531960996
40057,2016,225,977,23.029682702149437
40057,2020,177,2799,6.32368703108253
40057,2024,330,7056,4.67687074829932
40059,2000,374,1683,22.22222222222222
40059,2004,268,1665,16.096096096096097
40059,2008,221,1563,14.139475367882278
40059,2012,173,1434,12.06415620641562
40059,2016,134,1499,8.939292861907939
40059,2020,136,4461,3.048643801838153
40059,2024,294,11608,2.532736044107512
40061,2000,2510,4628,54.23509075194468
40061,2004,2378,5324,44.665664913598796
40061,2008,1474,4681,31.488998077333903
40061,2012,1175,4244,27.6861451460886
40061,2016,882,4738,18.615449556775012
40061,2020,783,15042,5.2054248105305145
40061,2024,1436,39488,3.636547811993517
40063,2000,2334,4585,50.9051254089422
40063,2004,2283,5349,42.680874929893434
40063,2008,1709,4843,35.28804460045426
40063,2012,1370,4208,32.55703422053232
40063,2016,961,4526,21.232876712328768
40063,2020,919,14571,6.307048246517054
40063,2024,1662,37272,4.459111397295557
40065,2000,2515,8159,30.82485598725334
40065,2004,2232,9256,24.11408815903198
40065,2008,2264,8983,25.2031615273294
40065,2012,1954,7919,24.674832680894053
40065,2016,1473,7806,18.87009992313605
40065,2020,1646,24663,6.673965048858614
40065,2024,3204,64424,4.973301875077611
40067,2000,1245,2593,48.013883532587734
40067,2004,1057,2603,40.60699193238571
40067,2008,805,2457,32.763532763532766
40067,2012,605,2239,27.020991514068783
40067,2016,365,2350,15.53191489361702
40067,2020,319,7155,4.4584206848357795
40067,2024,638,19000,3.3578947368421055
40069,2000,1809,3930,46.030534351145036
40069,2004,1713,4348,39.397424103035874
40069,2008,1249,3957,31.564316401314123
40069,2012,1137,3786,30.031695721077657
40069,2016,786,4018,19.56197112991538
40069,2020,738,12753,5.7868736767819335
40069,2024,1368,33840,4.042553191489362
40071,2000,6122,18162,33.7077414381676
40071,2004,5957,20078,29.6692897698974
40071,2008,5463,18693,29.224843524313915
40071,2012,4627,16126,28.69279424531812
40071,2016,3738,16803,22.24602749509016
40071,2020,4040,51747,7.807215877248923
40071,2024,8272,135304,6.113640394962455
40073,2000,1304,6056,21.532364597093792
40073,2004,1022,6652,15.363800360793748
40073,2008,1009,6381,15.812568562921173
40073,2012,898,5768,15.568654646324548
40073,2016,786,6131,12.82009460120698
40073,2020,854,19395,4.403196700180459
40073,2024,1846,54032,3.4164939295232455
40075,2000,1544,3750,41.17333333333333
40075,2004,1413,4023,35.123042505592835
40075,2008,1226,3763,32.5803879883072
40075,2012,1106,3422,32.32028053769726
40075,2016,767,3493,21.95820211852276
40075,2020,699,10281,6.7989495185293265
40075,2024,1316,26224,5.0183038438072
40077,2000,1865,3669,50.83128917961297
40077,2004,1945,4480,43.41517857142857
40077,2008,1313,4173,31.464174454828658
40077,2012,1170,3798,30.80568720379147
40077,2016,797,4056,19.649901380670613
40077,2020,762,12747,5.977877147564133
40077,2024,1362,32632,4.173817112037264
40079,2000,6536,14985,43.61695028361695
40079,2004,6741,17424,38.688016528925615
40079,2008,5136,16741,30.67917089779583
40079,2012,4662,15839,29.433676368457608
40079,2016,3250,17221,18.87230706695314
40079,2020,3299,56415,5.847735531330319
40079,2024,6368,150032,4.24442785539085
40081,2000,4140,11701,35.381591316981456
40081,2004,4041,14190,28.477801268498943
40081,2008,3504,13974,25.07513954486904
40081,2012,3273,12826,25.51847809137689
40081,2016,2430,14025,17.326203208556148
40081,2020,2609,44664,5.841393516030808
40081,2024,5424,123720,4.384093113482057
40083,2000,4510,12870,35.04273504273504
40083,2004,4869,16343,29.792571743253994
40083,2008,5717,18273,31.286597712471952
40083,2012,4724,17038,27.726258950581055
40083,2016,4248,18979,22.382633436956638
40083,2020,5455,64722,8.428355118815858
40083,2024,11802,193192,6.108948610708518
40085,2000,1530,3372,45.37366548042704
40085,2004,1538,3833,40.12522828072006
40085,2008,1257,3846,32.683307332293296
40085,2012,1034,3470,29.798270893371757
40085,2016,735,3789,19.398258115597784
40085,2020,711,12228,5.8145240431795875
40085,2024,1378,34080,4.043427230046948
40087,2000,3679,10539,34.90843533542082
40087,2004,3742,13783,27.149386925923242
40087,2008,3551,14744,24.084373304395008
40087,2012,3194,14306,22.32629665874458
40087,2016,2894,16858,17.16692371574327
40087,2020,3582,57708,6.207111665626949
40087,2024,8062,171176,4.7097723979997195
40089,2000,3752,10482,35.794695668765506
40089,2004,3684,11156,33.022588741484405
40089,2008,2794,10539,26.511054179713444
40089,2012,2440,10075,24.21836228287841
40089,2016,1802,10726,16.800298340481074
40089,2020,1858,34401,5.401005784715561
40089,2024,3392,90472,3.749226279954019
40091,2000,4206,7781,54.05474874694769
40091,2004,4488,9180,48.888888888888886
40091,2008,3320,8223,40.37455916332239
40091,2012,2779,7288,38.131174533479694
40091,2016,2123,7963,26.660806228808237
40091,2020,2031,25005,8.122375524895022
40091,2024,3874,67512,5.738239127858751
40093,2000,635,3352,18.943914081145586
40093,2004,537,3659,14.676141022137196
40093,2008,515,3471,14.837222702391243
40093,2012,446,3146,14.17673235855054
40093,2016,310,3407,9.098914000587028
40093,2020,320,10401,3.0766272473800598
40093,2024,654,27824,2.350488786658999
40095,2000,2210,4900,45.102040816326536
40095,2004,2088,5451,38.30489818381948
40095,2008,1643,5373,30.578820026056206
40095,2012,1396,5140,27.15953307392996
40095,2016,1096,5492,19.956300072833212
40095,2020,1100,18192,6.046613896218118
40095,2024,2338,52712,4.435422674153893
40097,2000,6618,14001,47.26805228197986
40097,2004,6933,16879,41.07470821731145
40097,2008,5749,15983,35.96946755928174
40097,2012,4823,14460,33.35408022130014
40097,2016,3423,15717,21.778965451422028
40097,2020,3581,49878,7.179518023978508
40097,2024,7058,138992,5.077990100149648
40099,2000,2263,4922,45.97724502234864
40099,2004,2130,5795,36.755823986195
40099,2008,1592,5338,29.823904083926568
40099,2012,1540,5146,29.926156237854645
40099,2016,1087,5528,19.663531114327064
40099,2020,1156,17682,6.5377219771519055
40099,2024,2160,47080,4.587935429056925
40101,2000,12520,24693,50.702628275219695
40101,2004,12585,27709,45.418456097296904
40101,2008,11294,26583,42.485799194974234
40101,2012,9952,23356,42.61003596506251
40101,2016,7977,24216,32.9410307234886
40101,2020,8027,75243,10.668102016134391
40101,2024,14800,194856,7.595352465410354
40103,2000,1416,4697,30.14690227804982
40103,2004,1335,5328,25.056306306306308
40103,2008,1174,5055,23.224530168150345
40103,2012,1143,4631,24.6814942776938
40103,2016,901,4878,18.470684706847067
40103,2020,1003,14814,6.770622384231133
40103,2024,2018,39656,5.088763364938471
40105,2000,1703,3849,44.245258508703564
40105,2004,1660,4465,37.17805151175812
40105,2008,1411,4442,31.764970733903645
40105,2012,1244,4076,30.520117762512267
40105,2016,742,4237,17.512390842577293
40105,2020,712,13173,5.404995065664616
40105,2024,1440,36488,3.9465029598772197
40107,2000,1814,3788,47.888067581837376
40107,2004,1743,4285,40.676779463243875
40107,2008,1480,4123,35.896192093136065
40107,2012,1256,3591,34.976329713171815
40107,2016,943,3943,23.9158001521684
40107,2020,896,12114,7.396400858510814
40107,2024,1708,31904,5.3535606820461386
40109,2000,81590,223111,36.569241319343284
40109,2004,97298,272039,35.766195288175595
40109,2008,116182,279354,41.589524402729154
40109,2012,106982,256710,41.67426278680223
40109,2016,112813,273942,41.18134495623161
40109,2020,141724,884220,16.028137793761736
40109,2024,277538,2311384,12.007437967901483
40111,2000,7186,13178,54.53027773561997
40111,2004,7367,15730,46.8340750158932
40111,2008,6191,14918,41.50020109934307
40111,2012,5432,13163,41.2671883309276
40111,2016,4385,13949,31.435945229048677
40111,2020,4357,42939,10.146952653764643
40111,2024,7958,114792,6.932538852881734
40113,2000,7540,15909,47.39455654032309
40113,2004,8068,19535,41.300230355771696
40113,2008,7498,19658,38.14223217010886
40113,2012,6704,17946,37.356513986403655
40113,2016,5597,18966,29.510703363914377
40113,2020,6002,61614,9.741292563378453
40113,2024,11734,165024,7.110480899747916
40115,2000,5647,11411,49.487336780299714
40115,2004,5086,12529,40.59382233218932
40115,2008,4268,11173,38.19923028729974
40115,2012,3509,9975,35.177944862155385
40115,2016,2584,10690,24.172123479887745
40115,2020,2686,34314,7.827708806900974
40115,2024,5022,89424,5.615942028985507
40117,2000,2435,5925,41.097046413502106
40117,2004,2564,6976,36.7545871559633
40117,2008,2063,6596,31.27653123104912
40117,2012,1813,6045,29.991728701406124
40117,2016,1344,6364,21.118793211816467
40117,2020,1363,20358,6.695156695156696
40117,2024,2710,55040,4.923691860465116
40119,2000,9319,24947,37.35519300917946
40119,2004,10101,29661,34.054819459896834
40119,2008,10601,29036,36.50984984157598
40119,2012,9198,25679,35.81915183613069
40119,2016,8788,27760,31.65706051873199
40119,2020,10904,88929,12.261467013010378
40119,2024,21120,234232,9.016701390074799
40121,2000,7627,16357,46.6283548327933
40121,2004,7452,18586,40.094694931669004
40121,2008,5457,17209,31.710151664826547
40121,2012,4831,15672,30.825676365492598
40121,2016,3711,17271,21.486885530658327
40121,2020,3768,53772,7.007364427583129
40121,2024,6946,140576,4.94109947643979
40123,2000,5387,12836,41.96790277344967
40123,2004,5165,14812,34.87037537132055
40123,2008,4512,14262,31.63651661758519
40123,2012,3947,12892,30.61588582066398
40123,2016,3637,14831,24.522958667655587
40123,2020,4117,45960,8.957789382071367
40123,2024,7790,121392,6.417226835376301
40125,2000,8763,22316,39.267789926510126
40125,2004,8638,25853,33.41198313541949
40125,2008,7910,25663,30.822585044616762
40125,2012,7188,23438,30.66814574622408
40125,2016,6015,25452,23.632720414898635
40125,2020,7275,84555,8.60386730530424
40125,2024,14532,230192,6.312990894557586
40127,2000,1969,4348,45.2851885924563
40127,2004,1934,4797,40.31686470710861
40127,2008,1265,4473,28.280795886429686
40127,2012,1043,4130,25.254237288135595
40127,2016,748,4483,16.685255409324114
40127,2020,668,14217,4.698600267285643
40127,2024,1232,37616,3.27520204168439
40129,2000,441,1687,26.141078838174277
40129,2004,382,1770,21.581920903954803
40129,2008,287,1789,16.042481833426496
40129,2012,272,1674,16.248506571087216
40129,2016,151,1759,8.584422967595225
40129,2020,168,5502,3.0534351145038165
40129,2024,320,13864,2.308136180034622
40131,2000,10813,28951,37.34931435874408
40131,2004,11918,36894,32.30335555916951
40131,2008,10772,38515,27.968324029598858
40131,2012,9148,36701,24.925751341925288
40131,2016,7902,40862,19.338260486515587
40131,2020,9589,133659,7.174226950672981
40131,2024,20292,375216,5.40808494307279
40133,2000,3783,7866,48.093058733791
40133,2004,3648,9272,39.34426229508197
40133,2008,2977,8577,34.709105747930515
40133,2012,2600,7456,34.871244635193136
40133,2016,2071,8037,25.768321513002363
40133,2020,2150,25011,8.59621766422774
40133,2024,3902,64352,6.063525609149677
40135,2000,5425,12254,44.27125836461563
40135,2004,5910,14775,40
40135,2008,4454,13920,31.99712643678161
40135,2012,4193,13771,30.448042988889696
40135,2016,3061,14437,21.20246588626446
40135,2020,3035,46158,6.57524156159279
40135,2024,5814,124664,4.663736122697812
40137,2000,6467,17488,36.97964318389753
40137,2004,5515,19161,28.7824226292991
40137,2008,4538,18932,23.969997887175154
40137,2012,3939,16847,23.381017391820503
40137,2016,3086,17904,17.236371760500447
40137,2020,3154,57171,5.5167829843801925
40137,2024,6472,148960,4.344790547798066
40139,2000,1084,6088,17.805519053876477
40139,2004,1016,6466,15.712960098979275
40139,2008,923,6259,14.746764658891195
40139,2012,862,5792,14.882596685082872
40139,2016,858,5780,14.844290657439446
40139,2020,894,16563,5.397572903459518
40139,2024,1586,41648,3.808106031502113
40141,2000,1400,3349,41.80352343983279
40141,2004,1175,3448,34.077726218097446
40141,2008,1042,3237,32.19029966017918
40141,2012,906,2721,33.29658213891952
40141,2016,657,2706,24.27937915742794
40141,2020,597,8124,7.348596750369277
40141,2024,1000,20264,4.93485984998026
40143,2000,81656,218691,37.338527877233176
40143,2004,90220,253672,35.565612286732474
40143,2008,96133,254496,37.77387463850119
40143,2012,82744,227806,36.322133745379844
40143,2016,87847,247054,35.55781327159245
40143,2020,108996,800034,13.623920983358207
40143,2024,212210,2055512,10.323948485827374
40145,2000,8244,21517,38.31389134172979
40145,2004,9157,28238,32.42793398965932
40145,2008,8810,30251,29.123004198208324
40145,2012,7791,28691,27.154856923774005
40145,2016,6723,31300,21.47923322683706
40145,2020,8464,106014,7.983851189465542
40145,2024,18660,308008,6.058284200410379
40147,2000,6644,20744,32.02853837254146
40147,2004,6862,23413,29.308503822662622
40147,2008,6308,22765,27.709202723479027
40147,2012,5532,21200,26.09433962264151
40147,2016,5048,22224,22.714182865370773
40147,2020,5790,70503,8.212416492915194
40147,2024,11586,185392,6.249460602399241
40149,2000,1564,4468,35.00447627573858
40149,2004,1340,5045,26.560951437066404
40149,2008,1052,4776,22.02680067001675
40149,2012,822,4316,19.045412418906395
40149,2016,588,4631,12.697041675664003
40149,2020,598,14331,4.172772311771684
40149,2024,1102,37216,2.961092003439381
40151,2000,1235,4046,30.523974295600592
40151,2004,932,4098,22.742801366520254
40151,2008,873,3916,22.293156281920325
40151,2012,671,3398,19.746909947027664
40151,2016,522,3668,14.231188658669575
40151,2020,591,11034,5.356171832517672
40151,2024,1228,29104,4.2193512919186364
40153,2000,1950,7100,27.464788732394368
40153,2004,1458,7651,19.056332505554828
40153,2008,1350,7754,17.410368841888058
40153,2012,1133,7078,16.007346708109633
40153,2016,873,7595,11.494404213298221
40153,2020,1005,23355,4.303147077713552
40153,2024,1934,58496,3.3062089715536107
41001,2000,2195,8258,26.580285783482683
41001,2004,2616,9034,28.95727252601284
41001,2008,2805,8777,31.958527970832858
41001,2012,2369,8448,28.04214015151515
41001,2016,1797,8779,20.469301742795306
41001,2020,2346,9932,23.620620217478855
41001,2024,2343,9694,24.16958943676501
41003,2000,19444,38226,50.865902788677865
41003,2004,26515,45735,57.975292445610584
41003,2008,29901,46478,64.33366323852145
41003,2012,27776,44802,61.99723226641668
41003,2016,29193,48753,59.87939203741308
41003,2020,35827,52799,67.8554518077994
41003,2024,33909,50232,67.5047778308648
41005,2000,76421,162262,47.09728710357323
41005,2004,95129,195000,48.78410256410257
41005,2008,103476,191878,53.928016760649996
41005,2012,95493,189332,50.43679885069613
41005,2016,102095,214039,47.69925107106649
41005,2020,139043,257679,53.95977165387944
41005,2024,130580,246240,53.029564652371675
41007,2000,8296,16474,50.35814009955081
41007,2004,10461,19309,54.176808742037394
41007,2008,10701,18548,57.69355186543024
41007,2012,9861,17818,55.3429116623639
41007,2016,9252,19664,47.05044751830757
41007,2020,12916,23910,54.019238812212464
41007,2024,12533,23290,53.81279519106913
41009,2000,10331,21195,48.742627978296774
41009,2004,12563,24917,50.419392382710605
41009,2008,13390,24768,54.06169250645995
41009,2012,12004,23875,50.278534031413614
41009,2016,10167,26618,38.19595762266136
41009,2020,13835,32221,42.937835573073464
41009,2024,12895,31334,41.15337971532521
41011,2000,11610,29379,39.51802307770857
41011,2004,14393,33362,43.14189796774774
41011,2008,14401,30951,46.52838357403638
41011,2012,12845,28686,44.777940458760376
41011,2016,10448,31313,33.36633347172101
41011,2020,14243,37075,38.41672285906945
41011,2024,13731,35735,38.424513782006436
41013,2000,2474,8277,29.89005678385889
41013,2004,3024,10051,30.08655855138792
41013,2008,3632,10352,35.08500772797527
41013,2012,3104,10230,30.342130987292276
41013,2016,2637,12172,21.664475846204404
41013,2020,3801,15448,24.605126877265665
41013,2024,3836,16297,23.538074492237833
41015,2000,4090,11513,35.525058629375486
41015,2004,5220,12799,40.7844362840847
41015,2008,5230,12332,42.4099902692183
41015,2012,4625,11678,39.60438431238226
41015,2016,4300,12611,34.09721671556578
41015,2020,6058,14925,40.5896147403685
41015,2024,5737,14200,40.401408450704224
41017,2000,22061,57885,38.111773343698715
41017,2004,31179,74048,42.10647147796024
41017,2008,38819,79782,48.65633852247374
41017,2012,36961,81900,45.12942612942613
41017,2016,42444,98557,43.06543421573303
41017,2020,65962,125234,52.670999888209266
41017,2024,68108,127375,53.47046123650638
41019,2000,14193,47220,30.0571791613723
41019,2004,18089,54984,32.89866142877928
41019,2008,20298,52937,38.343691557889564
41019,2012,17145,49803,34.425637009818686
41019,2016,14096,53521,26.337325535771004
41019,2020,19160,64349,29.77513248069123
41019,2024,18386,61807,29.747439610400118
41021,2000,359,1090,32.93577981651376
41021,2004,370,1138,32.51318101933216
41021,2008,430,1110,38.73873873873874
41021,2012,371,1061,34.96701225259189
41021,2016,239,1019,23.454367026496563
41021,2020,324,1178,27.504244482173174
41021,2024,291,1134,25.66137566137566
41023,2000,589,3846,15.314612584503381
41023,2004,780,4061,19.2070918492982
41023,2008,1006,3909,25.735482220516758
41023,2012,853,3911,21.810278701099463
41023,2016,739,4340,17.027649769585253
41023,2020,929,4596,20.213228894691035
41023,2024,816,4456,18.31238779174147
41025,2000,766,3734,20.51419389394751
41025,2004,839,3702,22.663425175580766
41025,2008,950,3683,25.794189519413525
41025,2012,832,3583,23.22076472229975
41025,2016,683,3974,17.186713638651234
41025,2020,894,4481,19.950903816112476
41025,2024,797,4255,18.73090481786134
41027,2000,4072,8549,47.63130190665575
41027,2004,5587,9859,56.66903337052439
41027,2008,6302,9830,64.10986775178027
41027,2012,6058,9838,61.57755641390526
41027,2016,6510,10910,59.670027497708524
41027,2020,8764,13090,66.95187165775401
41027,2024,8364,12707,65.82198788069567
41029,2000,33153,84796,39.097363083164296
41029,2004,44366,102189,43.41563181947176
41029,2008,49090,101047,48.58135323166447
41029,2012,44468,97127,45.78335581249292
41029,2016,44447,109327,40.65509892341325
41029,2020,59478,127165,46.77230369991743
41029,2024,54065,119572,45.21543505168434
41031,2000,2681,6897,38.87197332173409
41031,2004,3243,8115,39.963031423290204
41031,2008,3682,8318,44.265448425102186
41031,2012,3301,8175,40.37920489296636
41031,2016,2980,9459,31.50438735595729
41031,2020,4393,11913,36.8756820280366
41031,2024,3941,11750,33.54042553191489
41033,2000,11864,36733,32.297933738055704
41033,2004,15214,42275,35.98817267888823
41033,2008,17412,42049,41.408832552498275
41033,2012,14953,40238,37.16138973109995
41033,2016,13453,44560,30.190754039497307
41033,2020,18451,51641,35.729362328382486
41033,2024,16928,49628,34.1097767389377
41035,2000,7541,27844,27.08303404683235
41035,2004,8264,31515,26.222433761700774
41035,2008,9370,29399,31.871832375250857
41035,2012,8302,28152,29.489911906791704
41035,2016,7210,30507,23.633920083915168
41035,2020,10388,36726,28.285138593911668
41035,2024,9856,35515,27.751654230606785
41037,2000,707,3729,18.959506570126038
41037,2004,802,3905,20.537772087067864
41037,2008,957,3688,25.949023861171366
41037,2012,770,3710,20.754716981132077
41037,2016,639,3930,16.259541984732824
41037,2020,792,4363,18.152647261058906
41037,2024,681,4213,16.164253501068124
41039,2000,78583,152188,51.635477172970276
41039,2004,107769,185872,57.98022294912628
41039,2008,114037,182910,62.34596249521622
41039,2012,102652,171850,59.73348850741927
41039,2016,102753,191950,53.53112789789007
41039,2020,134366,222253,60.45632679873838
41039,2024,125775,211285,59.52859881203114
41041,2000,10861,21118,51.43005966474098
41041,2004,13753,24325,56.538540596094556
41041,2008,14258,23889,59.68437356105321
41041,2012,13401,22984,58.30577793247477
41041,2016,12501,25256,49.497149192271145
41041,2020,17385,30726,56.58074594805702
41041,2024,17112,29804,57.41511206549457
41043,2000,16682,44388,37.58222943137785
41043,2004,19940,52041,38.31594319863185
41043,2008,22163,51982,42.63591243122619
41043,2012,20378,51426,39.62587018239801
41043,2016,17995,58719,30.64595786712989
41043,2020,26512,72640,36.497797356828194
41043,2024,25749,71429,36.04838370969774
41045,2000,2336,10404,22.45290272971934
41045,2004,2577,10846,23.759911488106216
41045,2008,2949,10433,28.266078788459698
41045,2012,2759,9956,27.71193250301326
41045,2016,2246,10435,21.52371825586967
41045,2020,3260,11804,27.617756692646562
41045,2024,2884,10945,26.349931475559618
41047,2000,49430,113334,43.614449326768664
41047,2004,57671,129619,44.49270554471181
41047,2008,61816,124563,49.626293522153446
41047,2012,56376,120376,46.833255798498044
41047,2016,57788,136840,42.23034200526162
41047,2020,80872,165534,48.85522007563401
41047,2024,73970,156691,47.207561378764574
41049,2000,1197,3609,33.16708229426434
41049,2004,1361,4149,32.80308508074235
41049,2008,1410,4058,34.74618038442582
41049,2012,1202,3882,30.963420917053064
41049,2016,1017,4167,24.406047516198704
41049,2020,1371,5118,26.787807737397422
41049,2024,1138,4732,24.04902789518174
41051,2000,188441,296685,63.51551308626995
41051,2004,259585,362694,71.57135215912037
41051,2008,279696,364710,76.68997285514519
41051,2012,274887,364722,75.3689111158636
41051,2016,292561,399103,73.30463564543489
41051,2020,367249,463659,79.20670147673182
41051,2024,325927,414250,78.67881713940858
41053,2000,11921,28449,41.9030545889135
41053,2004,15484,35489,43.63042069373609
41053,2008,17536,36207,48.43262352583754
41053,2012,16292,35257,46.2092634086848
41053,2016,16420,40295,40.74947263928527
41053,2020,22917,48291,47.45604771075356
41053,2024,22034,47593,46.29672430819659
41055,2000,326,1062,30.69679849340866
41055,2004,390,1104,35.32608695652174
41055,2008,385,1047,36.77172874880611
41055,2012,319,1026,31.0916179337232
41055,2016,202,1017,19.862340216322515
41055,2020,260,1208,21.52317880794702
41055,2024,233,1163,20.03439380911436
41057,2000,5762,12376,46.55785391079509
41057,2004,6750,13951,48.38362841373378
41057,2008,7072,13297,53.18492893133789
41057,2012,6293,12519,50.267593258247466
41057,2016,5768,13803,41.78801709773238
41057,2020,8066,16888,47.76172430127901
41057,2024,7747,16252,47.66797932562146
41059,2000,7809,23060,33.86383347788378
41059,2004,8884,26322,33.75123470860877
41059,2008,9484,25523,37.158641225561254
41059,2012,8584,24969,34.37862950058072
41059,2016,7673,27597,27.803746784070732
41059,2020,10707,33038,32.40813608571948
41059,2024,9251,31225,29.626901521216976
41061,2000,3577,12076,29.620735342828752
41061,2004,4428,13519,32.753901915822176
41061,2008,4613,12594,36.628553279339364
41061,2012,3973,12070,32.91632145816073
41061,2016,3249,12968,25.053979025293028
41061,2020,4254,14944,28.466274089935762
41061,2024,4107,14574,28.180321119802386
41063,2000,836,4294,19.469026548672566
41063,2004,1269,4521,28.069011280690116
41063,2008,1492,4465,33.41545352743561
41063,2012,1253,4205,29.79785969084423
41063,2016,1116,4366,25.561154374713695
41063,2020,1625,5149,31.559526121577004
41063,2024,1573,5108,30.794831636648397
41065,2000,4616,10664,43.285821455363845
41065,2004,5691,12002,47.417097150474916
41065,2008,5906,11380,51.89806678383129
41065,2012,5211,10873,47.92605536650419
41065,2016,4781,11964,39.96155132062855
41065,2020,6604,14130,46.73743807501769
41065,2024,6069,13391,45.32148457919498
41067,2000,90662,185974,48.749825244389
41067,2004,121140,231308,52.37172946893319
41067,2008,141544,236632,59.816085736502245
41067,2012,135291,237023,57.079270788066985
41067,2016,153251,269232,56.92153978724669
41067,2020,209940,320326,65.53948165306593
41067,2024,193013,297949,64.78054969139014
41069,2000,202,841,24.019024970273485
41069,2004,245,880,27.84090909090909
41069,2008,281,812,34.60591133004926
41069,2012,266,858,31.002331002331
41069,2016,155,818,18.94865525672372
41069,2020,217,965,22.487046632124354
41069,2024,210,868,24.193548387096776
41071,2000,14254,35539,40.108050310926025
41071,2004,17572,42142,41.697119263442644
41071,2008,20797,43526,47.78063686072692
41071,2012,19260,42907,44.88778054862843
41071,2016,19301,48753,39.58935860357312
41071,2020,27174,58923,46.11781477521511
41071,2024,26011,57800,45.001730103806224
42001,2000,11682,33433,34.94152484072623
42001,2004,13764,42228,32.5944870701904
42001,2008,17633,44489,39.6345163973117
42001,2012,15091,42457,35.54419765880773
42001,2016,14219,47489,29.941670702689045
42001,2020,18207,56540,32.20198089847896
42001,2024,39684,485200,8.178895300906843
42003,2000,329963,582478,56.648148084562855
42003,2004,368912,645469,57.15410035183719
42003,2008,373153,651380,57.28653013601891
42003,2012,352687,622081,56.6947069593831
42003,2016,367617,650114,56.546544144565416
42003,2020,429065,719733,59.614468143047496
42003,2024,859832,5764032,14.917196851093124
42005,2000,11127,27423,40.57542938409364
42005,2004,12025,31097,38.66932501527479
42005,2008,11138,30072,37.03777600425645
42005,2012,9045,29602,30.555367880548612
42005,2016,7178,31618,22.702258207350244
42005,2020,8457,36370,23.25268078086335
42005,2024,17106,296952,5.7605269538511275
42007,2000,38925,73593,52.89225877461171
42007,2004,42146,82543,51.05944780296331
42007,2008,40499,84463,47.94880598605307
42007,2012,37055,80474,46.04592787732684
42007,2016,32531,83571,38.92618252743176
42007,2020,38122,94122,40.50275174773167
42007,2024,74392,758744,9.804624484674672
42009,2000,5474,19435,28.165680473372777
42009,2004,6016,22679,26.526742801710835
42009,2008,6059,22441,26.99968807094158
42009,2012,4788,21697,22.067566944738903
42009,2016,3645,23637,15.42073867242036
42009,2020,4367,27574,15.837383041996084
42009,2024,8672,225280,3.8494318181818183
42011,2000,59150,135163,43.76197628049096
42011,2004,76309,164487,46.39211609428101
42011,2008,97047,179896,53.94616889758527
42011,2012,83011,170320,48.73825739783936
42011,2016,78437,183065,42.84652992106629
42011,2020,92895,205540,45.19558236839545
42011,2024,182250,1678704,10.856589368941755
42013,2000,15774,45140,34.94461674789544
42013,2004,18105,54178,33.417623389567716
42013,2008,19813,53081,37.3259735121795
42013,2012,16276,50241,32.39585199339185
42013,2016,13958,54909,25.420240761988016
42013,2020,17636,63595,27.731739916660114
42013,2024,36254,519592,6.97739765046421
42015,2000,7911,23330,33.90912987569653
42015,2004,8590,25652,33.48666770622174
42015,2008,10306,25782,39.97362500969669
42015,2012,8624,23426,36.813796636216175
42015,2016,6369,25708,24.77438929516104
42015,2020,8046,30159,26.678603401969564
42015,2024,15980,249536,6.403885611695307
42017,2000,132914,263422,50.4566816742717
42017,2004,163438,319816,51.10375966180554
42017,2008,179031,332923,53.775497637591876
42017,2012,160521,321016,50.004049642385425
42017,2016,167060,344297,48.52206089509929
42017,2020,204712,396234,51.664420519188155
42017,2024,396862,3208224,12.370146224203795
42019,2000,25037,70824,35.351010956737824
42019,2004,30090,85425,35.223880597014926
42019,2008,32260,90355,35.70361352443141
42019,2012,28550,89445,31.919056403376377
42019,2016,28584,97071,29.44648762246191
42019,2020,37508,113305,33.103570010149596
42019,2024,81322,971520,8.370594532279314
42021,2000,30308,60286,50.27369538532993
42021,2004,32591,66983,48.65562904020423
42021,2008,32451,65622,49.451403492731096
42021,2012,24249,60526,40.063774245778674
42021,2016,18867,63072,29.91343226788432
42021,2020,21730,70574,30.79037605917193
42021,2024,42354,569088,7.442434210526317
42023,2000,779,2246,34.68388245770258
42023,2004,794,2406,33.000831255195344
42023,2008,879,2311,38.035482475119
42023,2012,724,2111,34.29654192325911
42023,2016,531,2186,24.290942360475754
42023,2020,634,2434,26.047658175842237
42023,2024,1076,17752,6.0612888688598465
42025,2000,10668,21277,50.13864736570005
42025,2004,12223,25043,48.80805015373558
42025,2008,13464,26919,50.016716817118024
42025,2012,11580,25581,45.26797232320863
42025,2016,8936,28776,31.053655824298026
42025,2020,11212,33629,33.34027178922953
42025,2024,22788,283160,8.047746856900693
42027,2000,21409,49538,43.21732811175259
42027,2004,30733,64253,47.83122967020995
42027,2008,41950,75737,55.389043664259205
42027,2012,34176,69626,49.0851118834918
42027,2016,37088,76148,48.705153122865994
42027,2020,40055,77493,51.688539610029295
42027,2024,82238,646336,12.723722645806514
42029,2000,82047,187562,43.743935338714664
42029,2004,109708,230823,47.529059062571754
42029,2008,137833,254305,54.199878099132924
42029,2012,124311,251973,49.335047802740775
42029,2016,141682,268800,52.70907738095239
42029,2020,182372,314502,57.987548568848524
42029,2024,368562,2599712,14.177031917381619
42031,2000,5605,15843,35.378400555450355
42031,2004,6049,17184,35.201350093109866
42031,2008,6756,17765,38.029833943146635
42031,2012,5056,16186,31.23687137032003
42031,2016,4273,17535,24.36840604505275
42031,2020,4678,19493,23.998358385061305
42031,2024,9124,157864,5.779658440176354
42033,2000,11718,30609,38.2828579829462
42033,2004,13518,34233,39.488213127683814
42033,2008,14555,33774,43.095280393201875
42033,2012,11121,31967,34.789001157443614
42033,2016,8200,34271,23.926935309737097
42033,2020,9673,39422,24.537060524580184
42033,2024,19294,323440,5.9652485777887705
42035,2000,5521,11994,46.03134900783725
42035,2004,5823,13967,41.69112908999785
42035,2008,7097,14793,47.97539376732238
42035,2012,5734,13265,43.226535996984545
42035,2016,4744,15394,30.817201507080682
42035,2020,5502,17625,31.217021276595748
42035,2024,10790,148176,7.281881006370802
42037,2000,8975,21894,40.992966109436374
42037,2004,10679,26869,39.7446871859764
42037,2008,13230,28041,47.180913662137584
42037,2012,10937,25623,42.68430706786871
42037,2016,8934,28228,31.64942610174295
42037,2020,10532,31171,33.78781559783132
42037,2024,22166,260608,8.505494842829076
42039,2000,13250,33321,39.764712943789206
42039,2004,16013,38322,41.78539742184646
42039,2008,16780,38074,44.072070179124864
42039,2012,13883,35388,39.23081270487171
42039,2016,10971,37492,29.262242611757173
42039,2020,12924,42004,30.76849823826302
42039,2024,25716,342976,7.497900727747714
42041,2000,31053,88062,35.26265585610138
42041,2004,37928,106082,35.75347372787089
42041,2008,48306,113298,42.6362336493142
42041,2012,44367,110814,40.037359900373595
42041,2016,47085,121617,38.715804533905626
42041,2020,62245,141595,43.95988558918041
42041,2024,132510,1187168,11.161857462465296
42043,2000,44390,100658,44.099823163583615
42043,2004,55299,121208,45.62322618969045
42043,2008,69975,129526,54.023902536942394
42043,2012,64965,124008,52.38774917747242
42043,2016,64706,130872,49.44220306864723
42043,2020,78983,147368,53.59576027360078
42043,2024,156654,1196208,13.095882990249189
42045,2000,134861,248077,54.36255678680409
42045,2004,162601,284538,57.14561851141148
42045,2008,169030,281082,60.13547648017305
42045,2012,171792,285564,60.158843551708195
42045,2016,177402,297634,59.604077491146846
42045,2020,206423,327931,62.94708338034526
42045,2024,402648,2625376,15.336774618188024
42047,2000,5754,13578,42.37737516570924
42047,2004,6602,14550,45.3745704467354
42047,2008,7290,14258,51.12919062982185
42047,2012,5463,13238,41.26756307599335
42047,2016,3853,14426,26.70872036600582
42047,2020,4522,16906,26.747900153791555
42047,2024,8966,137224,6.5338424765347165
42049,2000,59399,112335,52.87666355098589
42049,2004,67921,125898,53.94922874072662
42049,2008,75775,127642,59.36525595023582
42049,2012,68036,118619,57.35674723273675
42049,2016,58112,123679,46.98614962928225
42049,2020,68286,137083,49.8136165680646
42049,2024,134912,1100760,12.256259311748247
42051,2000,28152,49532,56.8359848178955
42051,2004,29120,54707,53.2290200522785
42051,2008,25866,52554,49.21794725425277
42051,2012,21971,48505,45.2963611998763
42051,2016,17946,53767,33.377350419402234
42051,2020,20444,62139,32.900432900432904
42051,2024,39096,507776,7.699458028737081
42053,2000,843,2283,36.925098554533506
42053,2004,989,2573,38.43762145355616
42053,2008,1038,2444,42.47135842880524
42053,2012,896,2312,38.75432525951557
42053,2016,626,2401,26.07246980424823
42053,2020,728,2646,27.513227513227513
42053,2024,1448,21200,6.830188679245283
42055,2000,14922,48969,30.472339643447892
42055,2004,16562,58569,28.277757858252663
42055,2008,21169,63635,33.26628427752023
42055,2012,18995,63078,30.11351025714195
42055,2016,17465,69731,25.04624915747659
42055,2020,22422,80783,27.755839718752707
42055,2024,47086,671072,7.016534738448334
42057,2000,1425,5285,26.96310312204352
42057,2004,1475,6271,23.520969542337745
42057,2008,1576,6306,24.992071043450682
42057,2012,1310,6195,21.146085552865213
42057,2016,912,6771,13.469206911829861
42057,2020,1085,7977,13.601604613263133
42057,2024,2204,65416,3.369206310382781
42059,2000,7230,13634,53.02919172656594
42059,2004,7674,15565,49.302923225184706
42059,2008,7829,15961,49.050811352672135
42059,2012,5852,14464,40.459070796460175
42059,2016,4482,15764,28.431870083735095
42059,2020,4911,17669,27.794442243477274
42059,2024,9184,137888,6.660478069157577
42061,2000,5073,15957,31.79169016732469
42061,2004,5879,18058,32.556207774947396
42061,2008,6621,18646,35.50895634452429
42061,2012,5409,17639,30.665003685016156
42061,2016,4539,19706,23.03359382929057
42061,2020,5445,22792,23.88996138996139
42061,2024,10736,185248,5.795474175159786
42063,2000,13667,31401,43.52409158943983
42063,2004,15831,36248,43.67413374531009
42063,2008,17065,37299,45.75189683369527
42063,2012,14473,36321,39.84747115993502
42063,2016,11528,37770,30.5215779719354
42063,2020,12634,41198,30.666537210544202
42063,2024,25394,337832,7.516753889507211
42065,2000,5566,17574,31.671787868442014
42065,2004,6073,19560,31.0480572597137
42065,2008,6447,18801,34.290729216531034
42065,2012,4787,18097,26.451898104658227
42065,2016,3650,19478,18.739090255673066
42065,2020,4527,22824,19.834384858044164
42065,2024,9414,185032,5.0877686021877295
42067,2000,2656,8667,30.644975193261796
42067,2004,2797,10006,27.953228063162104
42067,2008,3068,9711,31.593038821954483
42067,2012,2547,9535,26.71211326691138
42067,2016,1821,10454,17.419169695810215
42067,2020,2253,12043,18.70796313210994
42067,2024,4580,96832,4.729841374752148
42069,2000,57471,96381,59.62897251532978
42069,2004,59573,105819,56.29707330441603
42069,2008,67520,107866,62.59618415441381
42069,2012,61838,98015,63.09034331479876
42069,2016,51983,103456,50.24648159604082
42069,2020,61991,115410,53.713716315743866
42069,2024,119020,932720,12.760528347199587
42071,2000,54968,175317,31.353491104684654
42071,2004,74328,221278,33.59032529216642
42071,2008,99586,228097,43.6594957408471
42071,2012,88481,222436,39.778183387581144
42071,2016,91093,241112,37.780367629981086
42071,2020,115847,280239,41.33864308679377
42071,2024,240238,2314056,10.3816847993307
42073,2000,20593,39640,51.950050454086785
42073,2004,21387,43442,49.23115878642788
42073,2008,19711,42084,46.837277825301776
42073,2012,17513,39036,44.86371554462548
42073,2016,14009,40753,34.375383407356516
42073,2020,15978,46076,34.677489365396305
42073,2024,30880,376880,8.193589471449798
42075,2000,16093,45880,35.07628596338274
42075,2004,18109,55665,32.53211173987245
42075,2008,23310,58252,40.01579344915196
42075,2012,19900,56580,35.17143867090845
42075,2016,18953,61845,30.64596976311747
42075,2020,23932,71652,33.400323787193656
42075,2024,49468,589536,8.391005807957445
42077,2000,56667,116280,48.73323013415893
42077,2004,73940,145091,50.96112095167861
42077,2008,87089,152464,57.121025291216284
42077,2012,78283,147002,53.25301696575557
42077,2016,81324,160993,50.51399750299702
42077,2020,98288,184713,53.211197912437136
42077,2024,192634,1518480,12.685975449133343
42079,2000,62199,119586,52.0119411971301
42079,2004,69573,136028,51.146087570206134
42079,2008,72492,135163,53.633020871096384
42079,2012,64307,124439,51.677528749025626
42079,2016,52451,134983,38.85748575746575
42079,2020,64873,153321,42.31188160786846
42079,2024,125008,1249200,10.007044508485432
42081,2000,14663,43183,33.955491744436465
42081,2004,15681,50049,31.331295330576037
42081,2008,18381,49235,37.333197928303036
42081,2012,15203,46493,32.69954616824038
42081,2016,13020,50565,25.74903589439336
42081,2020,16971,59254,28.641104398015322
42081,2024,34432,477480,7.211192091815365
42083,2000,5510,15804,34.86459124272336
42083,2004,6294,17426,36.118443704808904
42083,2008,6465,15947,40.54054054054054
42083,2012,5297,15108,35.06089489012444
42083,2016,4025,16296,24.69931271477663
42083,2020,5098,19466,26.189253056611527
42083,2024,10230,157456,6.497053145005589
42085,2000,23817,48725,48.88045151359672
42085,2004,24831,51564,48.155690016290436
42085,2008,26411,53796,49.09472823258235
42085,2012,24232,50863,47.64170418575389
42085,2016,18733,52309,35.81219293047086
42085,2020,21067,57954,36.351244090140455
42085,2024,40290,467280,8.622239342578325
42087,2000,4835,14614,33.08471328862734
42087,2004,4889,16802,29.097726461135583
42087,2008,5375,16501,32.57378340706624
42087,2012,4273,16371,26.10103231323682
42087,2016,3877,18601,20.842965431966025
42087,2020,4603,21502,21.407310947818807
42087,2024,9470,176568,5.363372751574464
42089,2000,21939,46878,46.80020478689364
42089,2004,27967,56342,49.6379255262504
42089,2008,39453,68385,57.6924764202676
42089,2012,35221,62917,55.98010076767805
42089,2016,33918,69752,48.62656267920633
42089,2020,44060,83829,52.55937682663517
42089,2024,84014,684200,12.279158140894475
42091,2000,177990,332422,53.54338762175789
42091,2004,222048,399591,55.5688191175477
42091,2008,253393,422411,59.98731093650497
42091,2012,233356,412200,56.612324114507516
42091,2016,256082,434687,58.9118147080543
42091,2020,319511,510157,62.62993549044707
42091,2024,634206,4167248,15.2188206701401
42093,2000,2356,6492,36.29081947011707
42093,2004,2666,7624,34.968520461699896
42093,2008,3364,8023,41.92945282313349
42093,2012,3053,7831,38.98608096028604
42093,2016,2857,8556,33.39177185600748
42093,2020,3771,9771,38.593797973595336
42093,2024,7724,79264,9.744650787242632
42095,2000,53097,104690,50.718311204508545
42095,2004,63446,126740,50.05996528325706
42095,2008,75255,135581,55.50556493904013
42095,2012,67606,130735,51.712242322254944
42095,2016,66272,143519,46.176464440248324
42095,2020,85087,170942,49.77536240362228
42095,2024,173310,1425720,12.155963302752294
42097,2000,13670,33251,41.11154551742805
42097,2004,14602,37134,39.322453815909945
42097,2008,14329,33916,42.248496284939264
42097,2012,13072,33212,39.359267734553775
42097,2016,9788,36622,26.727103926601497
42097,2020,12677,42283,29.981316368280396
42097,2024,25726,348176,7.388791875373374
42099,2000,4459,16071,27.745628772322817
42099,2004,5423,19427,27.914757811293562
42099,2008,6396,19733,32.4127096741499
42099,2012,5685,19128,29.72082810539523
42099,2016,4632,21158,21.89242839587863
42099,2020,5950,24652,24.135972740548432
42099,2024,12770,205800,6.20505344995141
42101,2000,449182,561180,80.04241063473395
42101,2004,542205,674069,80.43761098641237
42101,2008,595980,717155,83.10337374765567
42101,2012,588806,690327,85.2937810631773
42101,2016,584025,707631,82.53242155869373
42101,2020,603790,741377,81.4416956555167
42101,2024,1137142,5771528,19.70261601433797
42103,2000,7330,17364,42.213775627735544
42103,2004,8656,21299,40.64040565284755
42103,2008,11493,24297,47.30213606618101
42103,2012,10210,23279,43.859272305511404
42103,2016,9256,26101,35.46224282594537
42103,2020,13019,32554,39.992013270258646
42103,2024,26264,279600,9.393419170243204
42105,2000,2037,7090,28.730606488011283
42105,2004,2268,7962,28.48530519969857
42105,2008,2300,7507,30.63807113360863
42105,2012,1897,7242,26.194421430544047
42105,2016,1302,7784,16.72661870503597
42105,2020,1726,9064,19.042365401588704
42105,2024,3350,72680,4.609246009906439
42107,2000,26215,58300,44.96569468267582
42107,2004,29231,65269,44.78542646585669
42107,2008,28300,63054,44.88216449392584
42107,2012,24546,57727,42.52083080707468
42107,2016,16770,62869,26.674513671284732
42107,2020,20727,70603,29.357109471268927
42107,2024,41764,585472,7.133389811980761
42109,2000,3536,12841,27.536796199672924
42109,2004,4348,14983,29.01955549622906
42109,2008,5382,15479,34.76968796433878
42109,2012,4687,15002,31.242500999866685
42109,2016,4002,16363,24.457617796247632
42109,2020,4910,19140,25.653082549634277
42109,2024,10478,160304,6.536330971154807
42111,2000,12028,32985,36.46505987570108
42111,2004,12842,36778,34.917613790853224
42111,2008,12878,35167,36.61955810845395
42111,2012,9436,33942,27.800365329090802
42111,2016,7376,35773,20.61890252425013
42111,2020,8654,40543,21.345238388871074
42111,2024,17192,327048,5.256720726009638
42113,2000,1066,3105,34.3317230273752
42113,2004,1213,3285,36.925418569254184
42113,2008,1233,3120,39.51923076923077
42113,2012,1034,2949,35.06273312987454
42113,2016,750,3136,23.91581632653061
42113,2020,921,3595,25.618915159944365
42113,2024,1952,29768,6.557377049180328
42115,2000,6481,17271,37.52533148051647
42115,2004,7351,19040,38.608193277310924
42115,2008,8381,19283,43.46315407353627
42115,2012,6935,18044,38.4338284194192
42115,2016,5123,18863,27.158988495997455
42115,2020,6236,21752,28.6686281721221
42115,2024,12186,179232,6.7990091055168715
42117,2000,4617,14772,31.255077173030056
42117,2004,5437,17571,30.943031130840588
42117,2008,6390,17965,35.569162259949906
42117,2012,5357,17004,31.504351917195955
42117,2016,3901,18325,21.28785811732606
42117,2020,4955,21075,23.511269276393833
42117,2024,10200,172696,5.906332514939547
42119,2000,4209,13175,31.946869070208727
42119,2004,5700,16123,35.353222105067296
42119,2008,7333,17400,42.14367816091954
42119,2012,6109,16268,37.55224981558889
42119,2016,6180,17468,35.378978703915735
42119,2020,7475,20115,37.16132239622173
42119,2024,16030,169504,9.457003964508212
42121,2000,8196,20523,39.93568191784827
42121,2004,9024,23659,38.14193330233738
42121,2008,9238,23288,39.66849879766403
42121,2012,7945,22167,35.8415662922362
42121,2016,6309,23348,27.021586431385984
42121,2020,7585,26528,28.59243063932449
42121,2024,15248,213856,7.130031423013616
42123,2000,7537,17541,42.96790376831424
42123,2004,8044,19273,41.73714522907695
42123,2008,8537,18494,46.160917054179734
42123,2012,6995,17299,40.43586334470201
42123,2016,5145,18434,27.91038298795704
42123,2020,6066,20650,29.37530266343826
42123,2024,12424,165784,7.494088693721951
42125,2000,44961,84441,53.24546132802786
42125,2004,48225,96177,50.14192582426151
42125,2008,46122,98002,47.06230485092141
42125,2012,40345,94750,42.580474934036936
42125,2016,36322,101450,35.80285855101035
42125,2020,45088,118478,38.05601039855501
42125,2024,89820,972936,9.231850810330792
42127,2000,6904,18914,36.50206196468225
42127,2004,8060,21967,36.69140073746984
42127,2008,9892,22833,43.323260193579465
42127,2012,8396,21607,38.857777572083116
42127,2016,7008,24018,29.17811641269048
42127,2020,9191,28089,32.720993983409876
42127,2024,18300,235552,7.768985192229316
42129,2000,71792,156709,45.81230178228436
42129,2004,77774,178696,43.52307830057752
42129,2008,72721,176785,41.13527731425177
42129,2012,63722,169572,37.57813790012502
42129,2016,59669,182051,32.77598035715267
42129,2020,72129,204697,35.2369599945285
42129,2024,149808,1691600,8.855994324899504
42131,2000,4363,11693,37.3129222611819
42131,2004,4982,12832,38.824812967581046
42131,2008,5985,13129,45.58610709117221
42131,2012,5061,11872,42.62971698113208
42131,2016,3811,13144,28.994217894096163
42131,2020,4704,14858,31.65971193969579
42131,2024,9360,120416,7.773053414828595
42133,2000,51958,144244,36.02090901527967
42133,2004,63701,179269,35.53375095526834
42133,2008,82839,194183,42.66027407136567
42133,2012,73191,189229,38.678532360261904
42133,2016,68524,205986,33.266338489023525
42133,2020,88114,238471,36.949566194631636
42133,2024,183852,1993680,9.221740700613939
44001,2000,13424,23272,57.683052595393605
44001,2004,14448,24677,58.54844592130324
44001,2008,16162,25905,62.38950009650647
44001,2012,14974,24676,60.68244448046685
44001,2016,14609,25475,57.346418056918544
44001,2020,18050,28415,63.52278726024987
4400109280,2024,17458,28335,61.61284630315864
44003,2000,43265,73470,58.88798148904315
44003,2004,42830,77842,55.02171064463914
44003,2008,48406,84074,57.575469229488306
44003,2012,45564,78923,57.73222001191034
44003,2016,37788,82053,46.05316076194655
44003,2020,49113,93093,52.75692049885598
44003,2024,46269,93148,49.67256409155323
44005,2000,20790,37838,54.94476452243776
44005,2004,22992,40337,56.99977687978779
44005,2008,25479,41997,60.66861918708479
44005,2012,23463,39452,59.472270100375134
44005,2016,22851,41045,55.67304178340845
44005,2020,29486,46148,63.8944266273728
4400549960,2024,27332,44618,61.257788336545794
44007,2000,142469,218308,65.26054931564579
44007,2004,144811,230947,62.70313102140318
44007,2008,167442,253630,66.01821551078343
44007,2012,159520,239789,66.52515336399918
44007,2016,142899,248474,57.51064497693924
44007,2020,165012,272667,60.51777442814862
4400759000,2024,150102,269679,55.659506301936744
44009,2000,29560,56224,52.57541263517359
44009,2004,34679,62486,55.498831738309384
44009,2008,39082,66160,59.07194679564691
44009,2012,35888,62879,57.07469902511172
44009,2016,33741,66369,50.83849387515256
44009,2020,44549,76060,58.57086510649487
44009,2024,42589,76036,56.0116260718607
45001,2000,3766,8374,44.9725340339145
45001,2004,4389,9925,44.221662468513856
45001,2008,4593,11001,41.75074993182438
45001,2012,4543,10671,42.573329584856154
45001,2016,3741,10775,34.71925754060325
45001,2020,4101,74598,5.497466420011261
45001,2024,6798,168672,4.030307342060331
45003,2000,16409,50782,32.312630459611675
45003,2004,19799,59492,33.28010488805218
45003,2008,26101,69770,37.410061631073525
45003,2012,25322,70363,35.98766397112119
45003,2016,25455,74851,34.007561689222584
45003,2020,32275,511110,6.314687640625307
45003,2024,62596,1205274,5.193507866261116
45005,2000,2338,3340,70
45005,2004,2565,3591,71.42857142857143
45005,2008,3029,4024,75.273359840954285
45005,2012,3297,4163,79.19769397069422
45005,2016,2735,3592,76.14142538975501
45005,2020,2718,21558,12.607848594489285
45005,2024,4330,42322,10.231085487453335
45007,2000,19606,56681,34.59007427533036
45007,2004,20697,64722,31.978307221655694
45007,2008,24132,73787,32.70494802607505
45007,2012,22405,72212,31.026699163573923
45007,2016,21097,80483,26.212989078438927
45007,2020,27169,576558,4.7122752611185685
45007,2024,50562,1376144,3.6741794463370114
45009,2000,3451,5551,62.16897856242119
45009,2004,3841,6036,63.63485752153745
45009,2008,4426,6814,64.95450542999707
45009,2012,4624,6882,67.18977041557686
45009,2016,3898,6214,62.72932088831671
45009,2020,4010,38892,10.31060372313072
45009,2024,6490,79716,8.141401977018417
45011,2000,3661,8276,44.23634606089898
45011,2004,3982,8685,45.849165227403574
45011,2008,4931,9798,50.32659726474791
45011,2012,5188,9923,52.2825758339212
45011,2016,4400,9485,46.38903531892461
45011,2020,4720,61926,7.6220004521525695
45011,2024,8164,137242,5.948616312790545
45013,2000,17487,44148,39.609948355531394
45013,2004,21505,55235,38.933647144021
45013,2008,30396,68870,44.13532742848846
45013,2012,29848,73297,40.721994078884535
45013,2016,32138,78524,40.92761448729051
45013,2020,43419,587010,7.396637195277764
45013,2024,88004,1461642,6.020899782573298
45015,2000,17707,43316,40.878659155970084
45015,2004,20142,52937,38.04900164346298
45015,2008,27755,64781,42.844352510767045
45015,2012,28542,68195,41.85350832172446
45015,2016,30705,79517,38.61438434548587
45015,2020,45223,626748,7.215499690465705
45015,2024,92832,1579676,5.876648122779608
45017,2000,3063,6373,48.062137141063864
45017,2004,3393,6919,49.03887845064316
45017,2008,3970,7738,51.30524683380718
45017,2012,4045,7834,51.63390349757467
45017,2016,3573,7549,47.33077228772023
45017,2020,3905,49746,7.849877377075544
45017,2024,6678,110796,6.027293404094011
45019,2000,49520,111476,44.42211776525889
45019,2004,63758,136316,46.77220575721119
45019,2008,82698,154434,53.549088931193914
45019,2012,81487,161707,50.391757932557034
45019,2016,89299,176345,50.638804615951685
45019,2020,121485,1313142,9.25147470722892
45019,2024,222854,3003294,7.4203191562331225
45021,2000,6138,16323,37.60338173129939
45021,2004,6466,18714,34.551672544619
45021,2008,7215,20766,34.744293556775496
45021,2012,7231,20773,34.80960862658258
45021,2016,6092,21759,27.997610184291556
45021,2020,6983,151620,4.605592929692652
45021,2024,11878,347746,3.4157114675654068
45023,2000,5242,10432,50.24923312883436
45023,2004,5790,11729,49.364822235484695
45023,2008,7478,13981,53.48687504470353
45023,2012,7891,14407,54.771985840216566
45023,2016,6579,14192,46.35710259301015
45023,2020,6941,94542,7.341710562501322
45023,2024,12706,217784,5.834221063071667
45025,2000,6111,12526,48.78652403001757
45025,2004,6729,14049,47.89664744821695
45025,2008,7842,16359,47.93691545938016
45025,2012,7958,16594,47.957092925153674
45025,2016,6858,16581,41.36059345033472
45025,2020,7431,113256,6.561241788514516
45025,2024,13040,257474,5.064589045884245
45027,2000,5999,11290,53.13551815766164
45027,2004,7087,13200,53.68939393939394
45027,2008,8673,15552,55.767746913580254
45027,2012,9091,16292,55.80039283083722
45027,2016,7732,15395,50.224098733354985
45027,2020,8250,100398,8.217295165242335
45027,2024,14128,228480,6.1834733893557425
45029,2000,6449,13390,48.16280806572068
45029,2004,6699,14106,47.49042960442365
45029,2008,8616,17321,49.743086426880666
45029,2012,8475,17086,49.60201334425845
45029,2016,7627,17251,44.21192974320329
45029,2020,8602,115698,7.434873550104583
45029,2024,14752,255864,5.765562955320014
45031,2000,10253,21863,46.896583268535885
45031,2004,11829,25454,46.47206725858411
45031,2008,14505,29334,49.4477398240949
45031,2012,15457,30150,51.266998341625204
45031,2016,13888,29674,46.80191413358495
45031,2020,15220,194502,7.825112338176471
45031,2024,25954,424634,6.1120871150214064
45033,2000,4930,8990,54.83870967741935
45033,2004,4832,9235,52.32268543584191
45033,2008,7408,13417,55.21353506745174
45033,2012,7523,13035,57.7138473341005
45033,2016,5834,11698,49.87177295264148
45033,2020,6436,78606,8.18767015240567
45033,2024,10482,166054,6.312404398569141
45035,2000,12168,33641,36.17014951993104
45035,2004,14733,41317,35.65844567611395
45035,2008,21806,52405,41.610533346054766
45035,2012,23445,56855,41.23647876176238
45035,2016,24055,62567,38.44678504643023
45035,2020,33824,463668,7.294874781093369
45035,2024,64978,1088696,5.968424610726961
45037,2000,3950,8834,44.71360652026262
45037,2004,4051,9746,41.56577057254258
45037,2008,5075,11520,44.05381944444444
45037,2012,4967,11586,42.870706024512344
45037,2016,4491,11644,38.56922019924425
45037,2020,4953,79824,6.204900781719783
45037,2024,9318,194866,4.781747457227017
45039,2000,5263,8398,62.66968325791855
45039,2004,5764,9435,61.091679915209326
45039,2008,7591,11619,65.33264480592133
45039,2012,7777,11895,65.38041193778898
45039,2016,6945,11267,61.64018816011361
45039,2020,7382,72816,10.137881784223248
45039,2024,12554,157010,7.9956690656646066
45041,2000,17157,41437,41.40502449501653
45041,2004,21442,49545,43.2778282369563
45041,2008,28012,58373,47.987939629623284
45041,2012,28614,58122,49.23092804789925
45041,2016,26710,57931,46.10657506343754
45041,2020,31153,387060,8.048622952513822
45041,2024,55412,855960,6.473666993784756
45043,2000,9445,20351,46.41049579873225
45043,2004,10602,23593,44.93705760183106
45043,2008,14199,30290,46.876857048530866
45043,2012,14163,30965,45.73873728403036
45043,2016,13310,31657,42.044413557822914
45043,2020,15822,220008,7.191556670666522
45043,2024,29930,528556,5.662597719068557
45045,2000,43810,140293,31.22750244131924
45045,2004,55347,168833,32.78209828647243
45045,2008,70886,190657,37.17985702072308
45045,2012,68070,193189,35.23492538395043
45045,2016,74483,215165,34.616689517347154
45045,2020,103030,1548930,6.6516885850232095
45045,2024,200148,3686424,5.429326631988073
45047,2000,8139,20860,39.017257909875354
45047,2004,8954,23442,38.19639962460541
45047,2008,12348,29667,41.62200424714329
45047,2012,11972,28672,41.75502232142857
45047,2016,10711,28763,37.238813753780896
45047,2020,12145,192036,6.324335020516986
45047,2024,21532,432432,4.979279979279979
45049,2000,4896,7759,63.10091506637453
45049,2004,4832,8016,60.27944111776448
45049,2008,5816,9350,62.20320855614973
45049,2012,5834,9206,63.37171409950033
45049,2016,5170,8806,58.709970474676354
45049,2020,5323,55830,9.53430055525703
45049,2024,8656,115262,7.50984713088442
45051,2000,29113,71265,40.85175050866484
45051,2004,29547,81347,36.32217537217107
45051,2008,38879,104798,37.09899043874883
45051,2012,38885,112393,34.59735036879521
45051,2016,39410,132920,29.649413180860666
45051,2020,59180,1078464,5.487433980179217
45051,2024,124650,2883356,4.323087402318687
45053,2000,3646,6469,56.36110681712784
45053,2004,3840,6846,56.09114811568799
45053,2008,5389,8854,60.86514569686018
45053,2012,5757,10021,57.44935635166151
45053,2016,5956,11427,52.122166797934725
45053,2020,7185,86364,8.319438654995137
45053,2024,16288,255178,6.382995399289908
45055,2000,7428,19677,37.749656959902424
45055,2004,8515,22915,37.15906611389919
45055,2008,11226,27985,40.11434697159192
45055,2012,11259,27946,40.28841336863952
45055,2016,10330,28995,35.626832212450424
45055,2020,12699,201774,6.29367510184662
45055,2024,23652,469462,5.038107450656283
45057,2000,8782,20705,42.414875633904856
45057,2004,7631,20814,36.66282309983665
45057,2008,12139,28921,41.97296082431451
45057,2012,13419,33144,40.4869659666908
45057,2016,13812,38938,35.471775643330425
45057,2020,18937,299208,6.329042004224486
45057,2024,40292,761978,5.287816708618884
45059,2000,7920,20410,38.80450759431651
45059,2004,9205,23829,38.62940114985942
45059,2008,10578,26282,40.24807853283616
45059,2012,10318,25416,40.596474661630474
45059,2016,8889,26566,33.46006173304224
45059,2020,10159,182928,5.5535511239394735
45059,2024,17538,422982,4.146275728045165
45061,2000,3899,6642,58.702198133092445
45061,2004,4960,7898,62.80070904026336
45061,2008,5960,9153,65.11526275538075
45061,2012,5977,8907,67.10452453126754
45061,2016,5199,8156,63.744482589504656
45061,2020,5329,50586,10.534535246906259
45061,2024,9010,113064,7.968937946649684
45063,2000,22830,83081,27.479207038913835
45063,2004,25393,93432,27.17805462796472
45063,2008,33303,109512,30.41036598728906
45063,2012,34148,112623,30.320627225344733
45063,2016,35230,122093,28.855053115248214
45063,2020,49301,867408,5.683715160570343
45063,2024,95630,2056642,4.649812655775774
45065,2000,1896,3661,51.789128653373396
45065,2004,2648,5122,51.69855525185475
45065,2008,2755,5232,52.65672782874618
45065,2012,2653,5160,51.41472868217054
45065,2016,2479,5216,47.52684049079755
45065,2020,2687,34182,7.860862442221052
45065,2024,5026,86142,5.834552250934504
45067,2000,7358,12149,60.56465552720388
45067,2004,7767,13507,57.50351669504701
45067,2008,9608,15174,63.31883484908396
45067,2012,9688,14986,64.64700387027892
45067,2016,8569,14276,60.023816195012614
45067,2020,8872,88224,10.056220529561118
45067,2024,14632,187432,7.806564514063767
45069,2000,5060,7883,64.18876062412787
45069,2004,4984,8560,58.22429906542056
45069,2008,6794,10876,62.46781905112173
45069,2012,6100,9853,61.91007814878717
45069,2016,5954,10389,57.31061699874868
45069,2020,6290,68676,9.158949269031394
45069,2024,10274,142128,7.228695260610155
45071,2000,4428,12372,35.79049466537342
45071,2004,4483,12409,36.12700459344024
45071,2008,6708,16524,40.595497458242555
45071,2012,6913,16351,42.278759708886305
45071,2016,6217,16807,36.99053965609567
45071,2020,6958,111786,6.224393036695114
45071,2024,11682,253806,4.602728067894376
45073,2000,7571,23575,32.11452810180276
45073,2004,8395,27532,30.491791370042133
45073,2008,9481,31132,30.454195040472825
45073,2012,8550,30666,27.881040892193308
45073,2016,7998,33635,23.77880184331797
45073,2020,10414,244008,4.267892855971935
45073,2024,19974,591696,3.3757199643059947
45075,2000,19802,32734,60.49367629987169
45075,2004,24698,37564,65.74912149930785
45075,2008,27263,39754,68.57926246415455
45075,2012,30720,43041,71.37380637066983
45075,2016,26318,38910,67.63813929581084
45075,2020,27295,247230,11.04032682117866
45075,2024,45664,517580,8.822597472854438
45077,2000,8927,34582,25.814007287027934
45077,2004,10287,40510,25.393729943223896
45077,2008,11691,45128,25.90631093777699
45077,2012,11156,45549,24.492304990230302
45077,2016,10354,49049,21.109502742155804
45077,2020,13645,345276,3.9519109350201
45077,2024,27782,846314,3.2827059460200347
45079,2000,63179,116481,54.23974725491711
45079,2004,76283,133801,57.01227942989963
45079,2008,105656,165037,64.0195834873392
45079,2012,103989,159154,65.33860286263618
45079,2016,108000,168722,64.0106210215621
45079,2020,132570,1162932,11.399634716389265
45079,2024,242220,2553754,9.484860327188915
45081,2000,2682,6891,38.920330866347406
45081,2004,3001,7578,39.60147796252309
45081,2008,3323,8603,38.626060676508196
45081,2012,3328,8564,38.86034563288183
45081,2016,2813,8564,32.846800560485754
45081,2020,2963,55644,5.324922723024944
45081,2024,4908,126196,3.8891882468541
45083,2000,29559,83553,35.37754479192848
45083,2004,33633,96758,34.75991649269311
45083,2008,41632,108328,38.43143047042316
45083,2012,41461,109906,37.7240551016323
45083,2016,39997,121090,33.03080353456107
45083,2020,52926,891930,5.93387373448589
45083,2024,101420,2178358,4.655800378082942
45085,2000,14365,30672,46.83424621804904
45085,2004,18695,37003,50.52293057319677
45085,2008,25431,44358,57.33125929933721
45085,2012,27589,47309,58.31659937855377
45085,2016,24047,44086,54.545660753980854
45085,2020,27379,293520,9.327814118288362
45085,2024,46850,632380,7.408520193554509
45087,2000,4662,10589,44.02682028520162
45087,2004,5236,11934,43.87464387464387
45087,2008,5935,13551,43.797505719135124
45087,2012,5796,12541,46.21641017462722
45087,2016,4729,12092,39.10850148858749
45087,2020,4935,79542,6.204269442558648
45087,2024,8168,172046,4.747567511014497
45089,2000,6723,11331,59.33280381254964
45089,2004,9044,13918,64.9806006610145
45089,2008,11279,16443,68.59453870948123
45089,2012,11335,16304,69.52281648675171
45089,2016,9953,15054,66.11531818785706
45089,2020,10289,95910,10.72776561359608
45089,2024,17268,200620,8.60731731631941
45091,2000,19251,54351,35.41977148534526
45091,2004,24226,70181,34.519314344338206
45091,2008,37918,93696,40.46917691256831
45091,2012,39131,100210,39.04899710607724
45091,2016,41593,114357,36.3711884711911
45091,2020,59008,864300,6.827259053569362
45091,2024,119200,2100826,5.6739587190942995
46003,2000,513,1413,36.30573248407643
46003,2004,620,1649,37.598544572468164
46003,2008,655,1468,44.618528610354225
46003,2012,556,1400,39.714285714285715
46003,2016,340,1407,24.16488983653163
46003,2020,317,1405,22.562277580071175
46003,2024,302,1393,21.679827709978465
46005,2000,3216,7739,41.55575655769479
46005,2004,3443,8480,40.60141509433962
46005,2008,3493,7630,45.77981651376147
46005,2012,2881,7263,39.66680435081922
46005,2016,1912,6772,28.233904311872415
46005,2020,2107,7081,29.755684225391892
46005,2024,2017,7010,28.77318116975749
46007,2000,377,1116,33.78136200716846
46007,2004,759,1630,46.56441717791411
46007,2008,557,1189,46.846089150546675
46007,2012,548,1203,45.552784704904404
46007,2016,412,1149,35.85726718885988
46007,2020,466,1183,39.391377852916314
46007,2024,389,1088,35.75367647058824
46009,2000,1162,3139,37.018158649251355
46009,2004,1293,3408,37.940140845070424
46009,2008,1367,3116,43.87034659820282
46009,2012,1167,3074,37.96356538711776
46009,2016,704,2974,23.67182246133154
46009,2020,721,3001,24.025324891702766
46009,2024,697,2992,23.295454545454543
46011,2000,4546,10984,41.387472687545525
46011,2004,5443,13375,40.69532710280374
46011,2008,7207,13789,52.26629922401914
46011,2012,5827,12400,46.99193548387097
46011,2016,4879,12680,38.47791798107256
46011,2020,6110,14567,41.944120271847325
46011,2024,5978,14939,40.016065332351566
46013,2000,7173,16556,43.325682532012564
46013,2004,7943,18599,42.7065971288779
46013,2008,9041,17253,52.40248072798933
46013,2012,7250,16068,45.120736868309685
46013,2016,5452,16114,33.833933225766415
46013,2020,6538,17547,37.25993047244543
46013,2024,6075,17043,35.64513289913748
46015,2000,818,2167,37.74803876326719
46015,2004,1040,2629,39.55876759224039
46015,2008,965,2406,40.10806317539485
46015,2012,824,2379,34.6364018495166
46015,2016,571,2288,24.956293706293707
46015,2020,673,2490,27.028112449799195
46015,2024,666,2423,27.48658687577383
46017,2000,256,408,62.745098039215684
46017,2004,603,841,71.70035671819262
46017,2008,454,612,74.18300653594771
46017,2012,472,641,73.63494539781591
46017,2016,296,490,60.40816326530612
46017,2020,352,549,64.11657559198542
46017,2024,291,466,62.44635193133047
46019,2000,840,3689,22.770398481973434
46019,2004,1009,4271,23.624443924139545
46019,2008,1306,4205,31.058263971462548
46019,2012,1002,4208,23.811787072243344
46019,2016,696,4351,15.99632268444036
46019,2020,939,4802,19.55435235318617
46019,2024,942,5082,18.536009445100355
46021,2000,147,917,16.030534351145036
46021,2004,239,959,24.92179353493222
46021,2008,243,844,28.791469194312796
46021,2012,153,787,19.440914866581956
46021,2016,105,831,12.63537906137184
46021,2020,117,873,13.402061855670103
46021,2024,120,836,14.354066985645932
46023,2000,1300,3579,36.32299525006985
46023,2004,2155,4798,44.91454772822009
46023,2008,1807,3937,45.89789179578359
46023,2012,1483,3764,39.39957492029755
46023,2016,935,3433,27.235653946985146
46023,2020,1177,3783,31.112873380914618
46023,2024,1000,3615,27.662517289073307
46025,2000,791,2108,37.52371916508539
46025,2004,875,2327,37.60206274172755
46025,2008,830,1920,43.22916666666667
46025,2012,713,1821,39.15431081823174
46025,2016,398,1657,24.019312009656005
46025,2020,437,1850,23.62162162162162
46025,2024,415,1842,22.52985884907709
46027,2000,2638,5105,51.674828599412336
46027,2004,3315,6136,54.02542372881356
46027,2008,3808,6159,61.82821886669914
46027,2012,2955,5234,56.457776079480325
46027,2016,2608,5069,51.44999013612153
46027,2020,3083,5698,54.10670410670411
46027,2024,2944,5657,52.04171822520771
46029,2000,4192,11138,37.63691865685042
46029,2004,4803,12751,37.6676339110658
46029,2008,5595,12076,46.33156674395495
46029,2012,4588,11524,39.8125650815689
46029,2016,3174,11669,27.20027423086811
46029,2020,3837,13161,29.154319580578985
46029,2024,3840,13510,28.423390081421168
46031,2000,549,1243,44.167337087691074
46031,2004,972,1724,56.380510440835266
46031,2008,837,1390,60.2158273381295
46031,2012,648,1200,54
46031,2016,535,1175,45.53191489361702
46031,2020,622,1283,48.480124707716286
46031,2024,495,1143,43.30708661417323
46033,2000,955,3573,26.72823957458718
46033,2004,1272,4304,29.55390334572491
46033,2008,1475,4450,33.146067415730336
46033,2012,1335,4520,29.535398230088493
46033,2016,1121,4721,23.744969286168185
46033,2020,1522,5494,27.702948671277756
46033,2024,1567,6001,26.112314614230964
46035,2000,2936,7528,39.00106269925611
46035,2004,3263,8952,36.44995531724754
46035,2008,3554,8365,42.486551105797965
46035,2012,3042,7971,38.16334211516748
46035,2016,2355,7952,29.615191146881287
46035,2020,2648,8454,31.32245091081145
46035,2024,2743,9177,29.889942246921652
46037,2000,1492,3197,46.66875195495777
46037,2004,1817,3540,51.32768361581921
46037,2008,1785,3178,56.167400881057276
46037,2012,1497,2873,52.105812739296894
46037,2016,974,2747,35.456862031306876
46037,2020,1052,2964,35.49257759784076
46037,2024,1000,2932,34.106412005457024
46039,2000,926,2224,41.63669064748202
46039,2004,961,2412,39.8424543946932
46039,2008,1054,2178,48.39302112029385
46039,2012,941,2171,43.344081068631965
46039,2016,570,2080,27.403846153846157
46039,2020,609,2350,25.914893617021278
46039,2024,528,2298,22.97650130548303
46041,2000,880,1681,52.34979179060083
46041,2004,1606,2564,62.63650546021841
46041,2008,1328,2005,66.23441396508728
46041,2012,1207,1895,63.69393139841689
46041,2016,888,1708,51.99063231850117
46041,2020,1131,1966,57.527975584944045
46041,2024,1032,1871,55.15766969535007
46043,2000,363,1709,21.240491515506143
46043,2004,393,2012,19.532803180914513
46043,2008,424,1735,24.438040345821328
46043,2012,332,1690,19.644970414201183
46043,2016,214,1605,13.333333333333334
46043,2020,216,1707,12.65377855887522
46043,2024,219,1658,13.208685162846804
46045,2000,676,1986,34.03826787512588
46045,2004,765,2234,34.24350940017905
46045,2008,819,2053,39.89283974671213
46045,2012,622,1936,32.12809917355372
46045,2016,380,1918,19.81230448383733
46045,2020,417,1985,21.007556675062972
46045,2024,384,2031,18.906942392909897
46047,2000,1133,3429,33.04170312044328
46047,2004,1326,3845,34.48634590377113
46047,2008,1338,3755,35.63249001331558
46047,2012,1140,3516,32.42320819112628
46047,2016,821,3563,23.042380016839743
46047,2020,1053,4042,26.051459673428994
46047,2024,1030,4274,24.099204492278893
46049,2000,388,1329,29.194883370955605
46049,2004,418,1369,30.533235938641347
46049,2008,426,1174,36.28620102214651
46049,2012,331,1127,29.37000887311446
46049,2016,204,1118,18.246869409660107
46049,2020,198,1182,16.751269035532996
46049,2024,183,1130,16.194690265486724
46051,2000,1475,3830,38.51174934725849
46051,2004,1633,4090,39.92665036674817
46051,2008,1786,3774,47.32379438261791
46051,2012,1493,3606,41.40321686078758
46051,2016,971,3564,27.24466891133558
46051,2020,1056,3745,28.197596795727637
46051,2024,946,3630,26.060606060606062
46053,2000,718,2257,31.812140008861324
46053,2004,813,2546,31.9324430479183
46053,2008,771,2218,34.761045987376015
46053,2012,599,2151,27.847512784751277
46053,2016,391,2091,18.69918699186992
46053,2020,455,2258,20.150575730735167
46053,2024,426,2267,18.79135421261579
46055,2000,164,1129,14.526129317980512
46055,2004,219,1240,17.661290322580644
46055,2008,187,1141,16.389132340052587
46055,2012,138,1092,12.637362637362637
46055,2016,77,1044,7.375478927203065
46055,2020,105,1137,9.234828496042216
46055,2024,105,1125,9.333333333333334
46057,2000,923,2723,33.89643775247889
46057,2004,1015,3011,33.70973098638326
46057,2008,1043,2737,38.107416879795394
46057,2012,921,2793,32.975295381310424
46057,2016,555,2762,20.09413468501086
46057,2020,647,3083,20.986052546221213
46057,2024,610,3226,18.908865468071916
46059,2000,565,2031,27.818808468734613
46059,2004,668,2187,30.544124371284866
46059,2008,718,1981,36.24432104997476
46059,2012,575,1848,31.11471861471862
46059,2016,334,1818,18.371837183718373
46059,2020,373,1836,20.315904139433552
46059,2024,365,1764,20.691609977324262
46061,2000,457,1421,32.16045038705137
46061,2004,745,2150,34.651162790697676
46061,2008,961,2414,39.809444904722454
46061,2012,760,2416,31.456953642384107
46061,2016,424,2006,21.136590229312063
46061,2020,557,2388,23.3249581239531
46061,2024,399,2046,19.501466275659823
46063,2000,64,731,8.755129958960328
46063,2004,94,815,11.533742331288344
46063,2008,135,722,18.698060941828253
46063,2012,82,739,11.096075778078484
46063,2016,38,770,4.935064935064935
46063,2020,49,813,6.027060270602706
46063,2024,48,820,5.853658536585367
46065,2000,2212,7534,29.36023360764534
46065,2004,2697,8835,30.526315789473685
46065,2008,3037,8386,36.21512043882662
46065,2012,2786,8155,34.163090128755364
46065,2016,2450,8175,29.96941896024465
46065,2020,2953,8723,33.85303221368795
46065,2024,2838,8435,33.64552459988145
46067,2000,1052,3625,29.020689655172415
46067,2004,1177,4147,28.381962864721483
46067,2008,1242,3561,34.87784330244313
46067,2012,923,3425,26.94890510948905
46067,2016,692,3365,20.564635958395243
46067,2020,762,3767,20.228298380674275
46067,2024,755,3736,20.20877944325482
46069,2000,218,835,26.107784431137727
46069,2004,259,900,28.77777777777778
46069,2008,226,776,29.12371134020619
46069,2012,189,733,25.78444747612551
46069,2016,125,690,18.115942028985508
46069,2020,136,710,19.154929577464788
46069,2024,148,695,21.294964028776977
46071,2000,319,1040,30.673076923076927
46071,2004,508,1271,39.96852871754524
46071,2008,435,1118,38.9087656529517
46071,2012,426,1106,38.517179023508135
46071,2016,323,1095,29.497716894977167
46071,2020,359,1115,32.19730941704036
46071,2024,357,1129,31.620903454384415
46073,2000,468,1122,41.711229946524064
46073,2004,482,1236,38.996763754045304
46073,2008,542,1092,49.633699633699635
46073,2012,452,1006,44.93041749502982
46073,2016,264,967,27.30093071354705
46073,2020,270,1006,26.838966202783297
46073,2024,276,999,27.627627627627625
46075,2000,137,664,20.632530120481928
46075,2004,134,717,18.688981868898185
46075,2008,147,618,23.78640776699029
46075,2012,108,609,17.733990147783253
46075,2016,69,558,12.365591397849462
46075,2020,90,599,15.025041736227045
46075,2024,60,550,10.909090909090908
46077,2000,1049,2727,38.46718005133847
46077,2004,1163,3014,38.58659588586596
46077,2008,1277,2739,46.62285505659
46077,2012,1092,2608,41.87116564417178
46077,2016,703,2551,27.557820462563697
46077,2020,819,2779,29.47103274559194
46077,2024,760,2801,27.13316672616923
46079,2000,2331,5154,45.22700814901048
46079,2004,2509,6007,41.767937406359245
46079,2008,3033,6076,49.917709019091504
46079,2012,2724,6285,43.34128878281623
46079,2016,2314,6786,34.099616858237546
46079,2020,2068,5873,35.21198705942449
46079,2024,1978,5906,33.49136471385032
46081,2000,2797,9406,29.73633850733574
46081,2004,3857,11619,33.19562785093382
46081,2008,4932,11876,41.52913438868306
46081,2012,3973,11359,34.976670481556475
46081,2016,3356,11842,28.339807464955246
46081,2020,4537,13828,32.810240092565806
46081,2024,5074,15409,32.928807839574276
46083,2000,3844,10556,36.41530882910193
46083,2004,5703,17066,33.417320989101135
46083,2008,8642,20601,41.949419931071304
46083,2012,7982,21952,36.36115160349854
46083,2016,8076,25231,32.00824382703817
46083,2020,11981,32396,36.982960859365356
46083,2024,12981,36393,35.668947325035035
46085,2000,482,1386,34.77633477633478
46085,2004,872,1940,44.948453608247426
46085,2008,710,1623,43.74614910659273
46085,2012,605,1569,38.55959209687699
46085,2016,369,1421,25.967628430682616
46085,2020,525,1597,32.87413901064496
46085,2024,422,1447,29.163787145818937
46087,2000,965,2631,36.678069175218546
46087,2004,1201,3271,36.71660042800367
46087,2008,1219,2905,41.96213425129088
46087,2012,905,2613,34.63451970914658
46087,2016,623,2587,24.081948202551217
46087,2020,769,2900,26.517241379310345
46087,2024,733,3031,24.18343780930386
46089,2000,295,1417,20.81863091037403
46089,2004,369,1579,23.3692210259658
46089,2008,441,1364,32.33137829912023
46089,2012,272,1215,22.386831275720166
46089,2016,192,1137,16.886543535620053
46089,2020,222,1324,16.76737160120846
46089,2024,188,1299,14.47267128560431
46091,2000,939,2079,45.16594516594517
46091,2004,1099,2364,46.489001692047374
46091,2008,1261,2177,57.92374827744603
46091,2012,1061,1987,53.397081026673376
46091,2016,754,1947,38.72624550590652
46091,2020,858,2178,39.39393939393939
46091,2024,782,2109,37.0791844476055
46093,2000,2267,9366,24.204569720264786
46093,2004,2941,11504,25.565020862308764
46093,2008,3751,11465,32.716964675098126
46093,2012,2928,10817,27.06850328187113
46093,2016,2223,11621,19.12916272265726
46093,2020,3285,13670,24.03072421360644
46093,2024,3421,14672,23.316521264994545
46095,2000,222,733,30.286493860845837
46095,2004,361,931,38.775510204081634
46095,2008,373,829,44.993968636911944
46095,2012,375,769,48.764629388816644
46095,2016,238,683,34.84626647144949
46095,2020,298,769,38.751625487646294
46095,2024,285,740,38.513513513513516
46097,2000,523,1266,41.31121642969984
46097,2004,641,1470,43.605442176870746
46097,2008,605,1198,50.5008347245409
46097,2012,479,1140,42.01754385964912
46097,2016,281,1064,26.409774436090228
46097,2020,320,1138,28.119507908611602
46097,2024,293,1167,25.107112253641816
46099,2000,27042,61369,44.06459287262299
46099,2004,32314,77632,41.62458779884584
46099,2008,39838,79798,49.923556981377985
46099,2012,34674,76583,45.27636681770106
46099,2016,30610,78263,39.11171307003309
46099,2020,40482,92326,43.846803717262745
46099,2024,39923,93986,42.477603047262356
46101,2000,1318,2735,48.19012797074954
46101,2004,1609,3451,46.62416690814257
46101,2008,1663,3203,51.920074929753355
46101,2012,1429,3033,47.11506758984504
46101,2016,1043,2933,35.56085918854415
46101,2020,1179,3206,36.7747972551466
46101,2024,1052,3189,32.988397616807774
46102,2016,2510,2905,86.40275387263338
46102,2020,2829,3200,88.40625
46103,2000,11123,36557,30.426457313236867
46103,2004,14213,44968,31.60692047678349
46103,2008,17802,45787,38.88003144997489
46103,2012,15125,44464,34.01628283555236
46103,2016,14074,47743,29.478667029721635
46103,2020,20606,57518,35.825306860461076
46103,2024,20051,56580,35.438317426652524
46105,2000,297,1614,18.401486988847584
46105,2004,418,1813,23.055708769994485
46105,2008,499,1656,30.132850241545896
46105,2012,319,1590,20.062893081761008
46105,2016,188,1606,11.70610211706102
46105,2020,239,1669,14.319952067106051
46105,2024,228,1591,14.33060967944689
46107,2000,356,1494,23.828647925033465
46107,2004,463,1618,28.615574783683563
46107,2008,482,1434,33.61227336122734
46107,2012,339,1381,24.547429398986242
46107,2016,215,1337,16.080777860882574
46107,2020,227,1380,16.44927536231884
46107,2024,214,1298,16.486902927580893
46109,2000,1700,4074,41.72803141875307
46109,2004,2527,4982,50.722601364913686
46109,2008,2672,4484,59.58965209634255
46109,2012,2302,4256,54.088345864661655
46109,2016,1540,3889,39.59886860375418
46109,2020,1828,4307,42.4425354074762
46109,2024,1560,4149,37.59942154736081
46111,2000,468,1268,36.90851735015773
46111,2004,581,1426,40.74333800841515
46111,2008,500,1181,42.337002540220155
46111,2012,389,1115,34.88789237668161
46111,2016,241,1123,21.460373998219058
46111,2020,257,1185,21.68776371308017
46111,2024,259,1212,21.36963696369637
46113,2000,1667,1953,85.35586277521762
46113,2004,3566,4214,84.62268628381585
46113,2008,2971,3314,89.64996982498491
46113,2012,2937,3145,93.38632750397457
46113,2024,2567,3062,83.83409536250817
46115,2000,1274,3284,38.79415347137637
46115,2004,1478,3774,39.16269210386857
46115,2008,1550,3239,47.85427601111454
46115,2012,1300,3041,42.74909569220651
46115,2016,919,2951,31.14198576753643
46115,2020,998,3163,31.552323743281697
46115,2024,921,3139,29.340554316661354
46117,2000,402,1381,29.109341057204922
46117,2004,464,1623,28.58903265557609
46117,2008,510,1540,33.116883116883116
46117,2012,435,1540,28.246753246753247
46117,2016,329,1567,20.995532865347798
46117,2020,421,1652,25.484261501210653
46117,2024,447,1735,25.763688760806918
46119,2000,209,871,23.99540757749713
46119,2004,201,917,21.919302071973828
46119,2008,233,823,28.311057108140947
46119,2012,186,818,22.73838630806846
46119,2016,137,861,15.911730545876887
46119,2020,185,930,19.892473118279568
46119,2024,168,901,18.64594894561598
46121,2000,993,1494,66.46586345381526
46121,2004,2543,3524,72.16231555051078
46121,2008,2208,2807,78.66049162807268
46121,2012,1976,2497,79.13496195434521
46121,2016,1505,2125,70.82352941176471
46121,2020,1963,2539,77.3139031114612
46121,2024,1570,2126,73.84760112888053
46123,2000,799,2765,28.896925858951178
46123,2004,972,3245,29.953775038520803
46123,2008,914,2809,32.53826984692061
46123,2012,737,2691,27.38758825715347
46123,2016,462,2630,17.566539923954373
46123,2020,495,2696,18.36053412462908
46123,2024,470,2654,17.709118311981914
46125,2000,1414,4004,35.31468531468531
46125,2004,1646,4834,34.05047579644187
46125,2008,1681,4266,39.40459446788561
46125,2012,1411,4210,33.51543942992874
46125,2016,961,4150,23.156626506024097
46125,2020,1139,4548,25.043975373790676
46125,2024,1044,4538,23.005729396209784
46127,2000,2358,5772,40.852390852390855
46127,2004,3000,7048,42.56526674233825
46127,2008,3244,7620,42.57217847769029
46127,2012,2782,7596,36.6245392311743
46127,2016,2227,7897,28.200582499683424
46127,2020,2725,8855,30.77357425183512
46127,2024,2548,8876,28.706624605678233
46129,2000,721,2553,28.241284763023895
46129,2004,878,2880,30.486111111111114
46129,2008,923,2620,35.22900763358779
46129,2012,671,2462,27.25426482534525
46129,2016,457,2477,18.44973758578926
46129,2020,565,2580,21.899224806201552
46129,2024,481,2466,19.505271695052716
46135,2000,3596,8740,41.1441647597254
46135,2004,4237,10431,40.619307832422585
46135,2008,4838,9967,48.540182602588544
46135,2012,4226,9974,42.37016242229797
46135,2016,3301,9623,34.303231840382416
46135,2020,4016,10900,36.84403669724771
46135,2024,3883,10832,35.84748892171344
46137,2000,314,721,43.5506241331484
46137,2004,641,1116,57.437275985663085
46137,2008,554,882,62.81179138321995
46137,2012,439,761,57.687253613666236
46137,2016,353,767,46.023468057366365
46137,2020,481,906,53.09050772626932
46137,2024,366,781,46.86299615877081
47001,2000,13556,28779,47.10379095868515
47001,2004,12896,31682,40.704500978473575
47001,2008,11396,31570,36.09756097560975
47001,2012,10122,29659,34.127920698607504
47001,2016,9013,29881,30.16297981995248
47001,2020,11741,35570,33.00815293786899
47001,2024,11525,36548,31.533873262558824
47003,2000,6136,12207,50.26624068157615
47003,2004,5261,13696,38.41267523364486
47003,2008,5027,15507,32.417617850003225
47003,2012,4211,14445,29.151955694011768
47003,2016,3395,15355,22.110061869098015
47003,2020,4453,19088,23.328792958927075
47003,2024,4122,20090,20.517670482827278
47005,2000,3700,6311,58.627792742829975
47005,2004,3869,7090,54.56981664315938
47005,2008,2645,6479,40.824201265627416
47005,2012,2258,6226,36.26726630260199
47005,2016,1474,6328,23.293299620733247
47005,2020,1529,7260,21.06060606060606
47005,2024,1317,7260,18.140495867768593
47007,2000,1756,4196,41.84938036224976
47007,2004,1927,4800,40.14583333333333
47007,2008,1517,4784,31.709866220735787
47007,2012,1267,4359,29.066299610002293
47007,2016,897,4664,19.232418524871356
47007,2020,971,5758,16.863494268843347
47007,2024,891,6191,14.391859150379583
47009,2000,14688,40662,36.12217795484728
47009,2004,15042,48710,30.8807226442209
47009,2008,15253,51645,29.534320844224997
47009,2012,12934,49234,26.270463500832758
47009,2016,12100,52208,23.176524670548577
47009,2020,17932,66609,26.921286913179898
47009,2024,17664,69224,25.517161678030742
47011,2000,8768,29443,29.779574092313965
47011,2004,9426,35623,26.460432866406535
47011,2008,9357,38191,24.500536775680136
47011,2012,8037,35963,22.347968745655255
47011,2016,7070,38666,18.284798013758856
47011,2020,9851,45865,21.478251389948763
47011,2024,9852,49246,20.005685740973885
47013,2000,6492,12421,52.266323162386286
47013,2004,6163,14118,43.65349199603343
47013,2008,3867,12628,30.62242635413367
47013,2012,3328,12101,27.501859350466905
47013,2016,2248,12532,17.938078518991382
47013,2020,2441,14933,16.34634701667448
47013,2024,2305,15528,14.844152498712004
47015,2000,2697,4697,57.419629550777096
47015,2004,2510,5467,45.91183464422901
47015,2008,2011,5457,36.85175004581272
47015,2012,1564,4973,31.449829077015885
47015,2016,1127,5314,21.20812946932631
47015,2020,1261,6557,19.231355802958667
47015,2024,1132,6881,16.451097224240662
47017,2000,5239,10827,48.38828853791448
47017,2004,5070,11755,43.13058273075287
47017,2008,3980,11646,34.174823973896615
47017,2012,3475,10851,32.02469818449912
47017,2016,2327,10384,22.409476117103235
47017,2020,2559,11905,21.495170096598066
47017,2024,2233,11882,18.793132469281264
47019,2000,6724,19102,35.20050256517642
47019,2004,6390,22302,28.652138821630345
47019,2008,5587,21769,25.66493637741743
47019,2012,4789,20617,23.22840374448271
47019,2016,3453,21084,16.377347751849744
47019,2020,4529,24492,18.49175240894986
47019,2024,4454,24852,17.922098825044262
47021,2000,6062,12616,48.05009511731135
47021,2004,5918,15697,37.70147161878066
47021,2008,5498,16428,33.4672510348186
47021,2012,4659,15182,30.687656435252276
47021,2016,3878,15924,24.353177593569455
47021,2020,5514,20260,27.21618953603159
47021,2024,5464,20741,26.343956414830526
47023,2000,2192,5728,38.26815642458101
47023,2004,2182,6297,34.651421311735746
47023,2008,1797,6459,27.821644217371112
47023,2012,1624,6410,25.33541341653666
47023,2016,1243,6507,19.102504994621178
47023,2020,1412,7584,18.61814345991561
47023,2024,1286,7577,16.972416523690114
47025,2000,3841,9000,42.67777777777778
47025,2004,4033,10538,38.27101916872272
47025,2008,3078,10420,29.539347408829176
47025,2012,2433,10178,23.90449990174887
47025,2016,1832,10740,17.05772811918063
47025,2020,2202,12945,17.01042873696408
47025,2024,1971,13534,14.563322003842174
47027,2000,1931,3442,56.10110400929692
47027,2004,1673,3352,49.91050119331742
47027,2008,1248,2994,41.68336673346693
47027,2012,1037,2820,36.773049645390074
47027,2016,707,2920,24.212328767123285
47027,2020,735,3506,20.96406160867085
47027,2024,614,3760,16.329787234042552
47029,2000,3872,10239,37.816192987596445
47029,2004,3932,12301,31.964880903991542
47029,2008,3340,12481,26.76067622786636
47029,2012,2804,11454,24.480530818927885
47029,2016,1981,12126,16.336796965198747
47029,2020,2533,14859,17.0469075980887
47029,2024,2415,15663,15.418502202643172
47031,2000,8741,17788,49.13986957499438
47031,2004,8238,20154,40.8752604941947
47031,2008,7132,20790,34.30495430495431
47031,2012,5870,19259,30.479256451529157
47031,2016,4743,19971,23.749436683190623
47031,2020,5705,24282,23.494769788320564
47031,2024,5440,24932,21.81934862826889
47033,2000,2705,5440,49.724264705882355
47033,2004,2455,5715,42.957130358705164
47033,2008,1967,6037,32.582408481033625
47033,2012,1669,5498,30.3564932702801
47033,2016,1303,5397,24.143042430980174
47033,2020,1382,6114,22.60385999345764
47033,2024,1196,5921,20.199290660361424
47035,2000,7644,19017,40.195614450228746
47035,2004,8326,23634,35.22890750613523
47035,2008,7889,25712,30.682171748599874
47035,2012,6261,25247,24.79898601814077
47035,2016,5202,26360,19.734446130500757
47035,2020,6728,32279,20.84327271600731
47035,2024,6996,34642,20.195138848796258
47037,2000,120508,208588,57.773218018294436
47037,2004,132362,241675,54.76859418640736
47037,2008,158423,264486,59.89844453014527
47037,2012,143120,244873,58.446623351696594
47037,2016,148864,249068,59.76841665729841
47037,2020,199703,309658,64.49147123600876
47037,2024,181862,290036,62.703250630956155
47039,2000,2278,4370,52.128146453089244
47039,2004,2268,4879,46.48493543758967
47039,2008,1566,4763,32.87843795926937
47039,2012,1303,4251,30.651611385556336
47039,2016,894,4592,19.468641114982578
47039,2020,904,5241,17.248616676206833
47039,2024,819,5466,14.983534577387486
47041,2000,3765,6265,60.095770151636074
47041,2004,3445,7173,48.02732468980901
47041,2008,2832,7065,40.08492569002124
47041,2012,2174,6422,33.85238243537839
47041,2016,1569,6955,22.559309849029475
47041,2020,1750,8513,20.556795489251733
47041,2024,1706,9396,18.156662409535972
47043,2000,8332,15556,53.561326819233734
47043,2004,8592,19283,44.557382150080386
47043,2008,7506,19519,38.45483887494237
47043,2012,6233,17835,34.94813568825344
47043,2016,4722,18699,25.252687309481793
47043,2020,6106,24323,25.103811207499078
47043,2024,5913,25204,23.46056181558483
47045,2000,5425,11841,45.81538721391774
47045,2004,5287,13809,38.286624665073504
47045,2008,4411,14450,30.52595155709343
47045,2012,3757,13800,27.224637681159418
47045,2016,2816,13336,21.115776844631075
47045,2020,3158,15079,20.943033357649714
47045,2024,2707,14394,18.806447130748925
47047,2000,5037,11529,43.689825657038774
47047,2004,5692,14731,38.63960355712443
47047,2008,6892,19254,35.795159447387555
47047,2012,6688,19574,34.16777357719424
47047,2016,5874,19394,30.28771785088172
47047,2020,7027,22984,30.57344239470936
47047,2024,6720,23696,28.359216745442268
47049,2000,2529,6029,41.94725493448333
47049,2004,2371,6700,35.38805970149254
47049,2008,1831,6739,27.170203294257306
47049,2012,1561,6895,22.63959390862944
47049,2016,1100,7333,15.000681849174963
47049,2020,1214,8729,13.907664108145262
47049,2024,1149,9771,11.759287688056494
47051,2000,7828,14691,53.28432373562044
47051,2004,7797,17070,45.67662565905097
47051,2008,6613,17432,37.93597980725103
47051,2012,5603,16119,34.760220857373284
47051,2016,4374,16404,26.664228237015365
47051,2020,4864,19132,25.423374451181267
47051,2024,4529,19728,22.95721816707218
47053,2000,8663,17137,50.55143840812277
47053,2004,8509,19219,44.27389562412196
47053,2008,7406,21253,34.84684515127276
47053,2012,6564,19667,33.375705496517014
47053,2016,5258,19547,26.8992684299381
47053,2020,5771,22335,25.83837027087531
47053,2024,5100,21648,23.558758314855876
47055,2000,5527,10066,54.90760977548182
47055,2004,5273,11536,45.70908460471567
47055,2008,4614,11689,39.47300881170331
47055,2012,3760,10799,34.81803870728771
47055,2016,2917,11137,26.19197270360061
47055,2020,3298,13203,24.97917140043929
47055,2024,2974,13487,22.05086379476533
47057,2000,2361,6194,38.117533096545046
47057,2004,2569,7525,34.13953488372093
47057,2008,2066,7503,27.535652405704386
47057,2012,1668,7252,23.000551571980143
47057,2016,1154,8008,14.410589410589411
47057,2020,1467,10134,14.47602131438721
47057,2024,1432,11130,12.866127583108716
47059,2000,7909,20816,37.99481168332052
47059,2004,7625,24172,31.544762535164654
47059,2008,7110,24670,28.82042967166599
47059,2012,6225,23887,26.060200108845816
47059,2016,4216,23583,17.877284484586355
47059,2020,5199,28087,18.510342863246343
47059,2024,5145,31095,16.546068499758803
47061,2000,2970,4596,64.62140992167102
47061,2004,2787,4923,56.611822059719685
47061,2008,1971,4632,42.55181347150259
47061,2012,1643,4237,38.77743686570687
47061,2016,999,4763,20.974175939533907
47061,2020,988,5855,16.874466268146886
47061,2024,948,6328,14.98103666245259
47063,2000,7564,19699,38.39788821767603
47063,2004,7426,22302,33.29746211102143
47063,2008,6807,22669,30.027791256782386
47063,2012,5234,20032,26.128194888178914
47063,2016,4075,20692,19.693601391842257
47063,2020,5500,24631,22.329584669725143
47063,2024,5132,25501,20.124700992117955
47065,2000,51708,120379,42.9543358891501
47065,2004,57268,136863,41.84330315717177
47065,2008,64246,147520,43.55070498915401
47065,2012,58836,141181,41.67416295393856
47065,2016,55316,142408,38.84332340879726
47065,2020,75522,171113,44.135746553447134
47065,2024,74437,174438,42.67246815487451
47067,2000,690,2075,33.25301204819277
47067,2004,776,2550,30.43137254901961
47067,2008,604,2241,26.952253458277553
47067,2012,475,2046,23.21603128054741
47067,2016,322,2231,14.432989690721648
47067,2020,362,2744,13.192419825072887
47067,2024,334,2908,11.485557083906466
47069,2000,4953,8803,56.26490968987845
47069,2004,5683,10462,54.32039762951635
47069,2008,5919,11237,52.67420129927917
47069,2012,5482,10439,52.51460867899224
47069,2016,4185,9273,45.13102555807182
47069,2020,4180,10063,41.53830865547054
47069,2024,3527,9399,37.5252686456006
47071,2000,3735,8782,42.530175358688226
47071,2004,3834,9954,38.517179023508135
47071,2008,2794,10035,27.84255107125062
47071,2012,2467,10495,23.506431634111483
47071,2016,1622,9949,16.303146044828626
47071,2020,1775,11538,15.383948691280985
47071,2024,1704,12094,14.0896312220936
47073,2000,6753,17098,39.49584746754006
47073,2004,6683,20230,33.035096391497774
47073,2008,5930,21040,28.184410646387832
47073,2012,5088,19797,25.700863767237458
47073,2016,3507,20774,16.88167902185424
47073,2020,4083,24824,16.447792458910733
47073,2024,3987,26266,15.179319272062743
47075,2000,3887,6478,60.00308737264588
47075,2004,4359,7548,57.75039745627981
47075,2008,4893,8121,60.25120059106022
47075,2012,4569,7569,60.36464526357511
47075,2016,3711,6834,54.302019315188765
47075,2020,4012,7439,53.931980104852805
47075,2024,3311,6652,49.774503908598916
47077,2000,3166,8399,37.694963686153116
47077,2004,3448,10096,34.152139461172744
47077,2008,3021,10834,27.8844378807458
47077,2012,2517,10055,25.03232222774739
47077,2016,1800,10217,17.617695996867965
47077,2020,2092,12020,17.40432612312812
47077,2024,1902,12047,15.788163028139786
47079,2000,6093,12309,49.50036558615647
47079,2004,5728,12170,47.06655710764174
47079,2008,5153,13545,38.043558508674785
47079,2012,4339,12739,34.060758301279535
47079,2016,3063,12945,23.661645422943224
47079,2020,3548,15047,23.579451053366117
47079,2024,3286,15076,21.796232422393206
47081,2000,4239,7264,58.356277533039645
47081,2004,4261,8671,49.140814208280474
47081,2008,3563,8498,41.927512355848435
47081,2012,2698,7602,35.490660352538804
47081,2016,1824,7813,23.34570587482401
47081,2020,2130,9832,21.663954434499594
47081,2024,1968,10309,19.090115433116694
47083,2000,2081,3127,66.54940837863768
47083,2004,2126,3593,59.17060951850821
47083,2008,1678,3354,50.029815146094215
47083,2012,1400,3027,46.250412950115624
47083,2016,866,3168,27.335858585858585
47083,2020,871,3686,23.629951166576234
47083,2024,773,3810,20.288713910761157
47085,2000,4205,6681,62.93967968866936
47085,2004,4485,7793,57.551648915693576
47085,2008,3600,7580,47.4934036939314
47085,2012,2905,6863,42.3284278012531
47085,2016,1967,7153,27.49895148888578
47085,2020,2017,8236,24.490043710539098
47085,2024,1767,8264,21.38189738625363
47087,2000,3304,4754,69.49936895246108
47087,2004,2996,5052,59.30324623911323
47087,2008,2224,4501,49.41124194623417
47087,2012,1739,4184,41.56309751434035
47087,2016,1129,4466,25.27989252127183
47087,2020,1135,5323,21.3225624647755
47087,2024,1040,5676,18.32276250880902
47089,2000,5226,14087,37.0980336480443
47089,2004,5469,17207,31.78357645144418
47089,2008,5178,18532,27.940859054608246
47089,2012,4232,17559,24.101600318924767
47089,2016,3494,19072,18.32005033557047
47089,2020,4654,23616,19.706978319783197
47089,2024,4503,25815,17.443346891342244
47091,2000,1813,5657,32.04878911083613
47091,2004,1810,6476,27.949351451513284
47091,2008,1837,6591,27.87133970565923
47091,2012,1483,6194,23.942525024216984
47091,2016,988,6579,15.017479860161117
47091,2020,1246,7801,15.972311242148443
47091,2024,1212,8102,14.959269316218219
47093,2000,60969,150586,40.487827553690245
47093,2004,65921,178175,36.99789532762733
47093,2008,70215,186086,37.73255376546328
47093,2012,59399,172507,34.432805625278974
47093,2016,62878,180697,34.797478652108225
47093,2020,91422,220556,41.45069732856961
47093,2024,87516,221864,39.44578660801212
47095,2000,1419,2224,63.80395683453237
47095,2004,1039,2370,43.83966244725738
47095,2008,1024,2238,45.75513851653262
47095,2012,884,2087,42.35745088643987
47095,2016,577,1970,29.289340101522843
47095,2020,526,2034,25.860373647984268
47095,2024,429,1939,22.124806601340897
47097,2000,4224,7618,55.44762404830664
47097,2004,4473,8681,51.52632185232117
47097,2008,4322,9338,46.2840008567145
47097,2012,4011,8689,46.16181378754747
47097,2016,3056,8087,37.78904414492395
47097,2020,3193,8965,35.616285554935864
47097,2024,2571,8266,31.10331478345028
47099,2000,6643,14470,45.908776779543885
47099,2004,6592,16651,39.589213861029364
47099,2008,5161,16020,32.215980024968786
47099,2012,4237,15219,27.84019975031211
47099,2016,2821,15666,18.007149240393208
47099,2020,3195,18718,17.069131317448445
47099,2024,2939,19533,15.046331848666359
47101,2000,2281,4420,51.606334841628964
47101,2004,2191,5053,43.360379972293686
47101,2008,1804,4834,37.318990484071165
47101,2012,1447,4694,30.826587132509587
47101,2016,890,4622,19.255733448723497
47101,2020,1072,5609,19.11214120164022
47101,2024,991,5890,16.825127334465193
47103,2000,5060,10659,47.47162022703819
47103,2004,4546,12455,36.4993978321959
47103,2008,3695,13130,28.14166031987814
47103,2012,3290,13268,24.796502864033766
47103,2016,2554,13348,19.13395265208271
47103,2020,2919,15608,18.7019477191184
47103,2024,2782,16128,17.24950396825397
47105,2000,5905,16406,35.99292941606729
47105,2004,5706,19862,28.728224750780385
47105,2008,6058,22184,27.307969707897584
47105,2012,5058,22073,22.914873374711185
47105,2016,4919,23391,21.029455773588133
47105,2020,6948,29347,23.675333083449758
47105,2024,7625,33209,22.960643199132765
47107,2000,6142,16600,37
47107,2004,5889,17999,32.718484360242236
47107,2008,5541,18789,29.49065942838895
47107,2012,4609,17834,25.84389368621734
47107,2016,3510,18755,18.71500933084511
47107,2020,4361,22844,19.090351952372615
47107,2024,4207,24072,17.476736457294784
47109,2000,4003,8989,44.53220602959173
47109,2004,4101,9924,41.324062877871825
47109,2008,3131,10422,30.042218384187297
47109,2012,2645,9802,26.98428892062844
47109,2016,1848,10038,18.410041841004183
47109,2020,1943,11275,17.232815964523283
47109,2024,1727,11267,15.327948877252151
47111,2000,3059,6491,47.12679094130334
47111,2004,2739,7434,36.84422921711057
47111,2008,2060,7360,27.98913043478261
47111,2012,1552,6905,22.476466328747286
47111,2016,1072,7504,14.285714285714285
47111,2020,1307,9487,13.776747127648362
47111,2024,1277,10333,12.358463176231492
47113,2000,15781,33930,46.51046271735927
47113,2004,16837,38665,43.54584249321091
47113,2008,20209,43846,46.090863476713956
47113,2012,18367,40702,45.12554665618397
47113,2016,15448,38120,40.524658971668416
47113,2020,18390,42950,42.81722933643772
47113,2024,16115,39964,40.32379141227104
47115,2000,5441,10250,53.082926829268295
47115,2004,5548,11492,48.277062304211626
47115,2008,4506,11437,39.39844364780974
47115,2012,3953,10409,37.976750888654045
47115,2016,2832,10862,26.072546492358683
47115,2020,3177,13256,23.966505733252866
47115,2024,3026,13933,21.718222923993398
47117,2000,5107,9359,54.567795704669294
47117,2004,4722,10615,44.48422044276967
47117,2008,4320,11289,38.26733988838693
47117,2012,3725,10741,34.680197374546125
47117,2016,2852,11455,24.897424705368834
47117,2020,3605,14878,24.23040731281086
47117,2024,3390,15962,21.23794010775592
47119,2000,11127,23400,47.55128205128205
47119,2004,12372,30026,41.204289615666426
47119,2008,13058,33767,38.670891698996066
47119,2012,11825,33006,35.82681936617585
47119,2016,10038,35369,28.38078543357177
47119,2020,14418,46657,30.902115438197914
47119,2024,14145,52090,27.15492416970628
47121,2000,1555,3390,45.87020648967551
47121,2004,1595,4131,38.61050593076737
47121,2008,1372,4237,32.3814019353316
47121,2012,1163,3964,29.339051463168513
47121,2016,856,4320,19.814814814814817
47121,2020,1008,5532,18.22125813449024
47121,2024,968,6099,15.871454336776521
47123,2000,5327,13003,40.96746904560486
47123,2004,5349,15553,34.392078698643346
47123,2008,5053,16777,30.118614770221136
47123,2012,4372,16338,26.759701309829843
47123,2016,3186,17093,18.63920903293746
47123,2020,3764,20797,18.098764244843007
47123,2024,3608,22323,16.162702145768936
47125,2000,18818,39044,48.19690605470751
47125,2004,20061,48975,40.961715160796324
47125,2008,25716,56518,45.5005484978237
47125,2012,24499,55584,44.07563327576281
47125,2016,21699,57620,37.65879902811523
47125,2020,32472,76758,42.30438521066208
47125,2024,32736,81755,40.04158767047887
47127,2000,1107,2301,48.109517601043024
47127,2004,1084,2773,39.091236927515325
47127,2008,881,2952,29.844173441734416
47127,2012,705,2799,25.187566988210076
47127,2016,496,2926,16.95146958304853
47127,2020,573,3539,16.191014410850524
47127,2024,542,3654,14.833059660645867
47129,2000,2921,6162,47.40344044141512
47129,2004,2924,7360,39.72826086956522
47129,2008,1969,6822,28.86250366461448
47129,2012,1725,6504,26.522140221402214
47129,2016,1054,6705,15.719612229679344
47129,2020,1167,8228,14.183276616431698
47129,2024,1054,8560,12.313084112149534
47131,2000,6056,12440,48.68167202572347
47131,2004,5549,13535,40.99741411156261
47131,2008,4308,13392,32.168458781362006
47131,2012,3321,12297,27.006586972432302
47131,2016,2426,12249,19.805698424361175
47131,2020,2589,13521,19.147992012425117
47131,2024,2221,12900,17.217054263565892
47133,2000,4507,7496,60.125400213447165
47133,2004,4518,8510,53.09048178613396
47133,2008,3419,8092,42.251606524962924
47133,2012,2805,7664,36.599686847599166
47133,2016,1945,8229,23.635921740187143
47133,2020,2033,10037,20.25505629172063
47133,2024,1931,11069,17.445116993405005
47135,2000,1650,2866,57.57152826238661
47135,2004,1579,3148,50.15883100381194
47135,2008,1329,3000,44.3
47135,2012,992,2621,37.84814956123617
47135,2016,597,2855,20.91068301225919
47135,2020,615,3428,17.94049008168028
47135,2024,558,3716,15.016146393972013
47137,2000,939,2239,41.938365341670384
47137,2004,1033,2645,39.054820415879014
47137,2008,854,2671,31.973043803818797
47137,2012,712,2453,29.025682837342032
47137,2016,536,2615,20.497131931166347
47137,2020,525,2931,17.911975435005118
47137,2024,487,2954,16.486120514556536
47139,2000,2574,5594,46.01358598498391
47139,2004,2724,6699,40.6627854903717
47139,2008,2124,6501,32.671896631287495
47139,2012,1856,6059,30.63211751114045
47139,2016,1252,6520,19.20245398773006
47139,2020,1492,8360,17.846889952153113
47139,2024,1356,8727,15.537985562048814
47141,2000,10785,22438,48.06578126392726
47141,2004,10549,26407,39.94774112924603
47141,2008,9739,27316,35.65309708595695
47141,2012,7802,25500,30.596078431372547
47141,2016,6851,27212,25.176392767896516
47141,2020,9185,33593,27.34200577501265
47141,2024,8991,34939,25.73342110535505
47143,2000,3722,9772,38.08841588211216
47143,2004,3663,11037,33.1883664039141
47143,2008,2907,11106,26.175040518638575
47143,2012,2628,10590,24.81586402266289
47143,2016,1942,11062,17.555595733140482
47143,2020,2369,13637,17.371855980054267
47143,2024,2312,14444,16.00664635834949
47145,2000,9575,21326,44.89824627215606
47145,2004,8676,23264,37.29367262723521
47145,2008,7224,23276,31.03626052586355
47145,2012,6018,21090,28.534850640113795
47145,2016,4837,21669,22.32221145415109
47145,2020,6043,25917,23.316741906856503
47145,2024,6073,27412,22.15453086239603
47147,2000,10249,20164,50.82820868875223
47147,2004,9863,25319,38.95493502902958
47147,2008,9318,27614,33.74375316868255
47147,2012,8290,26289,31.534101715546427
47147,2016,6637,27113,24.479032198576327
47147,2020,8692,33717,25.779280481656137
47147,2024,8428,35070,24.031936127744512
47149,2000,27360,62182,43.999871345405424
47149,2004,31639,84390,37.491408934707906
47149,2008,40460,101737,39.76920884240738
47149,2012,36414,98848,36.83837811589511
47149,2016,36706,107436,34.16545664395547
47149,2020,59341,143878,41.24397058619108
47149,2024,56656,147656,38.37026602373083
47151,2000,2967,6615,44.85260770975057
47151,2004,3085,7626,40.45371098872279
47151,2008,1720,6783,25.35751142562288
47151,2012,1452,6668,21.775644871025797
47151,2016,934,7123,13.112452618278816
47151,2020,986,9052,10.892620415377817
47151,2024,942,9605,9.80739198334201
47153,2000,1648,3887,42.39773604322099
47153,2004,1986,4982,39.86350863107186
47153,2008,1717,5437,31.579915394519038
47153,2012,1489,5142,28.95760404511863
47153,2016,1053,5694,18.493150684931507
47153,2020,1298,7252,17.898510755653614
47153,2024,1292,7890,16.375158428390368
47155,2000,8208,25365,32.359550561797754
47155,2004,8613,30944,27.83415201654602
47155,2008,8604,33941,25.34987183642203
47155,2012,7418,33864,21.905268131348926
47155,2016,6297,36312,17.34137475214805
47155,2020,8721,43535,20.032158033765935
47155,2024,8322,43970,18.926540823288608
47157,2000,190404,336755,56.54080859972383
47157,2004,215810,375584,57.45984919485389
47157,2008,256297,404555,63.35281976492689
47157,2012,232443,371109,62.63469762253139
47157,2016,208992,337383,61.94502983256418
47157,2020,246105,382055,64.41611809817958
47157,2024,201759,326497,61.79505477845125
47159,2000,4884,7348,66.46706586826348
47159,2004,4038,7821,51.63022631377062
47159,2008,2992,7741,38.65133703655859
47159,2012,2470,7087,34.852546916890084
47159,2016,1689,7436,22.71382463690156
47159,2020,1802,9051,19.909402275991603
47159,2024,1595,9336,17.084404455869752
47161,2000,2870,4782,60.01672940192388
47161,2004,2860,5583,51.22693892172667
47161,2008,2470,5507,44.85200653713456
47161,2012,2069,5115,40.449657869012704
47161,2016,1222,5299,23.060954897150406
47161,2020,1232,6296,19.567979669631512
47161,2024,1160,6620,17.522658610271904
47163,2000,21354,55727,38.318947727313514
47163,2004,19626,62598,31.352439375059905
47163,2008,18354,63997,28.679469350125785
47163,2012,15321,59887,25.58318165879072
47163,2016,12578,62278,20.196538103343077
47163,2020,17272,74357,23.22847882512743
47163,2024,16624,75541,22.006592446486014
47165,2000,22118,50477,43.81797650415041
47165,2004,21439,61909,34.629859955741495
47165,2008,21487,67228,31.961385137145236
47165,2012,18579,65366,28.423033381268546
47165,2016,18161,71505,25.398223900426544
47165,2020,27680,92630,29.88232753967397
47165,2024,27874,97761,28.51239246734383
47167,2000,6300,16552,38.06186563557274
47167,2004,7379,21677,34.0406882871246
47167,2008,7931,25316,31.32801390425028
47167,2012,7133,24081,29.620862920975043
47167,2016,5785,23481,24.63694050508922
47167,2020,6837,27308,25.036619305697965
47167,2024,6178,26733,23.11001384057158
47169,2000,1966,2945,66.75721561969439
47169,2004,1850,3190,57.993730407523515
47169,2008,1475,3239,45.53874652670578
47169,2012,1240,2905,42.68502581755594
47169,2016,946,3160,29.93670886075949
47169,2020,1012,3998,25.312656328164078
47169,2024,856,4251,20.13643848506234
47171,2000,2566,6429,39.91289469590916
47171,2004,2372,7457,31.809038487327346
47171,2008,2107,7223,29.170704693340717
47171,2012,1913,7086,26.99689528648038
47171,2016,1262,7195,17.53995830437804
47171,2020,1615,8307,19.44143493439268
47171,2024,1578,8541,18.475588338602037
47173,2000,2564,5821,44.0474145335853
47173,2004,2524,6710,37.61549925484351
47173,2008,1829,6399,28.582591029848416
47173,2012,1478,5828,25.360329444063147
47173,2016,1012,6247,16.199775892428367
47173,2020,1249,8123,15.376092576634248
47173,2024,1216,8669,14.026992732725803
47175,2000,1255,2131,58.89253871421868
47175,2004,1209,2346,51.534526854219955
47175,2008,849,2206,38.485947416137805
47175,2012,875,2300,38.04347826086957
47175,2016,539,2419,22.28193468375362
47175,2020,544,2921,18.623758986648408
47175,2024,524,3265,16.049004594180705
47177,2000,7378,13131,56.18764755159547
47177,2004,6803,14394,47.262748367375295
47177,2008,5515,14400,38.298611111111114
47177,2012,4752,13015,36.511717249327695
47177,2016,3535,13612,25.969732588892153
47177,2020,3924,16009,24.51121244300081
47177,2024,3647,17015,21.434028798119307
47179,2000,14769,37942,38.925201623530654
47179,2004,14937,44984,33.205139605192954
47179,2008,15941,48982,32.544608223429016
47179,2012,14325,48032,29.82386742171885
47179,2016,13024,49750,26.178894472361808
47179,2020,18638,60203,30.958590103483214
47179,2024,18131,61234,29.609367344939088
47181,2000,1859,5306,35.03580851865812
47181,2004,1951,5983,32.609059000501425
47181,2008,1355,5527,24.516012303238647
47181,2012,1163,5486,21.19941669704703
47181,2016,717,5857,12.241761994194981
47181,2020,820,6669,12.295696506222823
47181,2024,762,6831,11.155028546332895
47183,2000,5570,11844,47.02803107058426
47183,2004,5584,13491,41.3905566674079
47183,2008,4596,13690,33.57195032870708
47183,2012,3548,12337,28.759017589365328
47183,2016,2772,12184,22.751149047931712
47183,2020,3020,13735,21.98762286130324
47183,2024,2725,13394,20.34493056592504
47185,2000,4135,7775,53.18327974276528
47185,2004,4147,9494,43.68021908573836
47185,2008,3372,9647,34.9538716699492
47185,2012,2795,9140,30.579868708971553
47185,2016,1845,9825,18.778625954198475
47185,2020,2143,11895,18.01597309794031
47185,2024,2105,12931,16.278710076560206
47187,2000,18745,58429,32.08167177257869
47187,2004,21719,79577,27.293062065672242
47187,2008,27886,93646,29.778100506161504
47187,2012,25142,96225,26.12834502468174
47187,2016,31013,106271,29.182937960497217
47187,2020,50161,139016,36.08289693272717
47187,2024,47695,144668,32.96859015124284
47189,2000,16561,35916,46.11036863793295
47189,2004,15256,44403,34.35803887124744
47189,2008,15886,51159,31.05220977736078
47189,2012,14695,51499,28.53453465115828
47189,2016,14385,56734,25.355166214263054
47189,2020,22254,74330,29.93945916857258
47189,2024,23855,81254,29.358554655770792
48001,2000,5041,15080,33.42838196286472
48001,2004,4678,16301,28.697625912520703
48001,2008,4630,16655,27.799459621735213
48001,2012,3813,16212,23.519615099925982
48001,2016,3369,16977,19.844495493903516
48001,2020,3955,19227,20.57003172621834
48001,2024,6312,38716,16.303337121603473
48003,2000,876,4024,21.769383697813122
48003,2004,677,4536,14.92504409171076
48003,2008,790,4629,17.066321019658673
48003,2012,795,4482,17.737617135207497
48003,2016,836,4943,16.912805988266236
48003,2020,850,5863,14.497697424526693
48003,2024,1407,12120,11.60891089108911
48005,2000,9957,26974,36.91332394157337
48005,2004,9302,28364,32.79509237061063
48005,2008,9379,29153,32.17164614276404
48005,2012,7834,28406,27.57868056044498
48005,2016,7538,29911,25.201430911704726
48005,2020,9143,34574,26.444727251692022
48005,2024,14246,68844,20.693161350299228
48007,2000,2637,8247,31.975263732266278
48007,2004,2640,9268,28.485110056107033
48007,2008,3006,9778,30.74248312538351
48007,2012,2704,9648,28.026533996683252
48007,2016,2465,10512,23.44939117199391
48007,2020,2916,12290,23.726606997558992
48007,2024,5263,26062,20.19415240580155
48009,2000,993,3997,24.843632724543408
48009,2004,878,4451,19.725904291170522
48009,2008,740,4365,16.95303550973654
48009,2012,525,4164,12.608069164265128
48009,2016,394,4283,9.199159467662852
48009,2020,446,4796,9.299416180150125
48009,2024,917,10264,8.934138737334372
48011,2000,150,938,15.991471215351813
48011,2004,170,1004,16.93227091633466
48011,2008,128,990,12.929292929292929
48011,2012,98,935,10.481283422459892
48011,2016,70,1021,6.8560235063663075
48011,2020,75,1112,6.744604316546762
48011,2024,138,2218,6.221821460775474
48013,2000,4322,10746,40.21961660152615
48013,2004,4421,12116,36.48894024430505
48013,2008,4415,9938,44.42543771382572
48013,2012,5133,12721,40.350601367817
48013,2016,4651,13673,34.01594383090763
48013,2020,5876,18118,32.431835743459544
48013,2024,8931,36888,24.211125569290825
48015,2000,2407,9227,26.086485314836892
48015,2004,2582,10702,24.126331526817417
48015,2008,2821,11721,24.067912294172853
48015,2012,2252,11649,19.332131513434632
48015,2016,2320,12274,18.90174352289392
48015,2020,2951,14554,20.27621272502405
48015,2024,4971,30766,16.157446531885846
48017,2000,488,2090,23.349282296650717
48017,2004,525,2412,21.766169154228855
48017,2008,682,2316,29.447322970639036
48017,2012,466,1816,25.66079295154185
48017,2016,397,1793,22.14166201896263
48017,2020,409,1860,21.989247311827956
48017,2024,541,3482,15.537047673750717
48019,2000,1426,7273,19.606764746322014
48019,2004,1738,8741,19.88330854593296
48019,2008,2250,9297,24.201355275895452
48019,2012,1864,9448,19.729043183742593
48019,2016,1726,10218,16.89175963985124
48019,2020,2505,12715,19.70114038537161
48019,2024,4692,27200,17.25
48021,2000,6973,18308,38.08717500546209
48021,2004,9794,23441,41.7814939635681
48021,2008,11687,25918,45.09221390539393
48021,2012,9864,24481,40.292471712756836
48021,2016,10569,28454,37.1441625079075
48021,2020,15474,36665,42.20373653347879
48021,2024,29061,79612,36.50329096116163
48023,2000,663,1984,33.417338709677416
48023,2004,467,1640,28.47560975609756
48023,2008,366,1643,22.276323797930615
48023,2012,267,1592,16.771356783919597
48023,2016,191,1499,12.741827885256837
48023,2020,183,1702,10.752056404230318
48023,2024,326,3350,9.731343283582088
48025,2000,3795,8330,45.55822328931573
48025,2004,4045,9518,42.498424038663586
48025,2008,3645,8157,44.68554615667525
48025,2012,3452,7879,43.81266658205356
48025,2016,3444,8485,40.58927519151443
48025,2020,3288,9420,34.904458598726116
48025,2024,4557,17580,25.92150170648464
48027,2000,21011,63291,33.19745303439667
48027,2004,27165,79724,34.07380462595956
48027,2008,40413,90334,44.73730821174752
48027,2012,35512,86206,41.19434842122358
48027,2016,37801,94994,39.79303956039329
48027,2020,57014,127375,44.76074582924436
48027,2024,96159,261324,36.79684988749598
48029,2000,185158,412726,44.86220882619462
48029,2004,210976,475314,44.38665808286733
48029,2008,275527,525715,52.40995596473375
48029,2012,264856,513681,51.56040421973949
48029,2016,319550,589645,54.19362497774084
48029,2020,448452,770818,58.17871404144688
48029,2024,747781,1516646,49.30491360541616
48031,2000,811,3767,21.529068224050967
48031,2004,1267,4584,27.63961605584642
48031,2008,1467,4939,29.70236890058716
48031,2012,1220,4973,24.5324753669817
48031,2016,1244,5685,21.882145998240983
48031,2020,1911,7441,25.68203198494826
48031,2024,3717,17046,21.80570221752904
48033,2000,62,353,17.56373937677054
48033,2004,55,359,15.32033426183844
48033,2008,40,361,11.080332409972298
48033,2012,32,363,8.81542699724518
48033,2016,31,365,8.493150684931507
48033,2020,16,416,3.8461538461538463
48033,2024,27,774,3.488372093023256
48035,2000,1930,6770,28.508124076809455
48035,2004,1815,7586,23.92565251779594
48035,2008,1797,7646,23.502484959455924
48035,2012,1367,7356,18.58346927678086
48035,2016,1278,7838,16.305179892829806
48035,2020,1561,9126,17.10497479728249
48035,2024,2602,19152,13.586048454469507
48037,2000,11662,30320,38.46306068601583
48037,2004,11880,33760,35.18957345971564
48037,2008,10815,35186,30.73665662479395
48037,2012,10196,35404,28.799005762060787
48037,2016,8838,34602,25.54187619212762
48037,2020,10747,38261,28.08865424322417
48037,2024,16345,73288,22.302423316231852
48039,2000,24883,80019,31.096364613404315
48039,2004,28904,93248,30.996911461908027
48039,2008,36480,104940,34.76272155517439
48039,2012,34421,106739,32.24781944743721
48039,2016,43200,121181,35.64915292001221
48039,2020,62228,154984,40.151241418469006
48039,2024,118863,324092,36.67569702430174
48041,2000,12359,46941,26.328795722289684
48041,2004,16128,54309,29.69673534773242
48041,2008,20502,58673,34.94281867298417
48041,2012,17477,55962,31.23012043886923
48041,2016,23121,67211,34.40061894630343
48041,2020,35349,85061,41.557235395774796
48041,2024,60767,183922,33.03954937419123
48043,2000,1349,3580,37.68156424581006
48043,2004,1729,3760,45.98404255319149
48043,2008,1970,3900,50.51282051282051
48043,2012,1765,3867,45.6426170157745
48043,2016,1873,4252,44.04985888993414
48043,2020,2258,4822,46.82704272086271
48043,2024,3407,9156,37.21057230231542
48045,2000,224,772,29.015544041450774
48045,2004,191,811,23.55117139334155
48045,2008,205,830,24.69879518072289
48045,2012,117,702,16.666666666666664
48045,2016,91,736,12.364130434782608
48045,2020,78,725,10.758620689655173
48045,2024,123,1490,8.25503355704698
48047,2000,1854,2431,76.2649115590292
48047,2004,1823,2674,68.17501869857891
48047,2008,1747,2309,75.66045907319186
48047,2012,1886,2403,78.48522679983354
48047,2016,1937,2596,74.61479198767334
48047,2020,1470,2484,59.17874396135265
48047,2024,2252,4804,46.877601998334725
48049,2000,3138,12920,24.287925696594428
48049,2004,2523,14253,17.70153651862766
48049,2008,2822,15015,18.794538794538795
48049,2012,1904,13947,13.651681365168136
48049,2016,1621,14026,11.557108227577356
48049,2020,2107,15969,13.194313983342726
48049,2024,3642,33706,10.805197887616448
48051,2000,2235,5866,38.10092055915445
48051,2004,2276,6721,33.864008332093434
48051,2008,2053,6665,30.802700675168794
48051,2012,1705,6456,26.409541511771994
48051,2016,1491,6960,21.42241379310345
48051,2020,1788,8609,20.768962713439425
48051,2024,2972,18738,15.860817589924217
48053,2000,3557,13232,26.881801692865782
48053,2004,4147,15742,26.343539575657477
48053,2008,4608,16893,27.277570591369205
48053,2012,3674,16796,21.87425577518457
48053,2016,3797,19204,19.77192251614247
48053,2020,5639,24717,22.814257393696646
48053,2024,11208,56306,19.905516286008595
48055,2000,3872,9425,41.08222811671087
48055,2004,5052,11587,43.60058686458962
48055,2008,5403,11648,46.385645604395606
48055,2012,4791,11068,43.28695337911095
48055,2016,4795,12092,39.65431690373801
48055,2020,6672,14973,44.560208375075135
48055,2024,11909,31386,37.94366915185115
48057,2000,2766,6563,42.145360353496876
48057,2004,2561,6929,36.96060037523452
48057,2008,2729,6879,39.671463875563305
48057,2012,2410,6648,36.251504211793026
48057,2016,2118,6965,30.409188801148602
48057,2020,2148,7856,27.342158859470466
48057,2024,3223,15664,20.575842696629213
48059,2000,1174,4896,23.97875816993464
48059,2004,1073,5654,18.97771489211178
48059,2008,1063,5716,18.596920923722884
48059,2012,751,5197,14.450644602655377
48059,2016,569,5579,10.198960387166158
48059,2020,734,6832,10.743559718969555
48059,2024,1343,13976,9.609330280480824
48061,2000,33214,62057,53.521762250833916
48061,2004,33998,69156,49.161316443981725
48061,2008,48480,75657,64.07867084341171
48061,2012,49975,76895,64.99122179595552
48061,2016,59402,92079,64.51199513461266
48061,2020,64063,114174,56.10997249811691
48061,2024,96351,232306,41.47589816879461
48063,2000,1625,3784,42.943974630021145
48063,2004,1778,4439,40.05406623113314
48063,2008,1734,4567,37.96803153054522
48063,2012,1428,4335,32.94117647058823
48063,2016,1260,4542,27.741083223249667
48063,2020,1394,5060,27.549407114624508
48063,2024,2098,10484,20.011446012972147
48065,2000,480,2742,17.505470459518598
48065,2004,485,2944,16.474184782608695
48065,2008,406,2980,13.624161073825503
48065,2012,292,2778,10.51115910727142
48065,2016,249,2964,8.400809716599191
48065,2020,297,3122,9.513132607303012
48065,2024,503,6354,7.916273213723639
48067,2000,4618,11019,41.90942916780107
48067,2004,4630,12049,38.42642542949623
48067,2008,3490,11846,29.461421576903597
48067,2012,2924,11788,24.80488632507635
48067,2016,2391,12344,19.369734283862606
48067,2020,2795,13927,20.068930853737342
48067,2024,4185,28286,14.795305097928305
48069,2000,727,2354,30.88360237892948
48069,2004,631,2430,25.967078189300413
48069,2008,719,2291,31.3836752509821
48069,2012,630,2119,29.731005191127892
48069,2016,526,1997,26.339509263895845
48069,2020,466,2083,22.371579452712435
48069,2024,644,4046,15.916955017301039
48071,2000,2888,9806,29.45135631246176
48071,2004,2953,11649,25.349815434801272
48071,2008,3188,13292,23.984351489617815
48071,2012,2790,14735,18.934509670851714
48071,2016,2948,16786,17.562254259501966
48071,2020,3997,21652,18.460188435248476
48071,2024,7481,49946,14.97817643054499
48073,2000,4755,14537,32.709637476783385
48073,2004,4439,15839,28.02575920196982
48073,2008,4610,16417,28.080648108667845
48073,2012,3875,16126,24.029517549299268
48073,2016,3469,16790,20.661107802263253
48073,2020,4210,19508,21.580889891326635
48073,2024,6606,41014,16.10669527478422
48075,2000,602,2126,28.31608654750706
48075,2004,511,2144,23.833955223880597
48075,2008,497,2296,21.646341463414632
48075,2012,320,1996,16.03206412825651
48075,2016,253,2084,12.140115163147792
48075,2020,310,2279,13.602457218078104
48075,2024,448,4544,9.859154929577464
48077,2000,1460,4637,31.485874487815398
48077,2004,1299,5288,24.565052950075643
48077,2008,1085,5339,20.32215770743585
48077,2012,740,5057,14.633181728297409
48077,2016,536,5018,10.681546432841769
48077,2020,614,5744,10.689415041782729
48077,2024,971,11816,8.217670954637779
48079,2000,344,1171,29.37660119555935
48079,2004,249,1110,22.432432432432435
48079,2008,284,1057,26.868495742667932
48079,2012,256,917,27.917121046892042
48079,2016,190,901,21.08768035516093
48079,2020,177,1000,17.7
48079,2024,234,1786,13.101903695408733
48081,2000,355,1515,23.432343234323433
48081,2004,266,1610,16.52173913043478
48081,2008,299,1569,19.05672402804334
48081,2012,179,1408,12.713068181818182
48081,2016,140,1423,9.838369641602249
48081,2020,178,1779,10.005621135469363
48081,2024,303,3628,8.351708930540243
48083,2000,853,3578,23.84013415315819
48083,2004,778,3826,20.334553058024046
48083,2008,643,3702,17.368989735278227
48083,2012,442,3492,12.65750286368843
48083,2016,388,3643,10.65056272303047
48083,2020,451,4124,10.935984481086324
48083,2024,790,8312,9.504331087584216
48085,2000,42884,175420,24.44647132596055
48085,2004,68935,245154,28.11905985625362
48085,2008,109047,296583,36.76778507196973
48085,2012,101415,302821,33.49008159936068
48085,2016,140624,361419,38.90885647959847
48085,2020,230945,490856,47.04944016167674
48085,2024,412218,1031170,39.97575569498725
48087,2000,429,1415,30.318021201413426
48087,2004,346,1398,24.74964234620887
48087,2008,234,1195,19.581589958158997
48087,2012,177,1150,15.391304347826088
48087,2016,145,1156,12.54325259515571
48087,2020,155,1218,12.725779967159278
48087,2024,235,2402,9.783513738551207
48089,2000,2229,7249,30.74906883708098
48089,2004,2161,7690,28.101430429128737
48089,2008,2508,8353,30.025140668023464
48089,2012,2029,8117,24.996920044351363
48089,2016,1987,8513,23.340772935510394
48089,2020,2420,9975,24.260651629072683
48089,2024,3743,19988,18.726235741444867
48091,2000,7131,32748,21.77537559545621
48091,2004,9153,41043,22.30100138878737
48091,2008,12384,48158,25.715353627642344
48091,2012,11450,51529,22.220497195753847
48091,2016,14238,62178,22.89877448615266
48091,2020,24826,88892,27.928272510462133
48091,2024,51395,206982,24.830661603424453
48093,2000,1636,5022,32.576662684189564
48093,2004,1431,5268,27.16400911161731
48093,2008,1334,5217,25.570251102165997
48093,2012,890,4906,18.141051773338766
48093,2016,789,5237,15.065877410731336
48093,2020,853,6086,14.015773907328294
48093,2024,1447,13088,11.055929095354523
48095,2000,268,1103,24.2973708068903
48095,2004,270,1193,22.632020117351214
48095,2008,257,1077,23.862581244196843
48095,2012,194,1001,19.38061938061938
48095,2016,148,1068,13.857677902621724
48095,2020,197,1268,15.53627760252366
48095,2024,239,2396,9.974958263772955
48097,2000,3153,13469,23.409310268022868
48097,2004,3142,15107,20.79830542132786
48097,2008,3051,15032,20.296700372538584
48097,2012,2246,14351,15.650477318653753
48097,2016,2352,15955,14.741460357254779
48097,2020,3210,18996,16.89829437776374
48097,2024,5690,40894,13.91402161686311
48099,2000,4493,15087,29.78060581957977
48099,2004,5122,17625,29.06099290780142
48099,2008,6619,18332,36.1062622736199
48099,2012,5158,16604,31.06480366176825
48099,2016,5064,18253,27.74338464909878
48099,2020,7565,23493,32.2010811731154
48099,2024,12452,47852,26.021900860988044
48101,2000,241,757,31.836195508586524
48101,2004,214,768,27.864583333333332
48101,2008,187,705,26.52482269503546
48101,2012,180,741,24.291497975708502
48101,2016,92,612,15.032679738562091
48101,2020,113,662,17.069486404833835
48101,2024,156,1314,11.87214611872146
48103,2000,387,1654,23.39782345828295
48103,2004,254,1574,16.13722998729352
48103,2008,319,1454,21.939477303988998
48103,2012,275,1283,21.434138737334372
48103,2016,299,1384,21.604046242774565
48103,2020,241,1503,16.03459747172322
48103,2024,293,2778,10.5471562275018
48105,2000,467,1398,33.404864091559375
48105,2004,473,1728,27.372685185185187
48105,2008,512,1545,33.13915857605178
48105,2012,480,1457,32.94440631434454
48105,2016,372,1395,26.666666666666668
48105,2020,344,1574,21.855146124523507
48105,2024,566,2834,19.97177134791814
48107,2000,705,2002,35.214785214785216
48107,2004,622,2275,27.34065934065934
48107,2008,684,1914,35.73667711598746
48107,2012,639,1787,35.7582540570789
48107,2016,468,1728,27.083333333333332
48107,2020,527,1953,26.984126984126984
48107,2024,716,3760,19.04255319148936
48109,2000,577,1012,57.015810276679844
48109,2004,375,788,47.588832487309645
48109,2008,492,759,64.82213438735178
48109,2012,568,879,64.6188850967008
48109,2016,454,767,59.19165580182529
48109,2020,438,864,50.69444444444444
48109,2024,532,1562,34.05889884763124
48111,2000,341,1744,19.55275229357798
48111,2004,305,1782,17.115600448933783
48111,2008,302,1589,19.005663939584643
48111,2012,253,1534,16.492829204693614
48111,2016,222,1544,14.378238341968913
48111,2020,197,1609,12.243629583592293
48111,2024,240,2894,8.2930200414651
48113,2000,275308,613039,44.908725219765785
48113,2004,336641,687709,48.95108250728143
48113,2008,422989,738463,57.27964705069854
48113,2012,405571,710117,57.113264433889064
48113,2016,461080,758973,60.7505141816639
48113,2020,598576,919504,65.09770484957107
48113,2024,915104,1699744,53.837754391249504
48115,2000,1463,4839,30.233519322174
48115,2004,1114,4545,24.51045104510451
48115,2008,1152,4096,28.125
48115,2012,1019,3642,27.97913234486546
48115,2016,835,3563,23.43530732528768
48115,2020,808,3789,21.324887833201373
48115,2024,1119,7026,15.9265584970111
48117,2000,1240,4984,24.879614767255216
48117,2004,1133,5291,21.413721413721415
48117,2008,1247,4744,26.285834738617204
48117,2012,1239,4309,28.753771176607103
48117,2016,1185,4216,28.107210626185957
48117,2020,1264,4610,27.418655097613883
48117,2024,1686,8572,19.66868875408306
48119,2000,726,1900,38.21052631578947
48119,2004,627,2082,30.11527377521614
48119,2008,589,2187,26.931870141746682
48119,2012,454,2018,22.497522299306244
48119,2016,400,2281,17.536168347216133
48119,2020,403,2592,15.547839506172838
48119,2024,671,5316,12.62227238525207
48121,2000,40144,146790,27.347911983105117
48121,2004,59346,201410,29.4652698475746
48121,2008,91160,243263,37.47384517990817
48121,2012,80978,242781,33.354339919515944
48121,2016,110890,298645,37.13104187245727
48121,2020,188695,417964,45.146232689896735
48121,2024,353554,898376,39.35479131232357
48123,2000,1570,6183,25.392204431505743
48123,2004,1610,6732,23.915626856803325
48123,2008,1716,6626,25.89797766374887
48123,2012,1467,6638,22.100030129557098
48123,2016,1163,6844,16.992986557568674
48123,2020,1494,8118,18.403547671840354
48123,2024,2214,15650,14.146964856230031
48125,2000,284,881,32.2360953461975
48125,2004,245,1063,23.047977422389465
48125,2008,234,972,24.074074074074073
48125,2012,216,1019,21.197252208047104
48125,2016,128,909,14.08140814081408
48125,2020,130,988,13.157894736842104
48125,2024,222,1986,11.178247734138973
48127,2000,2678,3753,71.35624833466561
48127,2004,2365,3566,66.32080762759395
48127,2008,2692,3587,75.04878728742682
48127,2012,2141,2917,73.39732601988345
48127,2016,2173,3225,67.37984496124031
48127,2020,2264,3666,61.75668303327878
48127,2024,2964,6854,43.244820542748755
48129,2000,360,1719,20.94240837696335
48129,2004,349,1784,19.562780269058297
48129,2008,291,1690,17.218934911242602
48129,2012,226,1535,14.723127035830618
48129,2016,191,1465,13.037542662116042
48129,2020,198,1648,12.014563106796118
48129,2024,313,3424,9.141355140186915
48131,2000,3990,5030,79.32405566600397
48131,2004,2916,4091,71.27841603519923
48131,2008,3298,4409,74.80154229984124
48131,2012,3331,4344,76.6804788213628
48131,2016,2783,4168,66.77063339731286
48131,2020,2575,5053,50.95982584603206
48131,2024,3534,8922,39.609952925353056
48133,2000,1774,6414,27.65824758341129
48133,2004,1582,6857,23.071313985708038
48133,2008,1271,6509,19.52680903364572
48133,2012,970,6495,14.934565050038492
48133,2016,776,6963,11.144621571161856
48133,2020,983,8293,11.853370312311588
48133,2024,1615,16728,9.654471544715447
48135,2000,9425,32901,28.64654569769916
48135,2004,8579,36310,23.62709997245938
48135,2008,9123,35606,25.622086165253048
48135,2012,8118,32513,24.968474148802017
48135,2016,10249,36530,28.05639200656994
48135,2020,11367,44591,25.49169114843803
48135,2024,17132,85230,20.10090343775666
48137,2000,261,937,27.854855923159015
48137,2004,217,963,22.533748701973
48137,2008,346,1035,33.429951690821255
48137,2012,232,884,26.244343891402718
48137,2016,303,1073,28.238583410997204
48137,2020,168,1066,15.75984990619137
48137,2024,220,2010,10.945273631840797
48139,2000,10629,37307,28.490631784919717
48139,2004,11640,46444,25.062440788907068
48139,2008,15333,53853,28.471951423319037
48139,2012,13881,54151,25.63387564403243
48139,2016,16253,63673,25.52573304226281
48139,2020,27565,85493,32.24240581100207
48139,2024,61445,199114,30.8592062838374
48141,2000,83848,145042,57.80946208684381
48141,2004,95142,169573,56.106809456694165
48141,2008,122021,185233,65.87433124767185
48141,2012,112952,172412,65.51284133354986
48141,2016,147843,214008,69.08293147919704
48141,2020,178126,266729,66.7816397916987
48141,2024,250950,503138,49.876972122956325
48143,2000,2804,11115,25.227170490328387
48143,2004,2710,12281,22.066606953831123
48143,2008,3128,14019,22.312575789999286
48143,2012,1965,12473,15.754028701996312
48143,2016,2160,13893,15.547397970200821
48143,2020,2916,16856,17.299477930707166
48143,2024,5093,36702,13.87662797667702
48145,2000,2417,5715,42.29221347331584
48145,2004,2427,5902,41.12165367671975
48145,2008,2225,5599,39.73923914984819
48145,2012,2033,5434,37.41258741258741
48145,2016,1684,5248,32.08841463414634
48145,2020,1899,6133,30.963639328224364
48145,2024,2768,12554,22.04874940258085
48147,2000,4102,10340,39.67117988394584
48147,2004,4001,11960,33.453177257525084
48147,2008,3464,11694,29.622028390627676
48147,2012,2486,10804,23.00999629766753
48147,2016,2132,12044,17.701760212553967
48147,2020,2655,15007,17.69174385286866
48147,2024,4548,32790,13.870082342177492
48149,2000,2542,9387,27.080004261212316
48149,2004,2803,10397,26.95969991343657
48149,2008,3014,10714,28.131416837782343
48149,2012,2315,10551,21.941048241872807
48149,2016,2144,11174,19.187399319849654
48149,2020,2661,12941,20.562553125724442
48149,2024,4252,26662,15.947790863401096
48151,2000,884,1872,47.22222222222222
48151,2004,758,1923,39.41757670306812
48151,2008,687,1784,38.50896860986547
48151,2012,512,1629,31.430325352977285
48151,2016,403,1729,23.308270676691727
48151,2020,352,1826,19.27710843373494
48151,2024,550,3660,15.027322404371585
48153,2000,580,2420,23.96694214876033
48153,2004,545,2584,21.091331269349844
48153,2008,730,2521,28.956763189210633
48153,2012,551,2085,26.42685851318945
48153,2016,435,1959,22.2052067381317
48153,2020,438,2039,21.481118195193723
48153,2024,608,4180,14.545454545454545
48155,2000,263,556,47.302158273381295
48155,2004,235,587,40.03407155025553
48155,2008,198,538,36.80297397769517
48155,2012,140,495,28.28282828282828
48155,2016,113,513,22.027290448343077
48155,2020,99,551,17.96733212341198
48155,2024,156,1090,14.311926605504588
48157,2000,47569,123509,38.514602174740304
48157,2004,68722,163169,42.117068805961914
48157,2008,98368,202822,48.49966966108213
48157,2012,101144,219489,46.08158039810651
48157,2016,134686,262066,51.39392366808361
48157,2020,195552,357514,54.69771813131793
48157,2024,332689,725048,45.88510002096413
48159,2000,1018,3472,29.32027649769585
48159,2004,1011,4217,23.97438937633389
48159,2008,1036,4491,23.068358940102428
48159,2012,751,4257,17.641531595019966
48159,2016,665,4380,15.182648401826485
48159,2020,804,5009,16.05110800558994
48159,2024,1403,10622,13.208435322914704
48161,2000,2316,6641,34.87426592380666
48161,2004,2070,7161,28.90657729367407
48161,2008,2034,7288,27.908891328210757
48161,2012,1850,7570,24.438573315719946
48161,2016,1471,7684,19.143675169182718
48161,2020,1635,8711,18.76937205831707
48161,2024,2642,18090,14.604754007739082
48163,2000,2317,4128,56.128875968992254
48163,2004,1931,3930,49.13486005089058
48163,2008,2405,4062,59.20728705071393
48163,2012,2376,3968,59.87903225806451
48163,2016,2444,4400,55.54545454545454
48163,2020,2422,5279,45.87990149649555
48163,2024,3001,9890,30.343781597573305
48165,2000,723,3459,20.901994796183867
48165,2004,608,4164,14.601344860710855
48165,2008,650,4067,15.982296533071061
48165,2012,535,4066,13.157894736842104
48165,2016,597,4620,12.922077922077921
48165,2020,576,5996,9.606404269513009
48165,2024,915,12832,7.1306109725685785
48167,2000,40020,92983,43.04012561435962
48167,2004,43919,105981,41.44044687255263
48167,2008,41805,105004,39.81276903737
48167,2012,39511,110078,35.89363905594215
48167,2016,43658,122903,35.52232248195731
48167,2020,58842,155060,37.94789113891397
48167,2024,104478,317992,32.85554353568643
48169,2000,454,1770,25.649717514124294
48169,2004,326,1812,17.991169977924944
48169,2008,375,1750,21.428571428571427
48169,2012,279,1560,17.884615384615383
48169,2016,230,1484,15.498652291105122
48169,2020,231,1653,13.974591651542651
48169,2024,363,3198,11.350844277673545
48171,2000,1511,9920,15.231854838709676
48171,2004,2104,11553,18.211719899593177
48171,2008,2576,12338,20.878586480791054
48171,2012,2055,12550,16.374501992031874
48171,2016,2288,13214,17.314968972302104
48171,2020,3176,15850,20.037854889589905
48171,2024,5844,32984,17.717681300024253
48173,2000,39,571,6.830122591943957
48173,2004,44,533,8.25515947467167
48173,2008,52,557,9.33572710951526
48173,2012,44,578,7.612456747404845
48173,2016,34,604,5.629139072847682
48173,2020,39,653,5.972434915773354
48173,2024,66,1326,4.97737556561086
48175,2000,1233,3392,36.3502358490566
48175,2004,1219,3501,34.81862325049986
48175,2008,1329,3655,36.36114911080711
48175,2012,1127,3458,32.59109311740891
48175,2016,973,3708,26.240560949298814
48175,2020,877,3995,21.952440550688358
48175,2024,1363,7974,17.093052420366188
48177,2000,1877,6069,30.92766518372055
48177,2004,1709,6022,28.37927598804384
48177,2008,2167,6287,34.46794973755368
48177,2012,1777,6057,29.337956083869905
48177,2016,1571,6334,24.802652352383962
48177,2020,1948,7648,25.47071129707113
48177,2024,3029,15510,19.529335912314636
48179,2000,1376,8185,16.811240073304827
48179,2004,1289,8572,15.037330844610358
48179,2008,1153,8133,14.176810525021516
48179,2012,886,7389,11.990797130870213
48179,2016,701,7405,9.466576637407158
48179,2020,829,7782,10.652788486250321
48179,2024,1452,15160,9.577836411609498
48181,2000,13647,39940,34.16875312969454
48181,2004,13452,44423,30.281610877248273
48181,2008,13900,45477,30.56490093893617
48181,2012,10670,42264,25.246072307401096
48181,2016,10301,47416,21.724734266914123
48181,2020,14506,59474,24.390489962000203
48181,2024,26780,131830,20.314040810134266
48183,2000,11244,38433,29.25610803215986
48183,2004,12306,42398,29.02495400726449
48183,2008,13166,42610,30.898850035203
48183,2012,12398,41507,29.86966053918616
48183,2016,11677,41749,27.969532204364178
48183,2020,14796,47982,30.836563711391772
48183,2024,23687,93476,25.34019427446617
48185,2000,2450,6802,36.01881799470744
48185,2004,2713,8030,33.78580323785803
48185,2008,2704,8322,32.49218937755347
48185,2012,2339,8601,27.19451226601558
48185,2016,2194,9533,23.014790726948494
48185,2020,2833,12414,22.821008538746575
48185,2024,4694,28102,16.70343747775959
48187,2000,8311,30567,27.18945267772434
48187,2004,10290,38752,26.553468208092486
48187,2008,16156,47461,34.04058068730115
48187,2012,15744,49514,31.79706749606172
48187,2016,18391,57822,31.806232921725297
48187,2020,28805,77619,37.110758963655805
48187,2024,54057,170272,31.7474393910919
48189,2000,2158,9110,23.688254665203072
48189,2004,2078,10154,20.464841441796334
48189,2008,2708,9943,27.235240872975965
48189,2012,2243,8854,25.333182742263382
48189,2016,2101,8858,23.71867238654324
48189,2020,2279,9586,23.77425412059253
48189,2024,3248,18570,17.490576198169087
48191,2000,472,1446,32.6417704011065
48191,2004,413,1277,32.34142521534847
48191,2008,324,1264,25.63291139240506
48191,2012,265,1109,23.895401262398558
48191,2016,164,1091,15.032080659945004
48191,2020,168,1169,14.37125748502994
48191,2024,249,2298,10.835509138381202
48193,2000,878,3376,26.007109004739338
48193,2004,845,3730,22.654155495978554
48193,2008,863,3778,22.842773954473266
48193,2012,591,3552,16.638513513513516
48193,2016,479,3620,13.232044198895027
48193,2020,641,4351,14.732245460813607
48193,2024,1075,8930,12.038073908174692
48195,2000,198,2088,9.482758620689655
48195,2004,240,2147,11.178388448998602
48195,2008,240,2102,11.417697431018079
48195,2012,159,1962,8.103975535168196
48195,2016,171,1947,8.782742681047766
48195,2020,166,2047,8.109428431851489
48195,2024,240,3998,6.003001500750376
48197,2000,566,1557,36.3519588953115
48197,2004,480,1702,28.202115158636897
48197,2008,373,1595,23.385579937304072
48197,2012,302,1495,20.20066889632107
48197,2016,249,1513,16.457369464639786
48197,2020,241,1580,15.253164556962027
48197,2024,312,2810,11.103202846975089
48199,2000,5595,17836,31.369141063018613
48199,2004,5608,20710,27.078705939159825
48199,2008,3939,20702,19.02714713554246
48199,2012,3359,21297,15.772174484669202
48199,2016,2780,22780,12.203687445127304
48199,2020,3474,27635,12.571015017188348
48199,2024,5970,56314,10.601271442270129
48201,2000,418267,974822,42.907012767459086
48201,2004,475865,1067968,44.557983010726915
48201,2008,590982,1171472,50.447812666457246
48201,2012,587044,1188585,49.39015720373385
48201,2016,707914,1312112,53.95225407587157
48201,2020,918193,1640818,55.959466558753014
48201,2024,1455904,3114968,46.738971315275144
48203,2000,8878,22970,38.65041358293426
48203,2004,9642,26223,36.76924836975174
48203,2008,8887,26158,33.97430996253536
48203,2012,8456,26170,32.3118074130684
48203,2016,7151,26548,26.936115714931447
48203,2020,7908,29717,26.6110307231551
48203,2024,13208,60486,21.836458023344246
48205,2000,359,2031,17.676021664204825
48205,2004,315,2059,15.2986886838271
48205,2008,250,1985,12.594458438287154
48205,2012,184,1913,9.618400418191323
48205,2016,173,1952,8.862704918032787
48205,2020,195,2078,9.384023099133783
48205,2024,284,4032,7.0436507936507935
48207,2000,1401,2927,47.86470789203963
48207,2004,867,2416,35.88576158940398
48207,2008,699,2116,33.034026465028354
48207,2012,553,2013,27.47143566815698
48207,2016,314,1770,17.740112994350284
48207,2020,353,2214,15.943992773261066
48207,2024,533,4494,11.860258121940365
48209,2000,11387,34317,33.18180493632894
48209,2004,20110,47823,42.05089601237898
48209,2008,28431,59052,48.14570209307051
48209,2012,25537,59011,43.27498263035705
48209,2016,33224,72164,46.03957652014855
48209,2020,59524,109395,54.41199323552265
48209,2024,120969,251654,48.0695717135432
48211,2000,251,1474,17.028493894165535
48211,2004,257,1643,15.642118076688982
48211,2008,216,1570,13.757961783439491
48211,2012,192,1509,12.72365805168986
48211,2016,181,1695,10.678466076696164
48211,2020,206,1720,11.976744186046512
48211,2024,340,3224,10.54590570719603
48213,2000,8704,25627,33.96417840558786
48213,2004,8505,28849,29.481091199001696
48213,2008,7913,28993,27.29279481254096
48213,2012,6106,27627,22.101567307344265
48213,2016,5669,30045,18.868364120485936
48213,2020,7060,36317,19.43993171242118
48213,2024,12433,77080,16.129994810586403
48215,2000,61390,101050,60.75210291934686
48215,2004,62369,113683,54.86220455125217
48215,2008,90261,130784,69.01532297528749
48215,2012,97969,139159,70.40076459301949
48215,2016,118809,173437,68.50268397170154
48215,2020,128199,220884,58.03906122670723
48215,2024,186511,434530,42.9224679538812
48217,2000,3524,10735,32.8272007452259
48217,2004,3751,13053,28.736688883781508
48217,2008,3811,13188,28.897482559902944
48217,2012,2752,12045,22.847654628476548
48217,2016,2547,12970,19.63762528912876
48217,2020,2860,14931,19.154778648449536
48217,2024,5082,33412,15.210104154196097
48219,2000,1419,6745,21.037805782060786
48219,2004,1385,7577,18.279002243632046
48219,2008,1797,7645,23.505559189012427
48219,2012,1486,7134,20.82982898794505
48219,2016,1260,7311,17.23430447271235
48219,2020,1482,8100,18.296296296296298
48219,2024,2271,15976,14.21507260891337
48221,2000,4704,17505,26.872322193658952
48221,2004,4865,21293,22.84788428121918
48221,2008,5087,22596,22.512834129934504
48221,2012,3843,22535,17.053472376303528
48221,2016,4008,26262,15.261594699565913
48221,2020,5648,32541,17.35656556344304
48221,2024,11086,73106,15.164282001477305
48223,2000,3692,10910,33.84051329055912
48223,2004,3443,12062,28.544188360139277
48223,2008,3530,12919,27.324096292282686
48223,2012,2777,12753,21.775268564259388
48223,2016,2510,13538,18.540404786526814
48223,2020,3046,15941,19.107960604729943
48223,2024,5044,33556,15.031588985576349
48225,2000,2833,8236,34.3977659057795
48225,2004,2921,8806,33.1705655235067
48225,2008,2656,8624,30.79777365491651
48225,2012,2265,8214,27.57487216946676
48225,2016,1978,8353,23.680114928768106
48225,2020,2314,9438,24.517906336088156
48225,2024,3559,18730,19.001601708489055
48227,2000,2744,9548,28.739002932551323
48227,2004,2663,10201,26.105283795706303
48227,2008,2545,9689,26.26690060893797
48227,2012,2110,8695,24.26682001150086
48227,2016,1770,8723,20.291184225610458
48227,2020,2069,10241,20.203105165511182
48227,2024,3083,19282,15.989005289907684
48229,2000,380,922,41.21475054229935
48229,2004,302,886,34.08577878103837
48229,2008,430,898,47.88418708240535
48229,2012,379,863,43.91657010428737
48229,2016,324,871,37.198622273249136
48229,2020,371,1165,31.84549356223176
48229,2024,339,2076,16.329479768786126
48231,2000,7857,24466,32.1139540586937
48231,2004,7971,28194,28.271972760161734
48231,2008,8594,29524,29.108521880503996
48231,2012,6671,28049,23.78337908659845
48231,2016,6396,31554,20.270013310515306
48231,2020,8906,38597,23.07433220198461
48231,2024,17552,93466,18.77902124836839
48233,2000,1796,9351,19.206501978398034
48233,2004,1503,9369,16.042267050912585
48233,2008,1322,8761,15.089601643647985
48233,2012,1045,7928,13.181130171543895
48233,2016,854,8155,10.472103004291846
48233,2020,965,8773,10.99965804171891
48233,2024,1565,16488,9.491751576904415
48235,2000,162,793,20.42875157629256
48235,2004,141,828,17.02898550724638
48235,2008,164,817,20.0734394124847
48235,2012,112,788,14.213197969543149
48235,2016,90,766,11.74934725848564
48235,2020,120,889,13.498312710911136
48235,2024,173,1736,9.965437788018432
48237,2000,822,2974,27.639542703429726
48237,2004,643,3126,20.56941778630838
48237,2008,470,3023,15.54746940125703
48237,2012,303,2908,10.419532324621732
48237,2016,314,3350,9.373134328358208
48237,2020,331,3782,8.751983077736647
48237,2024,666,8402,7.926684122827899
48239,2000,1446,4856,29.777594728171337
48239,2004,1296,5077,25.526885956273386
48239,2008,1301,5057,25.726715443939096
48239,2012,1070,5025,21.293532338308456
48239,2016,904,5302,17.050169747265183
48239,2020,1033,6353,16.26003462930899
48239,2024,1552,12658,12.26102069837257
48241,2000,4533,11742,38.60500766479305
48241,2004,4471,12873,34.73160879359901
48241,2008,3658,12776,28.631809643080775
48241,2012,3423,13517,25.323666494044538
48241,2016,2590,13419,19.300991131977046
48241,2020,2954,15611,18.9225546089296
48241,2024,4582,31682,14.462470803610882
48243,2000,283,1060,26.69811320754717
48243,2004,378,1167,32.390745501285345
48243,2008,468,1236,37.86407766990291
48243,2012,440,1192,36.91275167785235
48243,2016,422,1191,35.43240973971453
48243,2020,501,1305,38.39080459770115
48243,2024,810,2338,34.64499572284004
48245,2000,45409,86909,52.248904026050234
48245,2004,47066,91866,51.23331809374524
48245,2008,44888,88296,50.8380900607049
48245,2012,44668,88627,50.399990973405394
48245,2016,42443,87618,48.44095962016937
48245,2020,46073,94759,48.62123914351144
48245,2024,70913,172628,41.07850406654772
48247,2000,1512,2157,70.09735744089014
48247,2004,1344,2065,65.08474576271186
48247,2008,1336,1815,73.60881542699724
48247,2012,1301,1667,78.04439112177565
48247,2016,1635,2119,77.15903728173666
48247,2020,1197,2036,58.79174852652259
48247,2024,1450,3170,45.74132492113564
48249,2000,7418,12023,61.6984113781918
48249,2004,6824,12691,53.77038846426602
48249,2008,6706,11612,57.75060282466414
48249,2012,6492,11166,58.14078452444922
48249,2016,6694,12379,54.07545035947976
48249,2020,6119,13669,44.7655278367108
48249,2024,9672,26536,36.44859813084112
48251,2000,11778,38726,30.413675566802667
48251,2004,12325,47422,25.99004681371515
48251,2008,12912,50050,25.7982017982018
48251,2012,10496,48838,21.491461566812728
48251,2016,10988,57606,19.074401972016805
48251,2020,16464,72020,22.86031657872813
48251,2024,34788,161442,21.548295982458097
48253,2000,1899,6048,31.398809523809522
48253,2004,1658,5931,27.954813690777268
48253,2008,1528,5808,26.30853994490358
48253,2012,1226,5567,22.02263337524699
48253,2016,936,5960,15.704697986577182
48253,2020,999,6741,14.819759679572764
48253,2024,1449,13894,10.42896214193177
48255,2000,1617,4308,37.53481894150418
48255,2004,1543,4673,33.01947357158143
48255,2008,1760,4527,38.87784404683013
48255,2012,1325,4185,31.660692951015534
48255,2016,1145,4198,27.274892806098144
48255,2020,1234,5252,23.495811119573496
48255,2024,1750,10150,17.24137931034483
48257,2000,7455,23063,32.32450244981139
48257,2004,8947,30366,29.4638740696832
48257,2008,11161,35145,31.75700668658415
48257,2012,9472,34670,27.320449956734926
48257,2016,10278,41265,24.90730643402399
48257,2020,18405,56718,32.45001586797842
48257,2024,44035,138812,31.72276172088868
48259,2000,1901,11073,17.16788584846022
48259,2004,2532,14072,17.993177942012505
48259,2008,3599,16746,21.491699510330825
48259,2012,3043,17783,17.111848394534103
48259,2016,3643,20120,18.106361829025843
48259,2020,6020,26452,22.758203538484803
48259,2024,11830,58630,20.17738359201774
48261,2000,119,228,52.19298245614035
48261,2004,85,169,50.29585798816568
48261,2008,108,202,53.46534653465347
48261,2012,82,167,49.101796407185624
48261,2016,99,186,53.2258064516129
48261,2020,65,194,33.50515463917525
48261,2024,71,316,22.468354430379748
48263,2000,185,536,34.51492537313433
48263,2004,138,522,26.436781609195403
48263,2008,99,448,22.098214285714285
48263,2012,66,405,16.296296296296298
48263,2016,59,434,13.594470046082948
48263,2020,47,462,10.173160173160174
48263,2024,91,890,10.224719101123595
48265,2000,4002,19228,20.813397129186605
48265,2004,4557,21246,21.448743292855127
48265,2008,5570,22556,24.694094697641425
48265,2012,4338,21879,19.827231591937476
48265,2016,4681,23297,20.092715800317638
48265,2020,6524,27745,23.514146693097857
48265,2024,11614,56340,20.614128505502308
48267,2000,328,1666,19.687875150060023
48267,2004,324,1816,17.841409691629956
48267,2008,342,1843,18.556701030927837
48267,2012,217,1892,11.469344608879492
48267,2016,206,1952,10.55327868852459
48267,2020,284,2292,12.390924956369982
48267,2024,478,4808,9.941763727121463
48269,2000,14,137,10.218978102189782
48269,2004,18,156,11.538461538461538
48269,2008,8,163,4.9079754601226995
48269,2012,5,145,3.4482758620689653
48269,2016,5,159,3.1446540880503147
48269,2020,8,159,5.031446540880504
48269,2024,12,270,4.444444444444445
48271,2000,486,1444,33.65650969529086
48271,2004,542,1600,33.875
48271,2008,633,1551,40.81237911025145
48271,2012,522,1425,36.63157894736842
48271,2016,458,1430,32.02797202797203
48271,2020,446,1603,27.822832189644416
48271,2024,601,2838,21.176885130373503
48273,2000,4481,9194,48.73830759190776
48273,2004,4550,9973,45.623182593001104
48273,2008,5256,9876,53.219927095990286
48273,2012,4754,8907,53.373750982373416
48273,2016,4716,9512,49.579478553406226
48273,2020,5314,10944,48.5562865497076
48273,2024,7724,20028,38.56600758937488
48275,2000,617,1576,39.1497461928934
48275,2004,464,1552,29.896907216494846
48275,2008,367,1368,26.82748538011696
48275,2012,332,1510,21.986754966887418
48275,2016,247,1367,18.06876371616679
48275,2020,265,1456,18.20054945054945
48275,2024,287,2752,10.428779069767442
48277,2000,5553,15430,35.98833441348023
48277,2004,5338,17470,30.555237550085863
48277,2008,5243,18362,28.553534473368913
48277,2012,4181,17197,24.312380066290633
48277,2016,3583,18611,19.252055236150664
48277,2020,4458,21442,20.790970991511987
48277,2024,7187,42570,16.88278130138595
48279,2000,1114,4598,24.227925184862983
48279,2004,857,4271,20.0655584172325
48279,2008,1156,4525,25.546961325966848
48279,2012,998,4091,24.395013444145686
48279,2016,771,3995,19.299123904881103
48279,2020,840,4410,19.047619047619047
48279,2024,1124,8302,13.538906287641533
48281,2000,1569,6214,25.249436755712907
48281,2004,1593,7025,22.676156583629894
48281,2008,1903,7634,24.927953890489913
48281,2012,1479,7204,20.53026096612993
48281,2016,1483,8205,18.074344911639244
48281,2020,2144,10399,20.617367054524475
48281,2024,4026,22602,17.81258295726042
48283,2000,1266,2014,62.85998013902682
48283,2004,1229,2230,55.11210762331839
48283,2008,1052,1776,59.23423423423423
48283,2012,965,1646,58.6269744835966
48283,2016,1129,2059,54.83244293346284
48283,2020,1052,2406,43.72402327514547
48283,2024,1545,4720,32.733050847457626
48285,2000,2171,7546,28.770209382454283
48285,2004,2152,8177,26.31772043536749
48285,2008,1869,8223,22.728931047063117
48285,2012,1428,8294,17.217265493127563
48285,2016,1170,8661,13.508832698302736
48285,2020,1333,10197,13.072472295773267
48285,2024,2122,20982,10.113430559527215
48287,2000,1733,5536,31.304190751445088
48287,2004,1899,6088,31.19250985545335
48287,2008,2000,6377,31.362709738121374
48287,2012,1632,6221,26.2337244815946
48287,2016,1372,6535,20.994644223412394
48287,2020,1750,8087,21.639668603932236
48287,2024,2838,16830,16.862745098039216
48289,2000,1893,6326,29.924122668352833
48289,2004,1754,6799,25.79791145756729
48289,2008,1418,7041,20.13918477488993
48289,2012,1062,6945,15.291576673866093
48289,2016,909,7439,12.21938432585025
48289,2020,1072,8674,12.35877334563062
48289,2024,1719,18128,9.482568402471315
48291,2000,7311,20077,36.41480300841759
48291,2004,6780,21691,31.257203448434833
48291,2008,5991,21626,27.702765190049018
48291,2012,5202,22746,22.869955156950674
48291,2016,4862,24267,20.0354390736391
48291,2020,5785,29334,19.721142701302245
48291,2024,10399,62646,16.599623280017877
48293,2000,2768,7075,39.12367491166078
48293,2004,2752,7818,35.200818623688924
48293,2008,2516,7652,32.88029273392577
48293,2012,2208,7563,29.194763982546608
48293,2016,1778,7739,22.97454451479519
48293,2020,2213,9095,24.332050577240242
48293,2024,3385,18150,18.650137741046834
48295,2000,206,1294,15.919629057187018
48295,2004,184,1337,13.762154076290201
48295,2008,155,1256,12.340764331210192
48295,2012,119,1168,10.188356164383562
48295,2016,135,1332,10.135135135135135
48295,2020,131,1353,9.682187730968218
48295,2024,180,2518,7.148530579825259
48297,2000,1114,4004,27.822177822177824
48297,2004,1036,4201,24.660795048797908
48297,2008,1048,4176,25.095785440613028
48297,2012,919,4113,22.343787989302214
48297,2016,742,4302,17.24779172477917
48297,2020,819,5054,16.20498614958449
48297,2024,1282,10186,12.585902218731594
48299,2000,2143,8627,24.840616668598585
48299,2004,2257,9563,23.60138031998327
48299,2008,2250,9629,23.366912451968012
48299,2012,1822,9558,19.062565390249006
48299,2016,1825,10447,17.469129893749404
48299,2020,2465,12660,19.47077409162717
48299,2024,4887,27258,17.928681488003523
48301,2000,29,156,18.58974358974359
48301,2004,12,80,15
48301,2008,12,79,15.18987341772152
48301,2012,9,64,14.0625
48301,2016,4,65,6.153846153846154
48301,2020,4,66,6.0606060606060606
48301,2024,18,194,9.278350515463918
48303,2000,18469,76008,24.298758025471002
48303,2004,22472,93151,24.124271344376336
48303,2008,30486,97534,31.256792503127112
48303,2012,26271,91184,28.810975609756095
48303,2016,28023,99013,28.30234413662852
48303,2020,40017,120817,33.12199442131488
48303,2024,67441,250076,26.968201666693325
48305,2000,562,2084,26.967370441458733
48305,2004,490,2271,21.57639806252752
48305,2008,627,2116,29.631379962192817
48305,2012,506,1959,25.829504849412967
48305,2016,403,2009,20.059731209556993
48305,2020,428,2293,18.665503706934146
48305,2024,574,5134,11.180366186209584
48307,2000,794,2920,27.19178082191781
48307,2004,745,3220,23.136645962732917
48307,2008,728,3010,24.186046511627907
48307,2012,537,2993,17.941864350150354
48307,2016,482,3103,15.533354817918143
48307,2020,490,3436,14.260768335273575
48307,2024,795,7026,11.315115286080275
48309,2000,23462,68789,34.1071973716728
48309,2004,26760,79254,33.764857294269056
48309,2008,29998,79674,37.65092752968346
48309,2012,25694,74541,34.46962074562992
48309,2016,27063,79075,34.22447043945621
48309,2020,36688,97872,37.48569560241949
48309,2024,59389,199344,29.79221847660326
48311,2000,77,439,17.539863325740317
48311,2004,95,564,16.843971631205672
48311,2008,132,537,24.581005586592177
48311,2012,67,503,13.320079522862823
48311,2016,40,499,8.016032064128256
48311,2020,53,516,10.271317829457365
48311,2024,64,974,6.570841889117044
48313,2000,1241,3623,34.25338117582114
48313,2004,1235,4101,30.114606193611316
48313,2008,1146,4074,28.12960235640648
48313,2012,967,4028,24.00695134061569
48313,2016,881,4289,20.54091862905106
48313,2020,1088,5298,20.53605134012835
48313,2024,1695,10978,15.439970850792495
48315,2000,1852,3930,47.12468193384224
48315,2004,1884,4348,43.33026678932843
48315,2008,1644,4252,38.66415804327376
48315,2012,1495,4282,34.913591779542266
48315,2016,1165,4238,27.48938178386031
48315,2020,1339,4864,27.528782894736842
48315,2024,1919,9428,20.354263894781504
48317,2000,415,1949,21.29297075423294
48317,2004,288,1807,15.938018815716656
48317,2008,314,1715,18.309037900874635
48317,2012,248,1624,15.270935960591133
48317,2016,266,1762,15.096481271282633
48317,2020,288,2160,13.333333333333334
48317,2024,415,4166,9.961593855016803
48319,2000,417,1801,23.153803442531924
48319,2004,459,2077,22.09918151179586
48319,2008,546,2121,25.742574257425744
48319,2012,380,1968,19.308943089430894
48319,2016,354,2057,17.209528439474965
48319,2020,457,2474,18.47210994341148
48319,2024,800,5054,15.829046299960428
48321,2000,4696,12459,37.6916285416165
48321,2004,4355,12521,34.78156696749461
48321,2008,4440,12373,35.88458740806595
48321,2012,3980,12133,32.80309898623589
48321,2016,3500,12196,28.697933748770087
48321,2020,3733,13727,27.194580024768705
48321,2024,5738,26624,21.551983173076923
48323,2000,5995,9229,64.95828367103695
48323,2004,5948,10034,59.27845325891967
48323,2008,8554,10939,78.19727580217571
48323,2012,8303,10563,78.60456309760485
48323,2016,10397,13588,76.51604356785398
48323,2020,8332,15346,54.29427863938485
48323,2024,10867,31490,34.50936805335027
48325,2000,4025,12873,31.26699293094073
48325,2004,4322,14826,29.15149062457844
48325,2008,5147,15737,32.706360805744424
48325,2012,4784,16049,29.808710823104246
48325,2016,4634,17246,26.8699988403108
48325,2020,6773,22657,29.89363110738403
48325,2024,12684,49234,25.76268432384125
48327,2000,334,990,33.73737373737374
48327,2004,331,1103,30.009066183136902
48327,2008,295,1018,28.978388998035363
48327,2012,171,849,20.141342756183743
48327,2016,154,864,17.824074074074073
48327,2020,197,1028,19.16342412451362
48327,2024,296,2080,14.23076923076923
48329,2000,7534,39740,18.958228485153498
48329,2004,8005,44834,17.854753089173396
48329,2008,9691,46216,20.968928509607064
48329,2012,8286,44597,18.57972509361616
48329,2016,10025,49212,20.371047711940175
48329,2020,12329,58859,20.94666915849743
48329,2024,20124,117616,17.109917018092776
48331,2000,3429,8269,41.46813399443705
48331,2004,3445,8783,39.22349994307184
48331,2008,3044,8357,36.424554265884886
48331,2012,2636,8230,32.02916160388821
48331,2016,2051,8664,23.672668513388732
48331,2020,2496,10578,23.596142938173568
48331,2024,4136,22196,18.633988105965038
48333,2000,548,2314,23.681936041486605
48333,2004,416,2231,18.64634692962797
48333,2008,398,2177,18.282039503904457
48333,2012,279,2201,12.676056338028168
48333,2016,243,2245,10.824053452115812
48333,2020,271,2505,10.818363273453095
48333,2024,570,5484,10.393873085339168
48335,2000,837,2574,32.51748251748251
48335,2004,639,2558,24.980453479280687
48335,2008,586,2431,24.105306458247636
48335,2012,538,2316,23.229706390328154
48335,2016,354,2196,16.120218579234972
48335,2020,397,2579,15.393563396665375
48335,2024,615,5026,12.236370871468365
48337,2000,2256,7330,30.777626193724423
48337,2004,1946,7897,24.642269216158034
48337,2008,1597,7950,20.08805031446541
48337,2012,1116,7751,14.3981421752032
48337,2016,885,8604,10.285913528591353
48337,2020,1097,9819,11.172217130053976
48337,2024,2163,22202,9.742365552652913
48339,2000,23286,106213,21.923869959421165
48339,2004,28628,133988,21.36609248589426
48339,2008,36703,157847,23.252263267594568
48339,2012,32920,173113,19.016480564717845
48339,2016,45835,204632,22.398745064310567
48339,2020,74377,271543,27.39050537115669
48339,2024,147859,614516,24.061049671611478
48341,2000,1040,5290,19.659735349716446
48341,2004,1009,5628,17.928216062544422
48341,2008,1123,5437,20.65477285267611
48341,2012,964,4985,19.338014042126378
48341,2016,1098,5284,20.779712339137017
48341,2020,1062,5508,19.28104575163399
48341,2024,1373,10724,12.803058560238718
48343,2000,2455,4889,50.21476784618532
48343,2004,2437,5278,46.17279272451687
48343,2008,2055,5248,39.1577743902439
48343,2012,1858,5139,36.15489394823896
48343,2016,1425,4973,28.65473557208928
48343,2020,1669,5587,29.872919276892784
48343,2024,2190,10868,20.1509017298491
48345,2000,118,642,18.38006230529595
48345,2004,113,684,16.52046783625731
48345,2008,67,594,11.27946127946128
48345,2012,55,600,9.166666666666666
48345,2016,40,615,6.504065040650407
48345,2020,46,652,7.05521472392638
48345,2024,61,1300,4.6923076923076925
48347,2000,6204,19799,31.33491590484368
48347,2004,7152,21466,33.31780490077332
48347,2008,8393,23391,35.88132187593519
48347,2012,6465,20653,31.30295840797947
48347,2016,6846,22622,30.26257625320484
48347,2020,9000,26785,33.600896023893974
48347,2024,13611,50972,26.702895707447226
48349,2000,5366,13890,38.632109431245496
48349,2004,5259,16034,32.799052014469254
48349,2008,5400,16321,33.08620795294406
48349,2012,4350,15364,28.31293933871388
48349,2016,4002,16433,24.353435160956614
48349,2020,5101,19123,26.674684934372223
48349,2024,7852,39662,19.79728707579043
48351,2000,2503,4990,50.16032064128256
48351,2004,2513,5700,44.08771929824562
48351,2008,1751,5260,33.28897338403042
48351,2012,1677,5869,28.573862668256943
48351,2016,1156,5534,20.889049512106975
48351,2020,1173,6094,19.248441089596323
48351,2024,1471,11498,12.79352930944512
48353,2000,1874,5312,35.278614457831324
48353,2004,1541,5289,29.13594252221592
48353,2008,1521,5063,30.041477384949633
48353,2012,1216,4575,26.579234972677597
48353,2016,1029,4857,21.18591723285979
48353,2020,1162,5357,21.69124509986933
48353,2024,1656,10230,16.187683284457478
48355,2000,45349,97326,46.594948934508764
48355,2004,44439,104560,42.50095638867636
48355,2008,47912,101230,47.32984293193717
48355,2012,45772,96104,47.62757013235661
48355,2016,49198,104405,47.12226425937455
48355,2020,60925,127322,47.851117638742714
48355,2024,96031,243356,39.46111869031378
48357,2000,251,2962,8.474004051316678
48357,2004,251,3177,7.9005350960025185
48357,2008,243,3109,7.816018012222579
48357,2012,253,2993,8.45305713331106
48357,2016,274,3002,9.127248500999334
48357,2020,302,3156,9.569074778200253
48357,2024,451,6020,7.4916943521594686
48359,2000,108,774,13.953488372093023
48359,2004,108,843,12.811387900355871
48359,2008,102,920,11.08695652173913
48359,2012,71,869,8.170310701956272
48359,2016,78,948,8.227848101265822
48359,2020,81,1009,8.02775024777007
48359,2024,109,1948,5.595482546201231
48361,2000,11887,29654,40.08565454913334
48361,2004,11476,31908,35.965901968158455
48361,2008,7646,29406,26.00149629327348
48361,2012,6800,30518,22.281931974572384
48361,2016,5735,32000,17.921875
48361,2020,6357,35994,17.661276879479914
48361,2024,10600,72676,14.585282624250095
48363,2000,3263,9118,35.78635665716166
48363,2004,2816,10014,28.12063111643699
48363,2008,2499,9890,25.26794742163802
48363,2012,1811,9337,19.39595159044661
48363,2016,1708,10270,16.630963972736122
48363,2020,2178,12489,17.439346625030026
48363,2024,3765,26672,14.115926814637072
48365,2000,3011,9074,33.182719858937624
48365,2004,2958,10007,29.55930848406116
48365,2008,2586,10216,25.313234142521534
48365,2012,2211,10230,21.612903225806452
48365,2016,1835,10416,17.617127496159753
48365,2020,2057,11451,17.963496637848223
48365,2024,3106,22878,13.576361570067313
48367,2000,8878,33225,26.72084273890143
48367,2004,8966,40957,21.891251800668996
48367,2008,10502,47951,21.901524472899418
48367,2012,7853,47694,16.46538348639242
48367,2016,8344,56817,14.685745463505642
48367,2020,13017,76128,17.098833543505677
48367,2024,27118,181680,14.926243945398504
48369,2000,447,2744,16.29008746355685
48369,2004,389,2773,14.028128380815003
48369,2008,719,3713,19.364395367627253
48369,2012,529,2554,20.71260767423649
48369,2016,485,2466,19.667477696674776
48369,2020,488,2650,18.41509433962264
48369,2024,526,5008,10.503194888178914
48371,2000,1539,4303,35.76574482918894
48371,2004,1242,4428,28.04878048780488
48371,2008,1476,4010,36.80798004987531
48371,2012,1591,4150,38.33734939759036
48371,2016,1554,4185,37.132616487455195
48371,2020,1382,4668,29.605826906598114
48371,2024,2014,8466,23.789274746042995
48373,2000,6877,18994,36.206170369590396
48373,2004,6964,20846,33.40688861172407
48373,2008,6230,20149,30.919648617797407
48373,2012,4859,19134,25.394585554510297
48373,2016,4187,19852,21.09107394720935
48373,2020,5387,24186,22.273215910030597
48373,2024,8980,48584,18.4834513420056
48375,2000,7242,25376,28.53877679697352
48375,2004,7489,29056,25.774366740088105
48375,2008,8939,30013,29.783760370506112
48375,2012,7126,26450,26.9413988657845
48375,2016,7657,28651,26.725070678161323
48375,2020,9921,33337,29.75972643009269
48375,2024,15302,64242,23.819308240714797
48377,2000,1064,1757,60.55776892430279
48377,2004,1159,1890,61.32275132275132
48377,2008,1252,1757,71.25782583949915
48377,2012,1282,1817,70.55586130985141
48377,2016,1458,2208,66.03260869565217
48377,2020,1463,2217,65.99007668019846
48377,2024,2300,3988,57.673019057171516
48379,2000,1225,3333,36.75367536753675
48379,2004,1213,4229,28.68290375975408
48379,2008,1048,4236,24.740321057601513
48379,2012,761,4087,18.620014680694887
48379,2016,628,4701,13.358859817060202
48379,2020,842,6053,13.91045762431852
48379,2024,1559,13112,11.88987187309335
48381,2000,7209,41790,17.2505384063173
48381,2004,7849,48587,16.1545269310721
48381,2008,9468,51832,18.26670782528168
48381,2012,7574,49696,15.240663232453317
48381,2016,8367,54305,15.407421047785656
48381,2020,12802,64674,19.794662460958033
48381,2024,23522,133802,17.57970732873948
48383,2000,282,1255,22.470119521912352
48383,2004,184,1143,16.097987751531058
48383,2008,197,994,19.81891348088531
48383,2012,158,843,18.74258600237248
48383,2016,167,904,18.47345132743363
48383,2020,172,1124,15.302491103202847
48383,2024,234,1898,12.32876712328767
48385,2000,316,1490,21.20805369127517
48385,2004,325,1645,19.756838905775076
48385,2008,375,1628,23.034398034398034
48385,2012,277,1535,18.04560260586319
48385,2016,262,1681,15.585960737656157
48385,2020,320,1982,16.145307769929364
48385,2024,575,3916,14.68335035750766
48387,2000,2219,5202,42.656670511341794
48387,2004,2097,5490,38.196721311475414
48387,2008,1539,5052,30.463182897862236
48387,2012,1482,5074,29.20772566022862
48387,2016,1149,5161,22.263127300910675
48387,2020,1246,5806,21.460558043403378
48387,2024,1889,11592,16.295721187025535
48389,2000,1872,3176,58.94206549118388
48389,2004,1600,3395,47.1281296023564
48389,2008,1606,3077,52.19369515762106
48389,2012,1655,2877,57.52519986096628
48389,2016,1659,3184,52.10427135678392
48389,2020,1395,3689,37.81512605042017
48389,2024,1913,6878,27.813317824949113
48391,2000,1172,2921,40.123245463882235
48391,2004,1232,3455,35.65846599131694
48391,2008,1382,3261,42.37963814780742
48391,2012,998,2677,37.28053791557714
48391,2016,1034,2948,35.07462686567165
48391,2020,1108,3366,32.91740938799762
48391,2024,1479,6150,24.048780487804876
48393,2000,72,549,13.114754098360656
48393,2004,46,507,9.072978303747535
48393,2008,41,518,7.915057915057915
48393,2012,33,508,6.496062992125983
48393,2016,20,554,3.6101083032490973
48393,2020,17,550,3.090909090909091
48393,2024,37,1144,3.234265734265734
48395,2000,3283,6369,51.546553619092485
48395,2004,2979,6795,43.841059602649004
48395,2008,2675,6710,39.865871833084945
48395,2012,2798,7287,38.397145601756556
48395,2016,2203,7035,31.31485429992893
48395,2020,2374,8099,29.312260772934927
48395,2024,3312,16316,20.29909291493013
48397,2000,3642,17652,20.63222297756628
48397,2004,5320,25581,20.796685039677886
48397,2008,8492,32066,26.48287906193476
48397,2012,8120,35678,22.75912326924155
48397,2016,9655,39948,24.16891959547412
48397,2020,16412,53891,30.454064686125697
48397,2024,33518,124538,26.9138736771106
48399,2000,969,4046,23.949579831932773
48399,2004,792,4049,19.56038528031613
48399,2008,720,3867,18.619084561675717
48399,2012,519,3668,14.149400218102508
48399,2016,453,3782,11.97778952934955
48399,2020,552,4409,12.519845770015877
48399,2024,723,8112,8.912721893491124
48401,2000,4841,16633,29.104791679191965
48401,2004,4899,18344,26.706279982555603
48401,2008,4983,18722,26.615746180963573
48401,2012,4451,18546,23.99978432006902
48401,2016,3935,18994,20.717068547962512
48401,2020,4629,21377,21.654114234925387
48401,2024,7411,43412,17.071316686630425
48403,2000,1753,4591,38.18340230886517
48403,2004,1476,4639,31.817201983186035
48403,2008,1077,4874,22.096840377513335
48403,2012,807,4578,17.627785058977718
48403,2016,614,4651,13.201462051171792
48403,2020,669,5491,12.183573119650337
48403,2024,990,11162,8.869378247625875
48405,2000,1636,3805,42.99605781865966
48405,2004,1506,3757,40.08517434122971
48405,2008,1328,3715,35.74697173620457
48405,2012,1193,3690,32.330623306233065
48405,2016,910,3569,25.497338189969177
48405,2020,980,4002,24.48775612193903
48405,2024,1396,7494,18.628235922070992
48407,2000,2946,7714,38.190303344568314
48407,2004,2688,8125,33.08307692307692
48407,2008,2721,8958,30.37508372404555
48407,2012,2410,9616,25.062396006655575
48407,2016,2038,10343,19.704147732766124
48407,2020,2337,12640,18.488924050632914
48407,2024,3751,25578,14.664946438345453
48409,2000,7840,18699,41.927375795497085
48409,2004,7764,21320,36.41651031894934
48409,2008,8854,21396,41.38156664797158
48409,2012,7856,20078,39.12740312780157
48409,2016,7871,21656,36.345585519024745
48409,2020,8988,25891,34.71476574871577
48409,2024,14075,51158,27.512803471597795
48411,2000,618,2333,26.489498499785686
48411,2004,529,2431,21.760592348827643
48411,2008,487,2457,19.820919820919823
48411,2012,323,2259,14.298362107127046
48411,2016,293,2357,12.431056427662282
48411,2020,287,2602,11.029976940814757
48411,2024,468,5418,8.637873754152823
48413,2000,338,1173,28.815004262574597
48413,2004,312,1329,23.47629796839729
48413,2008,324,1304,24.846625766871167
48413,2012,221,1017,21.730580137659782
48413,2016,208,1059,19.64117091595845
48413,2020,211,1159,18.2053494391717
48413,2024,327,2216,14.756317689530684
48415,2000,1193,5326,22.39954938039805
48415,2004,981,5572,17.60588657573582
48415,2008,1088,5569,19.536721134853654
48415,2012,838,5027,16.66998209667794
48415,2016,733,5289,13.858952543013803
48415,2020,818,5870,13.935264054514478
48415,2024,1260,11442,11.012060828526483
48417,2000,264,1347,19.599109131403118
48417,2004,229,1527,14.996725605762935
48417,2008,208,1505,13.820598006644518
48417,2012,131,1363,9.611151870873075
48417,2016,103,1504,6.848404255319148
48417,2020,130,1628,7.985257985257984
48417,2024,252,3456,7.291666666666667
48419,2000,3227,9005,35.83564686285397
48419,2004,2951,9279,31.802996012501346
48419,2008,2548,9220,27.635574837310195
48419,2012,2322,9284,25.010771219302026
48419,2016,1758,9086,19.348448162007482
48419,2020,2068,10087,20.50163576881134
48419,2024,2877,19896,14.460193003618818
48421,2000,144,1163,12.381771281169389
48421,2004,124,1066,11.632270168855536
48421,2008,127,1020,12.450980392156863
48421,2012,121,1038,11.657032755298651
48421,2016,96,935,10.267379679144385
48421,2020,91,992,9.173387096774194
48421,2024,95,1746,5.441008018327606
48423,2000,16470,60624,27.167458432304038
48423,2004,19970,73664,27.109578627280627
48423,2008,23726,79561,29.82114352509395
48423,2012,21456,79601,26.95443524578837
48423,2016,22300,84768,26.307097017742542
48423,2020,29615,100089,29.588666087182407
48423,2024,50030,207758,24.080901818461864
48425,2000,752,2918,25.77107607950651
48425,2004,831,3551,23.401858631371443
48425,2008,799,3533,22.615341069912258
48425,2012,613,3538,17.326172979084227
48425,2016,541,3897,13.882473697716192
48425,2020,768,4947,15.524560339599757
48425,2024,1362,10588,12.86361919153759
48427,2000,6505,8464,76.85491493383742
48427,2004,7199,9781,73.60188119824149
48427,2008,8274,9792,84.49754901960785
48427,2012,10260,11883,86.34183287048725
48427,2016,9289,11740,79.12265758091993
48427,2020,9123,17525,52.057061340941516
48427,2024,12014,32842,36.58120699104805
48429,2000,811,3291,24.642965663931935
48429,2004,703,3519,19.977266268826373
48429,2008,626,3526,17.75382870107771
48429,2012,475,3412,13.92145369284877
48429,2016,348,3461,10.054897428488877
48429,2020,397,3800,10.447368421052632
48429,2024,662,7522,8.800850837543205
48431,2000,132,659,20.030349013657055
48431,2004,71,615,11.544715447154472
48431,2008,97,619,15.670436187399032
48431,2012,31,494,6.275303643724696
48431,2016,70,633,11.058451816745656
48431,2020,51,639,7.981220657276995
48431,2024,69,1258,5.484896661367249
48433,2000,294,799,36.79599499374218
48433,2004,250,752,33.244680851063826
48433,2008,206,735,28.027210884353742
48433,2012,160,675,23.703703703703706
48433,2016,135,701,19.258202567760343
48433,2020,116,736,15.760869565217392
48433,2024,183,1432,12.779329608938546
48435,2000,468,1540,30.38961038961039
48435,2004,280,1453,19.270474879559533
48435,2008,381,1578,24.14448669201521
48435,2012,369,1489,24.78173270651444
48435,2016,313,1416,22.1045197740113
48435,2020,322,1557,20.68079640333976
48435,2024,396,2800,14.142857142857142
48437,2000,856,2501,34.226309476209515
48437,2004,626,2120,29.528301886792452
48437,2008,813,2535,32.07100591715976
48437,2012,579,2270,25.506607929515418
48437,2016,462,2204,20.961887477313976
48437,2020,478,2355,20.29723991507431
48437,2024,663,4530,14.635761589403973
48439,2000,173758,472389,36.78282093782878
48439,2004,207286,560141,37.00603955075597
48439,2008,274880,628553,43.73219123924315
48439,2012,253071,610890,41.426607081471296
48439,2016,288392,668514,43.1392611074712
48439,2020,411567,834697,49.307353446819626
48439,2024,692730,1646624,42.06971354723361
48441,2000,10504,43020,24.416550441655044
48441,2004,10648,48099,22.13767437992474
48441,2008,12690,47439,26.75014228799089
48441,2012,9750,43263,22.536578600651826
48441,2016,10085,45759,22.039380231211346
48441,2020,14588,55135,26.458692300716425
48441,2024,24419,110834,22.032047927531263
48443,2000,219,477,45.911949685534594
48443,2004,159,469,33.90191897654584
48443,2008,186,519,35.83815028901734
48443,2012,184,555,33.153153153153156
48443,2016,140,438,31.963470319634702
48443,2020,119,458,25.982532751091703
48443,2024,167,810,20.617283950617285
48445,2000,1108,4054,27.3310310804144
48445,2004,794,3970,20
48445,2008,1379,4280,32.219626168224295
48445,2012,1059,3709,28.552170396333242
48445,2016,753,3355,22.444113263785397
48445,2020,757,3612,20.957918050941306
48445,2024,990,6840,14.473684210526317
48447,2000,228,842,27.078384798099762
48447,2004,202,863,23.406720741599074
48447,2008,166,838,19.809069212410503
48447,2012,109,813,13.407134071340712
48447,2016,84,808,10.396039603960396
48447,2020,82,894,9.172259507829978
48447,2024,113,1800,6.277777777777778
48449,2000,3008,8103,37.122053560409725
48449,2004,3173,8907,35.62366677893791
48449,2008,3145,9245,34.018388318009734
48449,2012,2648,8854,29.907386491981026
48449,2016,2597,9419,27.571929079520118
48449,2020,2856,10541,27.094203585997533
48449,2024,3890,20428,19.04249069904053
48451,2000,9288,34626,26.82377404262693
48451,2004,9007,37417,24.071945906940694
48451,2008,11158,38861,28.71259102956692
48451,2012,9294,36720,25.310457516339866
48451,2016,9173,38479,23.838977104394605
48451,2020,12239,45210,27.071444370714442
48451,2024,20797,90920,22.873955125384953
48453,2000,125526,301263,41.66658368269585
48453,2004,197235,352113,56.014688466486604
48453,2008,254017,397714,63.86926283711411
48453,2012,232788,387057,60.143079701439326
48453,2016,308260,468720,65.7663423792456
48453,2020,435860,608575,71.6197674896274
48453,2024,740017,1162552,63.65452900171347
48455,2000,2142,5297,40.43798376439494
48455,2004,2204,6213,35.47400611620795
48455,2008,1925,6077,31.676814217541548
48455,2012,1614,6235,25.88612670408982
48455,2016,1154,5985,19.281537176274018
48455,2020,1323,6938,19.068895935428078
48455,2024,2060,14748,13.967995660428533
48457,2000,2775,7116,38.99662731871838
48457,2004,2659,7745,34.33182698515171
48457,2008,2166,7910,27.383059418457652
48457,2012,1668,7654,21.792526783381238
48457,2016,1248,8016,15.568862275449103
48457,2020,1403,9660,14.523809523809526
48457,2024,2136,19156,11.150553351430363
48459,2000,4180,12808,32.63585259212992
48459,2004,4225,14526,29.085777227041167
48459,2008,3790,15164,24.993405433922447
48459,2012,2971,15138,19.62610648698639
48459,2016,2380,16013,14.862923874352088
48459,2020,2877,18892,15.228668219352107
48459,2024,4915,39774,12.357318851511037
48461,2000,266,1273,20.8955223880597
48461,2004,185,1197,15.455304928989138
48461,2008,288,1197,24.06015037593985
48461,2012,333,1300,25.615384615384617
48461,2016,286,1347,21.232368225686713
48461,2020,170,1368,12.426900584795321
48461,2024,266,2606,10.207214121258634
48463,2000,3436,8420,40.80760095011877
48463,2004,3298,8483,38.877755511022045
48463,2008,4126,8766,47.068218115446044
48463,2012,3825,8435,45.34676941315946
48463,2016,3867,8964,43.1392235609103
48463,2020,4073,10344,39.375483372003096
48463,2024,5689,19544,29.108677855096193
48465,2000,5056,11474,44.06484225204811
48465,2004,4757,11795,40.33064857990674
48465,2008,6982,12820,54.46177847113884
48465,2012,6285,12081,52.023839086168365
48465,2016,6964,13617,51.141954909304545
48465,2020,6771,15280,44.31282722513089
48465,2024,9430,29176,32.3210858239649
48467,2000,5245,17891,29.31641607512157
48467,2004,4822,19856,24.28485092667204
48467,2008,4505,20395,22.08874724197107
48467,2012,3084,19100,16.14659685863874
48467,2016,2799,21890,12.7866605756053
48467,2020,3516,26029,13.508010296208075
48467,2024,5520,55900,9.874776386404294
48469,2000,8176,27408,29.830706363105662
48469,2004,8553,29602,28.893318019052767
48469,2008,9832,29931,32.848885770605726
48469,2012,8802,28853,30.50635982393512
48469,2016,8866,31123,28.486971050348618
48469,2020,10380,34188,30.36153036153036
48469,2024,17461,70630,24.721789607815374
48471,2000,4943,14374,34.38847919855294
48471,2004,5977,17822,33.537201211985185
48471,2008,7334,19146,38.305651310978796
48471,2012,6252,18685,33.45999464811346
48471,2016,6091,19796,30.768842190341484
48471,2020,7884,23612,33.3898017956971
48471,2024,13247,50350,26.309831181727905
48473,2000,5046,10858,46.47264689629766
48473,2004,6145,13881,44.2691448742886
48473,2008,7153,15508,46.12458086149084
48473,2012,6514,15902,40.96340083008427
48473,2016,5748,16784,34.24690181124881
48473,2020,8191,22734,36.02973519838128
48473,2024,17757,55122,32.2139980407097
48475,2000,1256,3874,32.421270005162626
48475,2004,901,3768,23.911889596602972
48475,2008,899,3602,24.95835646862854
48475,2012,841,3245,25.916795069337446
48475,2016,783,3445,22.728592162554424
48475,2020,764,4060,18.817733990147783
48475,2024,1007,7530,13.373173970783533
48477,2000,2996,11809,25.370480142264373
48477,2004,3389,13063,25.94350455484957
48477,2008,4034,14377,28.05870487584336
48477,2012,3381,14397,23.484059178995626
48477,2016,3382,14828,22.808200701375775
48477,2020,4261,17427,24.450565214896425
48477,2024,7283,36434,19.98957018169841
48479,2000,18120,31571,57.39444426847423
48479,2004,23654,41556,56.920781595918754
48479,2008,33452,46821,71.44657311889964
48479,2012,37597,49110,76.55670942781511
48479,2016,42307,56905,74.34671821456814
48479,2020,41820,68397,61.143032589148646
48479,2024,54904,131730,41.67919228725423
48481,2000,4838,13426,36.03455980932519
48481,2004,4702,14039,33.4924139896004
48481,2008,4937,14418,34.24191982244417
48481,2012,4235,14087,30.06317881734933
48481,2016,4238,14732,28.767309258756445
48481,2020,4694,16761,28.00548893264125
48481,2024,7030,32906,21.363885005774023
48483,2000,579,2389,24.23608204269569
48483,2004,420,2394,17.543859649122805
48483,2008,314,2245,13.98663697104677
48483,2012,232,2128,10.902255639097744
48483,2016,194,2306,8.412836079791846
48483,2020,168,2337,7.188703465982028
48483,2024,279,4548,6.134564643799472
48485,2000,14108,42713,33.02975674853089
48485,2004,12819,45545,28.145789878142498
48485,2008,13868,45982,30.159627680396678
48485,2012,10525,41018,25.659466575649713
48485,2016,8770,38119,23.006899446470264
48485,2020,13161,46040,28.58601216333623
48485,2024,21800,89060,24.477880080844375
48487,2000,1356,4577,29.626392833733888
48487,2004,1284,4990,25.731462925851705
48487,2008,1196,4509,26.524728321135505
48487,2012,971,3980,24.396984924623116
48487,2016,809,4105,19.707673568818514
48487,2020,956,4524,21.131741821396993
48487,2024,1479,8934,16.554734721289456
48489,2000,3218,5062,63.57171078625049
48489,2004,2734,4962,55.098750503829095
48489,2008,3409,4903,69.52885988170507
48489,2012,3600,5064,71.09004739336493
48489,2016,3422,5095,67.1638861629048
48489,2020,3108,5549,56.010091908451976
48489,2024,4392,11126,39.47510336149559
48491,2000,26591,95935,27.717725543336634
48491,2004,43117,128198,33.63313000202811
48491,2008,67691,158403,42.73340782687197
48491,2012,61875,163271,37.89711583808515
48491,2016,84468,203081,41.59325589296882
48491,2020,143795,289555,49.660686225414864
48491,2024,274807,616938,44.543698070146434
48493,2000,3997,11698,34.16823388613438
48493,2004,4409,14885,29.620423244877394
48493,2008,5362,16366,32.76304533789563
48493,2012,4821,17205,28.020924149956407
48493,2016,4790,19432,24.65006175380815
48493,2020,6350,25013,25.386798864590414
48493,2024,11340,54550,20.78826764436297
48495,2000,556,2043,27.2148800783162
48495,2004,391,2002,19.53046953046953
48495,2008,477,2032,23.474409448818896
48495,2012,398,1725,23.07246376811594
48495,2016,420,1876,22.388059701492537
48495,2020,358,2126,16.839134524929445
48495,2024,439,3866,11.355406104500776
48497,2000,4830,16368,29.508797653958947
48497,2004,4783,20031,23.877989116868854
48497,2008,4471,20639,21.662871263142595
48497,2012,3221,20745,15.526632923596049
48497,2016,3412,24776,13.771391669357444
48497,2020,4973,32365,15.365363818940214
48497,2024,10075,76486,13.172345265800278
48499,2000,3893,13884,28.03946989340248
48499,2004,4034,16929,23.828932600862426
48499,2008,4010,17784,22.548358074673864
48499,2012,3056,17581,17.3824014561174
48499,2016,2630,18727,14.043893843114219
48499,2020,3509,22779,15.404539268624609
48499,2024,6414,48772,13.15098827195932
48501,2000,531,2465,21.54158215010142
48501,2004,376,2613,14.389590508993495
48501,2008,450,2458,18.307567127746136
48501,2012,409,2128,19.219924812030076
48501,2016,426,2303,18.497611810681718
48501,2020,420,2631,15.96351197263398
48501,2024,576,4786,12.035102381947347
48503,2000,1843,6954,26.50273224043716
48503,2004,1511,7409,20.394115265217977
48503,2008,1303,7305,17.83709787816564
48503,2012,992,7316,13.559322033898304
48503,2016,876,7707,11.366290385363955
48503,2020,1034,8239,12.550066755674234
48503,2024,1767,16628,10.626653836901612
48505,2000,1638,2616,62.61467889908256
48505,2004,1662,2898,57.34989648033127
48505,2008,1939,2866,67.65526866713189
48505,2012,2527,3543,71.32373694609089
48505,2016,2063,3142,65.65881604073839
48505,2020,1826,3874,47.13474445018069
48505,2024,3225,9742,33.10408540340792
48507,2000,2616,3391,77.14538484222943
48507,2004,2332,3118,74.79153303399615
48507,2008,3263,3876,84.18472652218783
48507,2012,3042,3653,83.27402135231317
48507,2016,2636,3396,77.62073027090695
48507,2020,2864,4379,65.40306005937428
48507,2024,3333,6984,47.723367697594504
49001,2000,541,2252,24.02309058614565
49001,2004,493,2544,19.378930817610062
49001,2008,542,2509,21.602231964926265
49001,2012,346,2560,13.515625
49001,2016,264,2491,10.598153352067442
49001,2020,357,12400,2.879032258064516
49001,2024,394,3212,12.266500622665006
49003,2000,2555,15483,16.501969902473682
49003,2004,2244,18368,12.216898954703833
49003,2008,3311,19058,17.373281561548957
49003,2012,1984,19408,10.222588623248145
49003,2016,2282,19735,11.563212566506207
49003,2020,4473,108092,4.138141583095881
49003,2024,5274,28920,18.236514522821576
49005,2000,5170,33142,15.599541367449158
49005,2004,6375,39731,16.045405350985376
49005,2008,10294,41332,24.905642117487663
49005,2012,6244,42293,14.763672475350532
49005,2016,8563,46157,18.551898953571506
49005,2020,16650,233432,7.132698173343844
49005,2024,18718,60258,31.06309535663315
49007,2000,3298,7384,44.66413867822319
49007,2004,3415,8508,40.138692994828396
49007,2008,3468,7777,44.593030731644596
49007,2012,2275,7567,30.064754856614247
49007,2016,1717,7952,21.5920523138833
49007,2020,2392,37476,6.3827516277084
49007,2024,2525,9445,26.733721545791422
49009,2000,104,435,23.908045977011493
49009,2004,108,499,21.64328657314629
49009,2008,131,439,29.84054669703872
49009,2012,94,520,18.076923076923077
49009,2016,77,474,16.244725738396625
49009,2020,111,2476,4.483037156704362
49009,2024,101,550,18.363636363636363
49011,2000,18845,87855,21.450116669512266
49011,2004,20893,109268,19.120877109492255
49011,2008,30477,110902,27.481019278281728
49011,2012,21889,121069,18.079772691605616
49011,2016,28776,138411,20.790255109781736
49011,2020,57411,679256,8.452041645565147
49011,2024,59895,166570,35.957855556222604
49013,2000,779,4546,17.13594368675759
49013,2004,738,5556,13.282937365010799
49013,2008,911,5744,15.860027855153202
49013,2012,581,6379,9.108010659978053
49013,2016,500,6942,7.202535292422933
49013,2020,843,34244,2.461745123233267
49013,2024,1009,8968,11.251115075825156
49015,2000,958,4398,21.78262846748522
49015,2004,831,4678,17.764001710132536
49015,2008,973,4448,21.875
49015,2012,569,4449,12.789390874353787
49015,2016,380,4289,8.859874096525996
49015,2020,572,19592,2.9195590036749692
49015,2024,603,5011,12.033526242267012
49017,2000,178,1968,9.044715447154472
49017,2004,264,2162,12.210915818686402
49017,2008,405,2159,18.75868457619268
49017,2012,308,2182,14.115490375802016
49017,2016,358,2344,15.273037542662117
49017,2020,514,10928,4.703513909224012
49017,2024,541,2811,19.245819992885092
49019,2000,1158,3614,32.04205866076369
49019,2004,1858,4165,44.60984393757503
49019,2008,2067,4077,50.6990434142752
49019,2012,1727,3950,43.721518987341774
49019,2016,1960,4533,43.23847341716303
49019,2020,2806,20740,13.529411764705882
49019,2024,2828,5300,53.35849056603773
49021,2000,1789,12594,14.205177068445291
49021,2004,2267,15446,14.676939013336787
49021,2008,3258,16450,19.805471124620063
49021,2012,2148,16701,12.861505299083886
49021,2016,2450,17654,13.877874702616971
49021,2020,4892,100416,4.871733588272785
49021,2024,5683,27878,20.385250017935288
49023,2000,619,2785,22.2262118491921
49023,2004,605,3417,17.705589698565994
49023,2008,741,3616,20.49225663716814
49023,2012,451,3972,11.35448136958711
49023,2016,442,4177,10.58175724203974
49023,2020,645,23460,2.749360613810742
49023,2024,734,6518,11.26112304387849
49025,2000,387,2802,13.81156316916488
49025,2004,576,3051,18.87905604719764
49025,2008,856,3154,27.140139505389982
49025,2012,744,3371,22.070602195194304
49025,2016,741,3505,21.14122681883024
49025,2020,1083,16720,6.4772727272727275
49025,2024,1137,4488,25.334224598930483
49027,2000,696,4775,14.575916230366492
49027,2004,626,4877,12.835759688332992
49027,2008,758,4739,15.994935640430471
49027,2012,431,5026,8.575407879029049
49027,2016,431,5242,8.222052651659672
49027,2020,624,24760,2.5201938610662356
49027,2024,713,6387,11.163300454047285
49029,2000,553,3171,17.439293598233995
49029,2004,472,3841,12.288466545170529
49029,2008,689,4161,16.558519586637825
49029,2012,403,4597,8.766586904502937
49029,2016,577,5192,11.113251155624038
49029,2020,1086,26424,4.109900090826522
49029,2024,1256,6760,18.579881656804734
49031,2000,133,781,17.02944942381562
49031,2004,123,773,15.91203104786546
49031,2008,141,798,17.669172932330827
49031,2012,74,782,9.462915601023019
49031,2016,47,729,6.447187928669409
49031,2020,86,3484,2.4684270952927667
49031,2024,94,963,9.76116303219107
49033,2000,152,903,16.832779623477297
49033,2004,109,1037,10.511089681774349
49033,2008,154,1006,15.308151093439365
49033,2012,83,1007,8.24230387288977
49033,2016,104,1109,9.377817853922453
49033,2020,180,5476,3.287070854638422
49033,2024,214,1447,14.789219073946095
49035,2000,107576,307258,35.01161890007746
49035,2004,135949,362138,37.540661294865494
49035,2008,176988,363749,48.65662860928827
49035,2012,146147,381799,38.278518277942055
49035,2016,175863,418868,41.98530324589131
49035,2020,289906,1639743,17.679965701942315
49035,2024,273658,509637,53.69665075337937
49037,2000,1838,4744,38.74367622259696
49037,2004,1906,4950,38.505050505050505
49037,2008,2406,5130,46.900584795321635
49037,2012,2139,5307,40.30525720746184
49037,2016,2042,5447,37.488525794015054
49037,2020,3113,27508,11.316707866802385
49037,2024,2581,6329,40.780534049612896
49039,2000,1211,7430,16.298788694481832
49039,2004,1189,8507,13.976725049958857
49039,2008,1631,8771,18.595371109337588
49039,2012,980,9547,10.265004713522572
49039,2016,1061,10164,10.438803620621801
49039,2020,1794,50500,3.552475247524752
49039,2024,1906,12944,14.724969097651423
49041,2000,1046,7077,14.780274127455137
49041,2004,920,7641,12.040308860096847
49041,2008,1359,8007,16.972648932184338
49041,2012,738,8069,9.146114760193333
49041,2016,695,8654,8.030968338340653
49041,2020,1084,41448,2.615325226790195
49041,2024,1236,10926,11.312465678198793
49043,2000,4601,12121,37.95891428099992
49043,2004,6977,15312,45.56556948798328
49043,2008,9532,16809,56.70771610446784
49043,2012,8072,17488,46.15736505032022
49043,2016,10503,20641,50.884162589021855
49043,2020,15244,104344,14.60936901019704
49043,2024,14612,25876,56.469315195548
49045,2000,4001,12480,32.059294871794876
49045,2004,4130,16664,24.783965434469515
49045,2008,5830,17337,33.627501874603446
49045,2012,4524,19261,23.487877057265976
49045,2016,4573,21829,20.94919602363828
49045,2020,8943,126024,7.096267377642354
49045,2024,9560,34006,28.112685996588837
49047,2000,1387,8397,16.517803977611052
49047,2004,1266,9957,12.714673094305514
49047,2008,1462,10151,14.402521919022757
49047,2012,997,11583,8.607441940775274
49047,2016,995,12797,7.775259826521841
49047,2020,1663,61212,2.7167875579951644
49047,2024,1952,15832,12.329459322890349
49049,2000,16445,120256,13.67499334752528
49049,2004,17357,149173,11.635483633097142
49049,2008,29567,157279,18.79907679982706
49049,2012,17281,177713,9.724105721022097
49049,2016,28522,201551,14.15125700194988
49049,2020,76033,1137144,6.6863123755654525
49049,2024,84937,298143,28.488678251711423
49051,2000,1476,5675,26.008810572687224
49051,2004,1854,7512,24.680511182108624
49051,2008,2892,8531,33.899894502403
49051,2012,2191,9589,22.84909792470539
49051,2016,3063,12120,25.27227722772277
49051,2020,6187,71160,8.694491287240021
49051,2024,6459,18354,35.191238966982674
49053,2000,5465,32461,16.83558732016882
49053,2004,7513,44018,17.06801762915171
49053,2008,10826,49529,21.857901431484585
49053,2012,8337,54012,15.435458786936238
49053,2016,10288,61963,16.603456901699403
49053,2020,20530,364280,5.635774678818492
49053,2024,22327,97256,22.95693838940528
49055,2000,202,1225,16.48979591836735
49055,2004,279,1360,20.514705882352942
49055,2008,335,1314,25.49467275494673
49055,2012,215,1327,16.201959306706858
49055,2016,271,1421,19.071076706544687
49055,2020,365,6484,5.629241209130167
49055,2024,381,1651,23.076923076923077
49057,2000,19890,62742,31.7012527493545
49057,2004,19862,72691,27.323877784044793
49057,2008,25666,73394,34.97016104858708
49057,2012,19841,75912,26.136842659922017
49057,2016,23131,85039,27.200460964969015
49057,2020,40695,445612,9.132384226636624
49057,2024,41238,112054,36.801899084370035
50001,2000,8936,17427,51.27675446146783
50001,2004,11147,18579,59.99784703159481
50001,2008,13202,19238,68.62459715147105
50001,2012,12257,17910,68.43662758235622
50001,2016,11219,19031,58.95118490883296
50001,2020,15089,22611,66.73300605899783
50001,2024,16230,24844,65.32764450169056
50003,2000,9021,17677,51.03241500254568
50003,2004,11069,19065,58.059270915289794
50003,2008,12524,19129,65.47127398191228
50003,2012,11514,17593,65.44648439720343
50003,2016,9539,17381,54.88176744721247
50003,2020,11858,19357,61.259492689982956
50003,2024,19188,29751,64.49531108198043
50005,2000,5859,13641,42.95139652518144
50005,2004,7106,14211,50.00351840123848
50005,2008,8900,14728,60.429114611624115
50005,2012,8192,13661,59.96632750164702
50005,2016,6445,14075,45.790408525754884
50005,2020,8529,15158,56.26731758807231
50005,2024,15563,26432,58.87938861985472
50007,2000,39156,72017,54.370495855145315
50007,2004,49369,77696,63.54123764415156
50007,2008,59611,83440,71.44175455417067
50007,2012,53626,77080,69.57187337830824
50007,2016,54814,83418,65.7100386007816
50007,2020,72938,96755,75.38421786987752
50007,2024,38197,51798,73.7422294297077
50009,2000,1129,2892,39.0387275242047
50009,2004,1276,2937,43.445692883895134
50009,2008,1733,3101,55.88519832312158
50009,2012,1539,2798,55.0035739814153
50009,2016,1019,2925,34.83760683760684
50009,2020,1890,4237,44.60703327826292
50009,2024,5073,8625,58.81739130434782
50011,2000,9514,19194,49.56757319995832
50011,2004,10598,19920,53.20281124497992
50011,2008,13179,21460,61.41192917054986
50011,2012,12057,19888,60.62449718423169
50011,2016,9351,21411,43.67381252627155
50011,2020,13612,26072,52.209266646210494
50011,2024,12299,21224,57.94854881266491
50013,2000,1835,3638,50.439802089059924
50013,2004,2246,4077,55.08952661270542
50013,2008,2694,4269,63.106113843991565
50013,2012,2531,4075,62.11042944785275
50013,2016,2094,4110,50.948905109489054
50013,2020,3346,5782,57.869249394673126
50013,2024,3543,6499,54.516079396830285
50015,2000,5676,11246,50.47127867686289
50015,2004,7636,12181,62.687792463672935
50015,2008,8914,12668,70.36627723397537
50015,2012,8371,11988,69.82816149482817
50015,2016,7241,12762,56.73875568092775
50015,2020,10773,15679,68.70973914152688
50015,2024,4651,7617,61.06078508599187
50017,2000,6694,14695,45.552909152773054
50017,2004,8159,14895,54.77677072843235
50017,2008,9799,15179,64.5562948810857
50017,2012,9076,14053,64.58407457482387
50017,2016,7541,14649,51.477916581336615
50017,2020,8351,14876,56.13740252756118
50017,2024,14048,20818,67.48006532808148
50019,2000,5472,12132,45.103857566765576
50019,2004,6330,12242,51.707237379513145
50019,2008,7998,12771,62.62626262626263
50019,2012,7117,11692,60.87068080738967
50019,2016,5185,12047,43.0397609363327
50019,2020,7757,15442,50.233130423520265
50019,2024,9589,17413,55.068052604376035
50021,2000,13990,29362,47.646618077787615
50021,2004,15904,30975,51.344632768361585
50021,2008,19355,31617,61.21706676787804
50021,2012,17088,28609,59.72945576566815
50021,2016,13635,29619,46.03463992707384
50021,2020,18746,34772,53.911192913838725
50021,2024,13930,25202,55.273391000714234
50023,2000,15281,29749,51.36643248512554
50023,2004,19177,31448,60.98003052658356
50023,2008,22324,32200,69.32919254658385
50023,2012,20351,29307,69.44074794417716
50023,2016,18594,31086,59.81470758540822
50023,2020,25101,35325,71.05732484076434
50023,2024,24435,37551,65.0715027562515
50025,2000,11319,21491,52.668558931645805
50025,2004,15489,23316,66.43077714873907
50025,2008,17585,24081,73.02437606411694
50025,2012,16026,21937,73.05465651638784
50025,2016,14340,22635,63.353214049039096
50025,2020,20057,28452,70.49416561225924
50025,2024,15326,23597,64.94893418654914
50027,2000,15140,29147,51.943596253473764
50027,2004,18561,30767,60.32762375272207
50027,2008,21444,31165,68.80795764479385
50027,2012,19494,28699,67.92571169727168
50027,2016,17556,29928,58.66078588612671
50027,2020,24779,36308,68.24666740112372
50027,2024,18866,30515,61.8253318040308
51001,2000,5092,11925,42.70020964360587
51001,2004,5518,13356,41.31476489967056
51001,2008,7607,15623,48.69103245215388
51001,2012,7655,16051,47.69173260233007
51001,2016,6740,15818,42.60968516879504
51001,2020,7578,50886,14.892111779271314
51001,2024,7374,17144,43.01213252449836
51003,2000,16255,36846,44.11605058893774
51003,2004,22088,43726,50.51456799158396
51003,2008,29792,50984,58.43401851561274
51003,2012,29757,53907,55.20062329567589
51003,2016,33345,56726,58.7825688396855
51003,2020,42466,193971,21.892963381123984
51003,2024,44279,66740,66.34551992807911
51005,2000,2214,5123,43.216865118094866
51005,2004,3203,7195,44.51702571230021
51005,2008,3553,7369,48.21549735377935
51005,2012,3403,7173,47.441795622473165
51005,2016,2166,7325,29.56996587030717
51005,2020,2243,24609,9.11455158681783
51005,2024,2114,8277,25.540654826628007
51007,2000,1754,4788,36.63324979114453
51007,2004,1862,5397,34.50064850843061
51007,2008,2488,6529,38.106907642824325
51007,2012,2490,6915,36.00867678958785
51007,2016,2128,7040,30.227272727272727
51007,2020,2411,23682,10.180727979055822
51007,2024,2214,8032,27.56474103585657
51009,2000,4812,11712,41.08606557377049
51009,2004,4866,12695,38.33005120126034
51009,2008,6094,14700,41.45578231292517
51009,2012,5900,14970,39.4121576486306
51009,2016,5057,15396,32.846193816575735
51009,2020,5672,51015,11.118298539645203
51009,2024,5429,17303,31.376061954574354
51011,2000,2132,5927,35.970980259827904
51011,2004,2191,6655,32.92261457550714
51011,2008,2641,7630,34.61336828309305
51011,2012,2453,7935,30.913673597983614
51011,2016,2023,8011,25.25277743103233
51011,2020,2418,27804,8.6965904186448
51011,2024,2324,9642,24.10288321924912
51013,2000,50260,83559,60.14911619334842
51013,2004,63987,94650,67.60380348652933
51013,2008,78994,110153,71.71298103546884
51013,2012,81269,117608,69.10159172845385
51013,2016,92016,121356,75.82319786413527
51013,2020,105344,392217,26.858601233500845
51013,2024,100446,128362,78.2521306928842
51015,2000,6643,25271,26.28704839539393
51015,2004,7019,29704,23.62981416644223
51015,2008,9825,33338,29.470874077629134
51015,2012,9451,33672,28.06783083867902
51015,2016,8177,36343,22.499518476735545
51015,2020,10840,126834,8.546604222842454
51015,2024,11403,44223,25.785224882979445
51017,2000,822,2210,37.19457013574661
51017,2004,828,2282,36.28396143733567
51017,2008,1043,2432,42.88651315789473
51017,2012,894,2223,40.21592442645074
51017,2016,603,2253,26.764314247669773
51017,2020,646,7503,8.6098893775823
51017,2024,588,2582,22.773044151820294
51019,2000,8160,26149,31.20578224788711
51019,2004,9102,31404,28.983568972105466
51019,2008,11017,35830,30.747976555958694
51019,2012,10209,37425,27.27855711422846
51019,2016,9768,42525,22.970017636684304
51019,2020,12176,146007,8.3393261966892
51019,2024,12414,50830,24.422585087546725
51021,2000,851,2688,31.659226190476193
51021,2004,846,2865,29.52879581151833
51021,2008,864,2959,29.199053734369716
51021,2012,735,2948,24.932157394843962
51021,2016,453,3139,14.431347562918125
51021,2020,532,10437,5.097250167672703
51021,2024,524,3548,14.768883878241262
51023,2000,4627,13840,33.43208092485549
51023,2004,4801,15797,30.391846553143004
51023,2008,5693,17406,32.70711248994599
51023,2012,5452,18241,29.88871224165342
51023,2016,4494,18739,23.982069480762046
51023,2020,5700,63369,8.994934431662168
51023,2024,5915,21893,27.0177682364226
51025,2000,3387,5997,56.47823911955978
51025,2004,4062,6926,58.648570603522955
51025,2008,4973,7914,62.838008592367956
51025,2012,4994,8037,62.13761353738957
51025,2016,4481,7669,58.43004303038206
51025,2020,4552,23844,19.090756584465694
51025,2024,4184,7738,54.070819333161026
51027,2000,5745,9856,58.28936688311688
51027,2004,5275,9829,53.66771797741377
51027,2008,4063,8734,46.51934966796428
51027,2012,3094,9646,32.075471698113205
51027,2016,1721,9247,18.61144154861036
51027,2020,1587,29871,5.312845234508386
51027,2024,1355,9327,14.527715235338265
51029,2000,2561,5454,46.956362302896956
51029,2004,2789,6027,46.27509540401527
51029,2008,3489,6994,49.88561624249356
51029,2012,3750,7457,50.28831969961111
51029,2016,3128,7295,42.87868403015764
51029,2020,3471,24387,14.232992988067414
51029,2024,2988,7915,37.751105495893874
51031,2000,6659,20327,32.75938407044817
51031,2004,6862,22997,29.8386746097317
51031,2008,8091,25814,31.343457038816148
51031,2012,7595,25696,29.557129514321296
51031,2016,6664,27535,24.201924822952606
51031,2020,8070,89703,8.996354636968663
51031,2024,7890,31171,25.311988707452436
51033,2000,4314,8351,51.65848401389055
51033,2004,4878,9954,49.00542495479204
51033,2008,7163,12919,55.44546791547334
51033,2012,7276,13652,53.296220334016994
51033,2016,6432,14863,43.2752472582924
51033,2020,7657,48864,15.67002292075966
51033,2024,7957,17653,45.07449158783209
51035,2000,3638,11001,33.069720934460506
51035,2004,3888,12128,32.0580474934037
51035,2008,4109,12579,32.66555370061213
51035,2012,3685,12918,28.526087629664033
51035,2016,2559,13668,18.722563652326603
51035,2020,2842,46971,6.050541823678439
51035,2024,2925,16160,18.100247524752476
51036,2000,1981,3066,64.61187214611871
51036,2004,2155,3439,62.66356498982262
51036,2008,2838,4153,68.336142547556
51036,2012,2772,4232,65.50094517958412
51036,2016,2496,4107,60.77428780131483
51036,2020,2624,13323,19.695263829467837
51036,2024,2384,4341,54.918221607924444
51037,2000,2017,4994,40.38846615939127
51037,2004,2223,5438,40.87899963221773
51037,2008,2705,6157,43.933733961344814
51037,2012,2503,5898,42.43811461512377
51037,2016,2155,5808,37.103994490358126
51037,2020,2317,18573,12.475098260916385
51037,2024,2008,6006,33.43323343323343
51041,2000,38638,110951,34.82438193436742
51041,2004,49346,133814,36.87656000119569
51041,2008,74310,162088,45.84546666008588
51041,2012,77694,170988,45.438276370271595
51041,2016,81074,176461,45.94442964734417
51041,2020,106935,611865,17.476894412983256
51041,2024,112869,209730,53.81633528822773
51043,2000,2166,5284,40.99167297501892
51043,2004,2699,6505,41.49116064565719
51043,2008,3457,7431,46.521329565334405
51043,2012,3239,7762,41.72893584127802
51043,2016,3051,8213,37.14842323146231
51043,2020,3920,28011,13.994502159865768
51043,2024,3993,9782,40.819873236556944
51045,2000,851,2493,34.13557962294425
51045,2004,901,2621,34.37619229301793
51045,2008,877,2621,33.46051125524609
51045,2012,830,2667,31.121109861267342
51045,2016,541,2794,19.362920544022906
51045,2020,587,9510,6.172450052576236
51045,2024,542,3121,17.36622877282922
51047,2000,4364,12244,35.64194707611891
51047,2004,5476,15605,35.09131688561358
51047,2008,8802,19741,44.58740691960894
51047,2012,8285,20211,40.99252882093909
51047,2016,7759,22218,34.92213520568908
51047,2020,10617,81348,13.051335005163004
51047,2024,10557,28553,36.97334780933702
51049,2000,1405,3507,40.06273167949815
51049,2004,1721,4126,41.71110033931168
51049,2008,2255,4724,47.734970364098224
51049,2012,2422,5048,47.979397781299525
51049,2016,2036,4906,41.500203832042395
51049,2020,2227,15939,13.972018319844407
51049,2024,2117,5486,38.58913598250091
51051,2000,3951,7226,54.67755327982287
51051,2004,3761,7406,50.78314879827167
51051,2008,3278,6753,48.541389012290836
51051,2012,2473,6904,35.819814600231744
51051,2016,1335,6440,20.72981366459627
51051,2020,1503,21921,6.856439031066102
51051,2024,1316,7047,18.674613310628636
51053,2000,4001,9136,43.79378283712785
51053,2004,4569,10839,42.153335178522006
51053,2008,6246,12892,48.44865032578343
51053,2012,6550,13589,48.20075060710869
51053,2016,5765,13575,42.467771639042354
51053,2020,6224,45276,13.746797420266807
51053,2024,5942,15589,38.11662069407916
51057,2000,1750,3831,45.67997911772383
51057,2004,2007,4344,46.20165745856354
51057,2008,2934,5364,54.69798657718121
51057,2012,3016,5675,53.14537444933921
51057,2016,2542,5408,47.00443786982248
51057,2020,3038,18534,16.391496708751486
51057,2024,2775,6064,45.76187335092348
51059,2000,196501,413775,47.48981934626307
51059,2004,245671,461379,53.24711354439625
51059,2008,310359,516254,60.117500300239804
51059,2012,315273,529287,59.56560429407863
51059,2016,355133,551183,64.43105103023859
51059,2020,419943,1803729,23.281934259525684
51059,2024,386438,584387,66.12706990401908
51061,2000,8296,23481,35.33069290064307
51061,2004,10712,29915,35.80812301520976
51061,2008,14616,34219,42.713112598264125
51061,2012,13965,35555,39.27717620587822
51061,2016,12971,37467,34.61979875623882
51061,2020,17565,131013,13.407066474319343
51061,2024,17180,44537,38.57466825336237
51063,2000,1957,5739,34.10001742463844
51063,2004,2488,6734,36.946836946836946
51063,2008,2937,7516,39.07663650878126
51063,2012,2732,7644,35.74045002616431
51063,2016,2300,8051,28.567879766488634
51063,2020,3004,28236,10.638900694149314
51063,2024,2968,9625,30.836363636363632
51065,2000,3431,8706,39.409602572938205
51065,2004,4415,10957,40.293876060965594
51065,2008,6185,12735,48.56694149980369
51065,2012,5893,12749,46.22323319476037
51065,2016,5760,13597,42.362285798337865
51065,2020,7414,47538,15.595944297193823
51065,2024,7731,16678,46.35447895431107
51067,2000,7145,18829,37.94678421583727
51067,2004,8002,22223,36.00773972910948
51067,2008,9618,25401,37.86465099799221
51067,2012,9090,26707,34.03602051896507
51067,2016,7257,26971,26.906677542545697
51067,2020,8381,89112,9.405018403806446
51067,2024,8321,30912,26.918348861283643
51069,2000,7158,22392,31.966773847802788
51069,2004,8853,28540,31.01962158374212
51069,2008,12961,33612,38.560633107223616
51069,2012,12690,36394,34.86838489860966
51069,2016,11932,40440,29.505440158259148
51069,2020,17207,146154,11.773198133475649
51069,2024,18331,52040,35.224827056110684
51071,2000,3004,6820,44.04692082111437
51071,2004,3047,7498,40.63750333422246
51071,2008,3192,7795,40.94932649134061
51071,2012,2730,7558,36.12066684308018
51071,2016,1950,8212,23.745737944471504
51071,2020,2156,27534,7.830318878477518
51071,2024,2069,9234,22.406324453108077
51073,2000,4553,13699,33.23600262792905
51073,2004,5105,16333,31.25573991305945
51073,2008,6916,19222,35.979606700655495
51073,2012,6764,19283,35.07752943006793
51073,2016,5404,19619,27.544727050308378
51073,2020,6964,66852,10.417040627056782
51073,2024,7034,23149,30.385761803965615
51075,2000,3197,8777,36.424746496525
51075,2004,3583,10338,34.65854130392726
51075,2008,4813,12562,38.31396274478586
51075,2012,4676,13315,35.11828764551258
51075,2016,4889,14037,34.829379497043526
51075,2020,6685,50856,13.144958313669969
51075,2024,7875,19616,40.14579934747145
51077,2000,2467,6852,36.00408639813193
51077,2004,2430,7137,34.04791929382093
51077,2008,2480,7220,34.34903047091413
51077,2012,2068,7121,29.040865047043958
51077,2016,1407,7285,19.313658201784488
51077,2020,1535,24393,6.292788914852622
51077,2024,1503,8104,18.54639684106614
51079,2000,1774,5412,32.7790096082779
51079,2004,2240,6939,32.28130854589998
51079,2008,3174,8260,38.426150121065376
51079,2012,3290,9023,36.46237393328161
51079,2016,2924,9608,30.432972522897582
51079,2020,4163,33939,12.266124517516722
51079,2024,4456,12038,37.01611563382622
51081,2000,2314,3906,59.24219150025601
51081,2004,2514,4258,59.04180366369187
51081,2008,3122,4887,63.88377327603847
51081,2012,3135,4926,63.64190012180268
51081,2016,2558,4363,58.629383451753384
51081,2020,2627,13722,19.14443958606617
51081,2024,2334,4296,54.329608938547494
51083,2000,5963,14072,42.37492893689596
51083,2004,6220,14656,42.43995633187773
51083,2008,8126,16850,48.225519287833826
51083,2012,7766,16692,46.52528157201055
51083,2016,6897,17001,40.56820187047821
51083,2020,7666,54744,14.003361098933217
51083,2024,6984,17844,39.13920645595158
51085,2000,12044,41585,28.96236623782614
51085,2004,13941,49611,28.10062284573986
51085,2008,18447,56248,32.795832740719675
51085,2012,18294,59058,30.976328355176268
51085,2016,19382,62753,30.886172772616447
51085,2020,25307,212964,11.88322909036269
51085,2024,26733,73087,36.57695623024615
51087,2000,48645,114252,42.57693519588279
51087,2004,60864,133418,45.619031914734144
51087,2008,86323,154966,55.70447711110824
51087,2012,89594,162241,55.22278585560987
51087,2016,93935,163654,57.398535935571395
51087,2020,116572,549897,21.19887906280631
51087,2024,115040,180642,63.68397161236036
51089,2000,8898,21463,41.457391790523225
51089,2004,9851,23458,41.99420240429704
51089,2008,11118,25215,44.09280190362879
51089,2012,10317,24963,41.32916716740777
51089,2016,8198,24106,34.008130755828425
51089,2020,9127,78315,11.65421694439124
51089,2024,8457,25413,33.2782434187227
51091,2000,453,1437,31.524008350730686
51091,2004,522,1520,34.3421052631579
51091,2008,590,1554,37.96653796653796
51091,2012,459,1413,32.48407643312102
51091,2016,371,1391,26.671459381739755
51091,2020,417,4599,9.067188519243313
51091,2024,416,1529,27.20732504905167
51093,2000,5162,12950,39.861003861003866
51093,2004,5871,15871,36.991997983743936
51093,2008,8573,19997,42.871430714607186
51093,2012,8761,20827,42.06558793873337
51093,2016,7881,21075,37.395017793594306
51093,2020,9399,70368,13.356923601637108
51093,2024,9779,24672,39.63602464332036
51095,2000,9090,24492,37.114159725624695
51095,2004,11934,31090,38.38533290447089
51095,2008,17352,38603,44.94987436209621
51095,2012,17879,41240,43.35354025218235
51095,2016,19105,43173,44.25219465869873
51095,2020,25553,148917,17.15922292283621
51095,2024,26742,50892,52.546569205376095
51097,2000,1387,2859,48.513466246939494
51097,2004,1506,3286,45.830797321972
51097,2008,1918,3705,51.76788124156545
51097,2012,1745,3655,47.74281805745554
51097,2016,1468,3697,39.70787124695699
51097,2020,1590,12345,12.879708383961116
51097,2024,1536,4173,36.808051761322794
51099,2000,2070,5852,35.37252221462748
51099,2004,2739,7921,34.578967302108325
51099,2008,4473,10474,42.70574756540004
51099,2012,4477,11325,39.53200883002207
51099,2016,4007,12059,33.228294220084585
51099,2020,5404,42681,12.66137157048804
51099,2024,5657,15362,36.82463220934774
51101,2000,2125,5769,36.83480672560236
51101,2004,2436,6872,35.44819557625146
51101,2008,3344,8388,39.866475917978065
51101,2012,3344,8923,37.47618513952706
51101,2016,2760,9161,30.12771531492195
51101,2020,3260,32211,10.12076619788271
51101,2024,3388,11561,29.305423406279736
51103,2000,1937,5455,35.50870760769936
51103,2004,2477,6230,39.75922953451043
51103,2008,3235,6938,46.62727010665898
51103,2012,3149,6961,45.237753196379835
51103,2016,2869,6645,43.175319789315274
51103,2020,3368,21456,15.6972408650261
51103,2024,3355,7279,46.09149608462701
51105,2000,4031,8748,46.07910379515317
51105,2004,4005,9770,40.992835209826
51105,2008,3219,9227,34.886745421046925
51105,2012,2583,9598,26.91185663679933
51105,2016,1627,9399,17.31035216512395
51105,2020,1489,29841,4.989779162896686
51105,2024,1391,10108,13.761377127028096
51107,2000,30938,75653,40.894610920915234
51107,2004,47271,108430,43.595868302130405
51107,2008,74845,139459,53.66810317010734
51107,2012,82479,160060,51.53005123078845
51107,2016,100795,183097,55.05005543509724
51107,2020,138372,674928,20.501742408079085
51107,2024,129280,228208,56.65007361705111
51109,2000,4309,10096,42.68026941362916
51109,2004,4844,12035,40.2492729538845
51109,2008,6978,15353,45.45040057317788
51109,2012,6953,16452,42.26233892535862
51109,2016,6212,17631,35.23339572344166
51109,2020,8269,65748,12.576808420027985
51109,2024,8779,24067,36.47733410894586
51111,2000,2026,4591,44.12981921150077
51111,2004,2362,5245,45.033365109628214
51111,2008,2703,5650,47.84070796460177
51111,2012,2684,5734,46.808510638297875
51111,2016,2227,5586,39.86752595775152
51111,2020,2418,18006,13.428857047650784
51111,2024,2253,5879,38.322844021092024
51113,2000,1844,5027,36.68191764471852
51113,2004,2176,5772,37.6992376992377
51113,2008,2862,6699,42.722794446932376
51113,2012,2639,6614,39.90021167221046
51113,2016,2203,6979,31.56612695228543
51113,2020,2698,24399,11.057830238944218
51113,2024,2700,8439,31.99431212228937
51115,2000,1499,4609,32.52332393143849
51115,2004,1589,5129,30.98069799181127
51115,2008,1934,5440,35.5514705882353
51115,2012,1807,5374,33.62486043915147
51115,2016,1563,5311,29.429485972509884
51115,2020,1825,17487,10.436324126493966
51115,2024,1774,5929,29.920728622027326
51117,2000,4797,11654,41.16183284709113
51117,2004,5293,12780,41.41627543035994
51117,2008,7127,15082,47.25500596737833
51117,2012,6921,15077,45.904357630828414
51117,2016,6285,14945,42.0541987286718
51117,2020,6803,48621,13.991896505625142
51117,2024,6404,16266,39.37046600270503
51119,2000,1671,4689,35.63659628918746
51119,2004,1914,5377,35.59605728101172
51119,2008,2391,6006,39.81018981018981
51119,2012,2370,6080,38.98026315789473
51119,2016,2108,6017,35.03407013461858
51119,2020,2491,20355,12.237779415377057
51119,2024,2473,6882,35.93432141819239
51121,2000,11720,27160,43.15169366715759
51121,2004,14128,31515,44.82944629541488
51121,2008,21031,40653,51.73295943718791
51121,2012,19903,41009,48.53324879904411
51121,2016,20021,43031,46.52692245125607
51121,2020,23218,135111,17.184389131898957
51121,2024,23811,46767,50.91410610045545
51125,2000,2907,6145,47.30675345809601
51125,2004,3543,7139,49.62879955175795
51125,2008,4391,8133,53.98991761957457
51125,2012,4171,8250,50.557575757575755
51125,2016,3689,8318,44.34960327001683
51125,2020,4327,27954,15.479001216283894
51125,2024,4298,9388,45.78184916915211
51127,2000,2055,6114,33.61138370951914
51127,2004,2443,7946,30.745028945381325
51127,2008,3493,9991,34.961465318786914
51127,2012,3555,10953,32.45686113393591
51127,2016,3546,12242,28.96585525240974
51127,2020,4621,43413,10.64427705986686
51127,2024,5641,16744,33.689679885332055
51131,2000,2340,4892,47.83319705641864
51131,2004,2775,5499,50.46372067648663
51131,2008,3800,6586,57.69814758578804
51131,2012,3741,6491,57.63364658758281
51131,2016,3255,6172,52.73817239144524
51131,2020,3667,20196,18.157060804119627
51131,2024,3603,6832,52.73711943793911
51133,2000,2118,5605,37.78768956289028
51133,2004,2548,6409,39.75659229208925
51133,2008,3312,7406,44.72049689440994
51133,2012,3191,7558,42.22016406456734
51133,2016,2852,7398,38.55095971884293
51133,2020,3252,23445,13.870761356365962
51133,2024,3202,8205,39.02498476538696
51135,2000,2460,5492,44.79242534595776
51135,2004,2635,6030,43.698175787728026
51135,2008,3413,6988,48.84087006296508
51135,2012,3344,6846,48.8460414840783
51135,2016,2829,6744,41.94839857651246
51135,2020,2971,21234,13.991711406235282
51135,2024,2636,6853,38.464905880636216
51137,2000,4126,10483,39.3589621291615
51137,2004,5015,12928,38.791769801980195
51137,2008,7107,15801,44.97816593886463
51137,2012,6870,16354,42.00807141983612
51137,2016,5957,17270,34.49334105385061
51137,2020,7995,62262,12.840898140117568
51137,2024,8274,22247,37.19153144244168
51139,2000,2726,7996,34.092046023011505
51139,2004,3324,9603,34.614183067791316
51139,2008,4235,10389,40.764269900856675
51139,2012,3724,10228,36.40985529917872
51139,2016,2514,10740,23.40782122905028
51139,2020,3007,37542,8.009695807362421
51139,2024,2976,13211,22.52668231019605
51141,2000,2254,7385,30.52132701421801
51141,2004,2572,8215,31.308581862446744
51141,2008,2879,8531,33.7475090845153
51141,2012,2417,8259,29.265044194212376
51141,2016,1768,8525,20.73900293255132
51141,2020,1954,28605,6.830973606012934
51141,2024,1886,9698,19.447308723448135
51143,2000,7834,24255,32.298495155638015
51143,2004,9274,27417,33.82572856257067
51143,2008,11415,30433,37.50862550520816
51143,2012,10858,30681,35.389980769857566
51143,2016,9199,31598,29.112602063421733
51143,2020,10115,102681,9.850897439643166
51143,2024,9599,34100,28.14956011730205
51145,2000,2708,9711,27.885902584697764
51145,2004,3112,12163,25.58579297870591
51145,2008,4237,14456,29.30962921970116
51145,2012,4088,15525,26.331723027375205
51145,2016,4060,16900,24.023668639053255
51145,2020,5320,59199,8.986638287808915
51145,2024,5734,20841,27.513075188330692
51147,2000,2922,6363,45.92173503064592
51147,2004,3632,7316,49.644614543466375
51147,2008,5101,9388,54.33532168726033
51147,2012,5132,9239,55.54713713605368
51147,2016,4591,9143,50.21327791753254
51147,2020,4973,28725,17.3124456048738
51147,2024,4539,9424,48.16426146010186
51149,2000,4182,10900,38.36697247706422
51149,2004,5066,13254,38.222423419345105
51149,2008,7130,16006,44.54579532675247
51149,2012,6991,16046,43.56849058955503
51149,2016,6419,16184,39.66262975778547
51149,2020,7103,52317,13.576848825429593
51149,2024,6842,17596,38.8838372357354
51153,2000,44745,100511,44.517515495816376
51153,2004,61271,132063,46.395281040109644
51153,2008,93435,162446,57.517575071100545
51153,2012,103331,180195,57.34398845694941
51153,2016,113144,196538,57.5685109240961
51153,2020,142863,684801,20.861973040343106
51153,2024,131128,227591,57.61563506465546
51155,2000,5255,12697,41.387729384894065
51155,2004,5310,14251,37.26054311978107
51155,2008,5918,15050,39.32225913621262
51155,2012,5292,14680,36.049046321525886
51155,2016,4172,15167,27.507087756313048
51155,2020,4925,52158,9.442463284635148
51155,2024,4830,17690,27.303561334087057
51157,2000,1462,3513,41.61685169370908
51157,2004,1837,4050,45.358024691358025
51157,2008,2105,4405,47.786606129398415
51157,2012,1980,4357,45.44411292173514
51157,2016,1747,4483,38.96944010707116
51157,2020,2096,14937,14.03226886255607
51157,2024,2041,5038,40.512107979356884
51159,2000,1076,2949,36.48694472702611
51159,2004,1243,3361,36.98304076167807
51159,2008,1618,3745,43.20427236315087
51159,2012,1574,3770,41.750663129973475
51159,2016,1347,3661,36.79322589456432
51159,2020,1513,12306,12.294815537136357
51159,2024,1439,4161,34.5830329247777
51161,2000,16141,42817,37.697643459373616
51161,2004,16082,46973,34.23668916185894
51161,2008,19812,50975,38.86611083864639
51161,2012,18711,51217,36.53279184645723
51161,2016,17200,51489,33.40519334226728
51161,2020,21801,171678,12.698773284870512
51161,2024,21693,56789,38.1992991600486
51163,2000,2953,7827,37.728376133895495
51163,2004,3627,9181,39.50550049014269
51163,2008,4347,10195,42.638548307994114
51163,2012,4088,10177,40.16900854868822
51163,2016,3508,10795,32.49652616952293
51163,2020,4086,37131,11.004282136220409
51163,2024,4160,12752,32.622333751568384
51165,2000,5834,23994,24.314411936317413
51165,2004,7273,29216,24.893893756845564
51165,2008,10453,33334,31.358372832543346
51165,2012,10065,34866,28.867664773705044
51165,2016,9366,37487,24.984661349267746
51165,2020,12644,131463,9.6179153069685
51165,2024,15035,48581,30.948313126530948
51167,2000,5442,10792,50.42624166048925
51167,2004,5167,11423,45.23330123435175
51167,2008,4932,11494,42.90934400556812
51167,2012,3718,12088,30.757776307081404
51167,2016,2330,12246,19.026620937448964
51167,2020,2373,40158,5.9091588226505305
51167,2024,2172,13525,16.059149722735675
51169,2000,3552,9335,38.050348152115696
51169,2004,3324,9967,33.35005518210094
51169,2008,2725,9875,27.59493670886076
51169,2012,2395,9992,23.969175340272216
51169,2016,1581,10100,15.653465346534654
51169,2020,1692,32607,5.189069831631245
51169,2024,1607,11057,14.533779506195172
51171,2000,4420,14452,30.584002214226402
51171,2004,5186,17146,30.24612154438353
51171,2008,6912,19223,35.95692659834573
51171,2012,6469,19373,33.39183399576731
51171,2016,5273,20513,25.705650075561838
51171,2020,6836,71052,9.621122558126443
51171,2024,6914,24380,28.359310910582447
51173,2000,4836,11740,41.19250425894378
51173,2004,4143,12319,33.6309765403036
51173,2008,4239,12302,34.45781173792879
51173,2012,4171,12777,32.64459575800266
51173,2016,2665,12890,20.674941815360746
51173,2020,3008,42408,7.093001320505565
51173,2024,2805,14420,19.452149791955616
51175,2000,3359,6714,50.02978850163837
51175,2004,3431,7492,45.79551521623065
51175,2008,4402,9067,48.54968567332084
51175,2012,4437,9264,47.895077720207254
51175,2016,3595,8878,40.493354359089885
51175,2020,3969,29358,13.519313304721031
51175,2024,3626,9831,36.88332824738074
51177,2000,13455,35021,38.41980525970132
51177,2004,16623,45445,36.57828143910221
51177,2008,24897,54069,46.0467180824502
51177,2012,25165,57974,43.40738951943975
51177,2016,24207,62562,38.692816725808
51177,2020,34307,225951,15.183380467446481
51177,2024,35747,79209,45.12997260412327
51179,2000,12596,34246,36.78093791975705
51179,2004,17208,45986,37.42008437350498
51179,2008,25716,55455,46.37273464971599
51179,2012,27182,60583,44.86737203505934
51179,2016,27908,65934,42.32717566050899
51179,2020,40245,238887,16.846877393914276
51179,2024,41252,83123,49.627660214381095
51181,2000,1845,3230,57.120743034055735
51181,2004,1954,3522,55.47984099943214
51181,2008,2626,4325,60.71676300578035
51181,2012,2576,4308,59.795728876508825
51181,2016,2272,4228,53.736991485335864
51181,2020,2397,13413,17.870722433460077
51181,2024,2176,4429,49.13072928426281
51183,2000,2006,3906,51.35688684075781
51183,2004,2420,4345,55.69620253164557
51183,2008,3301,5363,61.551370501584934
51183,2012,3358,5440,61.727941176470594
51183,2016,2879,5044,57.077716098334655
51183,2020,2827,15264,18.520702306079663
51183,2024,2539,4892,51.901062959934585
51185,2000,7227,16344,44.218061674008815
51185,2004,7184,17480,41.098398169336384
51185,2008,5596,17061,32.79995310943087
51185,2012,3661,17732,20.646289194676292
51185,2016,2895,18566,15.59301949800711
51185,2020,3205,60456,5.301376207489745
51185,2024,3030,19858,15.258334172625643
51187,2000,4313,11166,38.62618663800824
51187,2004,5241,14068,37.2547625817458
51187,2008,6997,16126,43.38955723676051
51187,2012,6452,16698,38.63935800694694
51187,2016,5169,17960,28.78062360801782
51187,2020,6603,63441,10.408095710975553
51187,2024,6910,22561,30.62807499667568
51191,2000,7549,20222,37.33063000692315
51191,2004,7339,22514,32.59749489206716
51191,2008,8063,24500,32.910204081632656
51191,2012,7076,25632,27.606117353308363
51191,2016,5553,25847,21.48411807946764
51191,2020,6617,86079,7.687124618083388
51191,2024,6772,29412,23.024615803073576
51193,2000,2922,6026,48.489877198805175
51193,2004,3370,6848,49.21144859813084
51193,2008,4577,8377,54.63769846006924
51193,2012,4295,8120,52.89408866995073
51193,2016,3836,8574,44.73991135992536
51193,2020,4501,29844,15.081758477415896
51193,2024,4491,10581,42.44400340232492
51195,2000,6412,13310,48.17430503380917
51195,2004,5802,14312,40.539407490218
51195,2008,4995,14138,35.33031546187579
51195,2012,3760,15018,25.036622719403383
51195,2016,2701,15163,17.813097671964652
51195,2020,3110,49845,6.239341960076236
51195,2024,3036,16776,18.097281831187413
51197,2000,3462,10225,33.858190709046454
51197,2004,3581,11554,30.99359529167388
51197,2008,4107,12491,32.87967336482267
51197,2012,3783,12358,30.611749474024926
51197,2016,2770,13343,20.759949036948214
51197,2020,3143,45219,6.950618103009797
51197,2024,3075,15439,19.91709307597642
51199,2000,8622,24583,35.07301793922629
51199,2004,10276,29880,34.39089692101741
51199,2008,13700,33897,40.41655603740744
51199,2012,13183,33953,38.82720230907431
51199,2016,12999,34118,38.100123102174805
51199,2020,17683,116373,15.195105393862837
51199,2024,18296,39540,46.272129489124936
51510,2000,33633,55199,60.930451638616645
51510,2004,41116,61515,66.83898236202552
51510,2008,50473,70364,71.7312830424649
51510,2012,52199,73411,71.10514772990425
51510,2016,57242,75770,75.54705028375346
51510,2020,66240,247563,26.756825535318285
51510,2024,62326,80062,77.84716844445555
51515,2000,1078,2441,44.16222859483818
51515,2004,1042,2542,40.99134539732494
51515,2008,1208,2734,44.18434528163863
51515,2012,1225,2805,43.672014260249554
51515,2016,0,0,NA
51520,2000,2646,6279,42.14046822742475
51520,2004,2400,6724,35.693039857227845
51520,2008,2665,7359,36.21415953254518
51520,2012,2492,7387,33.734939759036145
51520,2016,1835,7032,26.094994311717862
51520,2020,2313,23442,9.866905554133606
51520,2024,2231,7479,29.830191202032356
51530,2000,941,1975,47.64556962025316
51530,2004,936,2389,39.179573043114274
51530,2008,1108,2423,45.72843582335947
51530,2012,919,2526,36.38163103721298
51530,2016,693,2407,28.791026173660157
51530,2020,825,8328,9.906340057636887
51530,2024,767,2853,26.88398177357168
51540,2000,7762,13224,58.696309739866905
51540,2004,11088,15450,71.76699029126213
51540,2008,15705,20044,78.35262422670127
51540,2012,16510,21797,75.74436849107676
51540,2016,17901,22472,79.65913136347454
51540,2020,20696,72639,28.49158165723647
51540,2024,19435,23303,83.40127880530403
51550,2000,33578,74585,45.01977609438895
51550,2004,38744,91541,42.324204454834444
51550,2008,53994,107521,50.217166879028284
51550,2012,55052,110425,49.85465247905819
51550,2016,52627,112705,46.69446785856883
51550,2020,66377,381738,17.388103882767762
51550,2024,65399,127493,51.29614959252665
51570,2000,2100,7782,26.985350809560526
51570,2004,2061,8231,25.039484874255862
51570,2008,2562,8849,28.952424002712167
51570,2012,2544,8624,29.499072356215212
51570,2016,2367,8457,27.98864845689961
51570,2020,2972,27480,10.81513828238719
51570,2024,2982,8941,33.351974052119445
51580,2000,1168,2214,52.75519421860885
51580,2004,1179,2301,51.23859191655802
51580,2008,1304,2354,55.395072217502126
51580,2012,1319,2330,56.60944206008583
51580,2016,914,2382,38.371116708648195
51580,2020,964,7809,12.344730439236779
51580,2024,818,2475,33.05050505050505
51590,2000,8221,18307,44.90631998689026
51590,2004,9436,19112,49.37212222687317
51590,2008,12352,20890,59.12876974629009
51590,2012,12218,20204,60.473173628984355
51590,2016,11059,18952,58.35268045588856
51590,2020,11710,58368,20.062362938596493
51590,2024,10615,17667,60.08377200430181
51595,2000,1116,2080,53.65384615384615
51595,2004,1247,2221,56.145880234128775
51595,2008,1702,2617,65.0363011081391
51595,2012,1793,2696,66.50593471810089
51595,2016,1530,2367,64.63878326996198
51595,2020,1612,7152,22.539149888143175
51595,2024,1419,2178,65.15151515151516
51600,2000,4361,9556,45.63624947676852
51600,2004,5395,10546,51.156836715342315
51600,2008,6575,11398,57.68555886997719
51600,2012,6651,11629,57.193223836959326
51600,2016,7367,12030,61.238570241064004
51600,2020,9174,40461,22.67368577148365
51600,2024,8797,13445,65.42952770546671
51610,2000,3109,5593,55.58734131950652
51610,2004,3944,6098,64.67694326008527
51610,2008,4695,6750,69.55555555555556
51610,2012,5015,7276,68.92523364485982
51610,2016,5819,7757,75.01611447724635
51610,2020,7146,26457,27.00986506406622
51610,2024,7200,8969,80.27650797190321
51620,2000,1763,3191,55.24913820119085
51620,2004,1910,3536,54.015837104072396
51620,2008,2819,4427,63.67743392816806
51620,2012,2833,4360,64.9770642201835
51620,2016,2519,4070,61.891891891891895
51620,2020,2525,12192,20.710301837270343
51620,2024,2359,3876,60.86171310629515
51630,2000,3360,6681,50.29187247418051
51630,2004,4085,7542,54.163351896048795
51630,2008,6155,9677,63.60442285832386
51630,2012,7131,11437,62.350266678324736
51630,2016,6707,11264,59.54367897727273
51630,2020,8517,38631,22.047060650772696
51630,2024,8760,13495,64.91293071507967
51640,2000,996,2213,45.00677812923633
51640,2004,987,2335,42.26980728051392
51640,2008,1052,2402,43.79683597002498
51640,2012,900,2277,39.52569169960474
51640,2016,681,2376,28.66161616161616
51640,2020,777,7917,9.814323607427056
51640,2024,753,2717,27.71439087228561
51650,2000,27490,47887,57.4059765698415
51650,2004,32016,55741,57.437075043504784
51650,2008,46917,67943,69.0534712921125
51650,2012,46966,66490,70.63618589261543
51650,2016,41312,62356,66.25184424915004
51650,2020,46220,197871,23.358652859691414
51650,2024,43357,62632,69.22499680674416
51660,2000,3482,9958,34.96686081542478
51660,2004,4726,11030,42.8467815049864
51660,2008,8444,14675,57.54003407155025
51660,2012,8654,15593,55.49926248957866
51660,2016,10212,17993,56.75540487967543
51660,2020,11022,51279,21.494178903644766
51660,2024,10641,17245,61.704841983183535
51670,2000,3024,6978,43.336199484092866
51670,2004,3573,7936,45.022681451612904
51670,2008,5285,9524,55.49139017219655
51670,2012,5179,9031,57.34691617761045
51670,2016,4724,9008,52.44227353463587
51670,2020,5430,28884,18.799335272122974
51670,2024,5078,9006,56.38463246724405
51678,2000,1048,2140,48.97196261682243
51678,2004,1340,2349,57.045551298424854
51678,2008,1543,2479,62.24283985478015
51678,2012,1486,2687,55.303312244138446
51678,2016,1514,2465,61.419878296146045
51678,2020,1791,8292,21.599131693198263
51678,2024,1795,2863,62.69647223192455
51680,2000,10374,23506,44.13341274568195
51680,2004,11727,26340,44.52164009111617
51680,2008,16269,34341,47.37485804140823
51680,2012,15948,36448,43.75548726953468
51680,2016,14792,35671,41.46785904516273
51680,2020,18048,109092,16.543834561654382
51680,2024,16664,36715,45.387443824050116
51683,2000,5262,12410,42.40128928283642
51683,2004,5562,12903,43.10625435945129
51683,2008,7518,13627,55.16988331987965
51683,2012,8478,15200,55.776315789473685
51683,2016,8423,15411,54.65576536240347
51683,2020,10356,50934,20.33219460478266
51683,2024,9048,16021,56.47587541351976
51685,2000,1048,2580,40.62015503875969
51685,2004,1498,3332,44.957983193277315
51685,2008,2463,4140,59.49275362318841
51685,2012,2879,4656,61.83419243986255
51685,2016,3204,5232,61.23853211009175
51685,2020,3992,18264,21.85720543144985
51685,2024,3506,5967,58.75649405061169
51690,2000,3048,5694,53.5300316122234
51690,2004,3036,5603,54.185257897554884
51690,2008,4139,6520,63.48159509202455
51690,2012,3855,6284,61.34627625716105
51690,2016,3533,5907,59.810394447265956
51690,2020,3766,18072,20.838866755201416
51690,2024,3435,5658,60.71049840933191
51700,2000,29779,57825,51.49848681366191
51700,2004,35319,67952,51.97639510242524
51700,2008,51972,81295,63.93013100436681
51700,2012,51100,79444,64.32203816524847
51700,2016,45618,75715,60.24962028660107
51700,2020,53099,243810,21.778844181944955
51700,2024,48169,75629,63.6911766650359
51710,2000,38221,61946,61.700513350337395
51710,2004,43518,70570,61.66643049454442
51710,2008,62819,88446,71.02525834972752
51710,2012,62687,87043,72.01842767367853
51710,2016,57023,83388,68.3827409219552
51710,2020,64440,269964,23.869849313241765
51710,2024,59941,85643,69.98937449645622
51720,2000,867,1530,56.666666666666664
51720,2004,725,1504,48.20478723404255
51720,2008,743,1512,49.14021164021164
51720,2012,566,1492,37.93565683646112
51720,2016,383,1460,26.232876712328768
51720,2020,464,3202,14.490943160524672
51720,2024,458,1643,27.875836883749237
51730,2000,8751,11062,79.10866027843066
51730,2004,9682,11949,81.02770106285044
51730,2008,13774,15540,88.63577863577864
51730,2012,14283,15908,89.78501382951973
51730,2016,12021,13786,87.19715653561583
51730,2020,12389,42399,29.220028774263547
51730,2024,11219,13077,85.7918482832454
51735,2000,1448,5861,24.705681624296194
51735,2004,1424,6480,21.975308641975307
51735,2008,1748,7065,24.741684359518754
51735,2012,1679,7106,23.62792006754855
51735,2016,1601,7177,22.30737076773025
51735,2020,2054,23571,8.714097832081794
51735,2024,2119,8024,26.40827517447657
51740,2000,22286,35455,62.857142857142854
51740,2004,24112,39534,60.990539788536445
51740,2008,32327,46665,69.27461695060538
51740,2012,32501,45922,70.77435651757328
51740,2016,28497,43265,65.86617358141686
51740,2020,30948,133803,23.129526243806193
51740,2024,28306,41252,68.61727916222243
51750,2000,2063,4448,46.38039568345324
51750,2004,2244,4845,46.31578947368421
51750,2008,2930,5429,53.969423466568436
51750,2012,2732,5399,50.601963326541956
51750,2016,2925,6085,48.06902218570255
51750,2020,3358,18960,17.71097046413502
51750,2024,3231,6550,49.32824427480916
51760,2000,42717,65926,64.79537663440827
51760,2004,52167,74325,70.18768920282542
51760,2008,73623,93085,79.09222753397432
51760,2012,75921,97569,77.81262491160102
51760,2016,81259,103484,78.52324997101002
51760,2020,92175,333543,27.63511751108553
51760,2024,88710,108143,82.03027472883126
51770,2000,17920,33442,53.585311883260566
51770,2004,18862,36000,52.394444444444446
51770,2008,24934,40772,61.15471401942509
51770,2012,24134,40155,60.102104345660564
51770,2016,22286,39466,56.46885927127148
51770,2020,26773,129969,20.59952757965361
51770,2024,25737,42128,61.092385112039494
51775,2000,4348,10770,40.37140204271124
51775,2004,4254,11484,37.04284221525601
51775,2008,5164,12406,41.62502015153958
51775,2012,4760,12318,38.64263679168696
51775,2016,4202,12225,34.372188139059304
51775,2020,5148,39153,13.148417745766608
51775,2024,5237,13148,39.83115302707636
51790,2000,3324,8514,39.0415785764623
51790,2004,3756,9629,39.00716585315194
51790,2008,5569,11015,50.558329550612804
51790,2012,5728,11210,51.09723461195361
51790,2016,5333,11255,47.383385162150155
51790,2020,6981,38976,17.911022167487683
51790,2024,7592,13562,55.97994396106769
51800,2000,12471,24661,50.569725477474556
51800,2004,15233,32189,47.323619870141975
51800,2008,22446,39908,56.244362032675156
51800,2012,24267,42566,57.010289902739274
51800,2016,23280,43240,53.83903792784459
51800,2020,28676,148926,19.25520056941031
51800,2024,30597,53352,57.34930274403959
51810,2000,62268,149771,41.575471887080944
51810,2004,70666,175687,40.2226687233546
51810,2008,98885,201249,49.13564787899567
51810,2012,94299,196641,47.95490258898195
51810,2016,91032,203262,44.78554771673997
51810,2020,117393,683151,17.184048621754194
51810,2024,115412,227770,50.6704131360583
51820,2000,2737,7102,38.53843987609124
51820,2004,2792,7963,35.06216250156976
51820,2008,3906,8860,44.08577878103838
51820,2012,3840,8791,43.68103742463884
51820,2016,3764,9204,40.895262929161234
51820,2020,4961,32151,15.43031320954247
51820,2024,5240,11274,46.47862338123115
51830,2000,1724,3725,46.28187919463087
51830,2004,2216,4320,51.2962962962963
51830,2008,4328,6787,63.768970089877705
51830,2012,4903,7748,63.28084667010842
51830,2016,5206,7626,68.26645685811697
51830,2020,4790,20670,23.173681664247702
51830,2024,5613,7851,71.49407718761941
51840,2000,3318,7886,42.07456251585088
51840,2004,3967,9343,42.459595419030286
51840,2008,5268,10126,52.02449140825598
51840,2012,5094,10296,49.47552447552447
51840,2016,5164,10667,48.41098715665135
51840,2020,6610,36339,18.189823605492723
51840,2024,6407,11822,54.19556758585687
53001,2000,1406,4974,28.266988339364694
53001,2004,1315,5127,25.648527403939923
53001,2008,1552,4858,31.947303417044047
53001,2012,1540,4793,32.13018986021281
53001,2016,1299,4644,27.971576227390184
53001,2020,1814,5862,30.94506994199932
53001,2024,1455,5365,27.12022367194781
53003,2000,2736,7985,34.264245460237944
53003,2004,3319,8786,37.77600728431595
53003,2008,4139,9780,42.32106339468303
53003,2012,4003,9901,40.43025956974043
53003,2016,3134,9736,32.18981101068201
53003,2020,4250,11951,35.56187766714082
53003,2024,4082,11468,35.59469829089641
53005,2000,19512,59775,32.64240903387704
53005,2004,21549,66886,32.21750441048949
53005,2008,26288,72911,36.05491626777852
53005,2012,28145,79559,35.3762616423032
53005,2016,26360,80027,32.93888312694466
53005,2020,38706,103033,37.56660487416653
53005,2024,37662,100693,37.40279860566276
53007,2000,8412,26569,31.660958259625883
53007,2004,10471,29396,35.62049258402504
53007,2008,13781,31958,43.12222291757932
53007,2012,13112,32250,40.65736434108527
53007,2016,13032,33380,39.04134212103056
53007,2020,19349,43306,44.6797210548192
53007,2024,18397,42191,43.60408617951696
53009,2000,13779,32230,42.75209432206019
53009,2004,17049,36766,46.371647718000325
53009,2008,19470,38519,50.546483553570965
53009,2012,18580,38066,48.80996164556297
53009,2016,17677,39457,44.800669082799
53009,2020,24721,49264,50.18065930496915
53009,2024,25440,48663,52.27791134948524
53011,2000,61767,135530,45.57441156939423
53011,2004,79538,170439,46.66654932263155
53011,2008,95356,182764,52.174388829309926
53011,2012,93382,190805,48.9410654857053
53011,2016,92757,200160,46.34142685851319
53011,2020,140324,275403,50.952240897884195
53011,2024,143206,276578,51.77779866800686
53013,2000,515,2106,24.453941120607787
53013,2004,605,2107,28.713811105837685
53013,2008,686,2228,30.789946140035905
53013,2012,645,2259,28.552456839309432
53013,2016,526,2182,24.106324472960587
53013,2020,668,2495,26.773547094188377
53013,2024,661,2485,26.59959758551308
53015,2000,18233,36957,49.3357144789891
53015,2004,21589,42473,50.829939020083344
53015,2008,24597,45229,54.38324968493665
53015,2012,22726,44620,50.932317346481405
53015,2016,17908,45692,39.19285651755231
53015,2020,23938,60280,39.71134704711347
53015,2024,22825,59325,38.474504846186264
53017,2000,3822,12851,29.740876196404948
53017,2004,4306,13372,32.2016153155848
53017,2008,5848,15209,38.45091722006707
53017,2012,5166,14942,34.573684915004684
53017,2016,4918,15543,31.64125329730425
53017,2020,7811,21308,36.65759339215318
53017,2024,7410,21182,34.98253233877821
53019,2000,932,3037,30.68817912413566
53019,2004,1201,3341,35.947321161328944
53019,2008,1467,3501,41.90231362467866
53019,2012,1294,3440,37.616279069767444
53019,2016,1098,3601,30.4915301305193
53019,2020,1486,4367,34.027936798717654
53019,2024,1315,4119,31.925224569070167
53021,2000,4653,13612,34.18307375844843
53021,2004,5188,16159,32.105947150194936
53021,2008,7361,19696,37.373070674248574
53021,2012,8398,22643,37.088724992271345
53021,2016,8886,23720,37.46205733558179
53021,2020,13340,32404,41.16775706702876
53021,2024,11884,31897,37.257422328118636
53023,2000,300,1329,22.573363431151243
53023,2004,365,1320,27.65151515151515
53023,2008,385,1373,28.040786598689003
53023,2012,336,1278,26.291079812206576
53023,2016,279,1246,22.391653290529696
53023,2020,366,1489,24.58025520483546
53023,2024,330,1352,24.40828402366864
53025,2000,7073,23795,29.724732086572807
53025,2004,7779,25995,29.924985574148877
53025,2008,9601,27438,34.9916174648298
53025,2012,8950,27558,32.476957689237246
53025,2016,7810,28346,27.552388344034433
53025,2020,11819,37680,31.366772823779193
53025,2024,10806,36253,29.807188370617606
53027,2000,13304,25970,51.22834039276087
53027,2004,14583,27953,52.169713447572704
53027,2008,16354,29184,56.03755482456141
53027,2012,15960,28684,55.64077534514015
53027,2016,12020,28367,42.37318010364156
53027,2020,17354,38441,45.14450716682708
53027,2024,17161,37793,45.40787976609425
53029,2000,14778,33003,44.77774747750205
53029,2004,18216,38559,47.241889053139346
53029,2008,22058,42159,52.320975355202926
53029,2012,21478,42099,51.017838903536905
53029,2016,20960,42876,48.885157197499765
53029,2020,29213,53925,54.1733889661567
53029,2024,29595,52449,56.42624263570325
53031,2000,8281,15832,52.305457301667516
53031,2004,11610,18616,62.36570691877954
53031,2008,13252,19991,66.28983042369066
53031,2012,12739,19829,64.24428866811236
53031,2016,12656,20276,62.41862300256461
53031,2020,17204,24792,69.39335269441756
53031,2024,17459,24698,70.68993440764434
53033,2000,476700,794078,60.03188603638433
53033,2004,580378,893534,64.9530963567139
53033,2008,648230,922032,70.30450136220868
53033,2012,668004,967154,69.06904174516157
53033,2016,718322,998499,71.94018221350247
53033,2020,907310,1210507,74.95289163961877
53033,2024,832606,1130502,73.64922839588077
53035,2000,50302,102857,48.904790145541874
53035,2004,60796,118453,51.324998100512445
53035,2008,68624,124337,55.191938039360764
53035,2012,67277,123367,54.53403260191138
53035,2016,63156,124317,50.80238422741862
53035,2020,90277,158672,56.895356458606436
53035,2024,91731,156872,58.47506247131419
53037,2000,5516,14086,39.15944909839557
53037,2004,6731,16084,41.84904252673464
53037,2008,8030,17868,44.94067606895008
53037,2012,7949,18171,43.745528589510755
53037,2016,7489,18955,39.509364283830124
53037,2020,11421,26364,43.320436959490216
53037,2024,10810,26499,40.79399222612174
53039,2000,3062,8180,37.432762836185816
53039,2004,4036,9237,43.693839991339175
53039,2008,4965,10164,48.84887839433294
53039,2012,4598,10274,44.75374732334047
53039,2016,4194,10769,38.94512025257684
53039,2020,5959,13560,43.945427728613566
53039,2024,5917,13607,43.48497097082384
53041,2000,9891,29983,32.988693593036054
53041,2004,10726,32428,33.07635376834834
53041,2008,13624,34705,39.256591269269556
53041,2012,12664,34044,37.19891904594055
53041,2016,9654,34149,28.270227532284984
53041,2020,14520,45309,32.04661325564457
53041,2024,14433,45338,31.83422294763774
53043,2000,1417,5196,27.270977675134716
53043,2004,1706,5811,29.35811392187231
53043,2008,2032,5977,33.99698845574703
53043,2012,1673,5872,28.49114441416894
53043,2016,1244,5713,21.77489935235428
53043,2020,1713,7033,24.35660457841604
53043,2024,1678,7144,23.488241881298993
53045,2000,10876,22479,48.38293518394946
53045,2004,12894,25394,50.77577380483579
53045,2008,15050,28306,53.16893944746697
53045,2012,14764,28235,52.28971135115991
53045,2016,11993,28073,42.720763723150355
53045,2020,17269,37303,46.293863764308504
53045,2024,17215,36689,46.92142058927744
53047,2000,4335,14796,29.298459042984593
53047,2004,6309,16342,38.60604577163138
53047,2008,7613,16870,45.12744516893895
53047,2012,7108,16846,42.19399263920218
53047,2016,6298,17091,36.849803990404304
53047,2020,8900,21282,41.81937787801898
53047,2024,8466,20732,40.83542349990353
53049,2000,4895,9518,51.42887161168312
53049,2004,5570,10431,53.39852363148307
53049,2008,6094,10937,55.71911858827831
53049,2012,5711,10524,54.26643861649563
53049,2016,4620,10716,43.11310190369541
53049,2020,6794,14064,48.30773606370876
53049,2024,6825,14244,47.91491154170177
53051,2000,1973,5437,36.28839433511127
53051,2004,2310,6198,37.27008712487899
53051,2008,2562,6552,39.1025641025641
53051,2012,2508,6668,37.6124775044991
53051,2016,1934,6802,28.432813878271094
53051,2020,2593,8553,30.316847889629372
53051,2024,2461,8545,28.800468110005852
53053,2000,138249,268894,51.41394006560206
53053,2004,158231,313331,50.49963138023368
53053,2008,181824,329520,55.178441369264384
53053,2012,186430,342910,54.367035082091505
53053,2016,172538,348485,49.510882821355295
53053,2020,249506,464081,53.7634593960968
53053,2024,235169,439581,53.498445110229966
53055,2000,4426,8424,52.540360873694205
53055,2004,6589,10088,65.3152260111023
53055,2008,7374,10531,70.02184028107492
53055,2012,7125,10594,67.25505002831792
53055,2016,7172,10774,66.56766289214777
53055,2020,9725,13197,73.69099037660074
53055,2024,9539,13006,73.3430724281101
53057,2000,20432,45220,45.183547103051744
53057,2004,25131,52230,48.116025272831706
53057,2008,30053,55886,53.775543069820706
53057,2012,28688,55269,51.90613182796866
53057,2016,26690,55968,47.687964551172094
53057,2020,38252,73423,52.098116394045455
53057,2024,36956,70256,52.60191300387156
53059,2000,1753,4248,41.26647834274953
53059,2004,2374,5159,46.01666989726691
53059,2008,2817,5490,51.31147540983606
53059,2012,2628,5466,48.07903402854007
53059,2016,2232,5639,39.58148607909204
53059,2020,3192,7312,43.65426695842451
53059,2024,3147,7355,42.78721957851801
53061,2000,129612,251305,51.57557549591134
53061,2004,156468,294997,53.04053939531589
53061,2008,187294,320333,58.46853118473588
53061,2012,188516,329817,57.15775718049706
53061,2016,185227,342173,54.132558676458984
53061,2020,256728,438796,58.50737016745823
53061,2024,240099,418221,57.40959923102857
53063,2000,74604,172089,43.351986472116174
53063,2004,87490,202587,43.18638412138982
53063,2008,105786,219511,48.191662376828496
53063,2012,102295,223830,45.70209534021355
53063,2016,93767,227246,41.26233245029616
53063,2020,135765,295430,45.95504857326609
53063,2024,131163,287082,45.688339916818194
53065,2000,5560,17995,30.89747151986663
53065,2004,6822,20340,33.53982300884956
53065,2008,8499,22341,38.04216463005237
53065,2012,7762,22161,35.025495239384504
53065,2016,5767,22677,25.431053490320586
53065,2020,7839,28430,27.57298628209638
53065,2024,7492,28246,26.52410960844013
53067,2000,50467,97407,51.810444834560144
53067,2004,62650,112789,55.54619688090151
53067,2008,75882,126709,59.88682729719278
53067,2012,74037,127063,58.26794582215121
53067,2016,68798,129410,53.16281585657986
53067,2020,96608,168134,57.45893156648864
53067,2024,95663,164537,58.14072214760206
53069,2000,803,1971,40.74074074074074
53069,2004,1021,2235,45.682326621923934
53069,2008,1121,2294,48.8666085440279
53069,2012,1094,2294,47.689625108979946
53069,2016,832,2358,35.28413910093299
53069,2020,1165,2981,39.08084535390808
53069,2024,1204,3062,39.320705421293276
53071,2000,7188,21362,33.64853478138751
53071,2004,8257,22925,36.01744820065431
53071,2008,10081,24727,40.769199660290376
53071,2012,9768,25108,38.90393500079656
53071,2016,9694,25419,38.13682678311499
53071,2020,13690,31261,43.79258501007645
53071,2024,13106,29568,44.324945887445885
53073,2000,34033,73752,46.145189283002495
53073,2004,48268,90394,53.39734938159613
53073,2008,58236,100339,58.039246952829906
53073,2012,57089,103029,55.4106125459822
53073,2016,60340,109673,55.01809925870542
53073,2020,83660,138620,60.352041552445534
53073,2024,83295,137868,60.416485333797546
53075,2000,6509,16234,40.094862633978074
53075,2004,8287,18012,46.00821674439263
53075,2008,9070,17589,51.56631985900278
53075,2012,8037,17121,46.94235149816016
53075,2016,8146,17305,47.07310026004045
53075,2020,11184,21126,52.9395058222096
53075,2024,10480,20027,52.32935537025016
53077,2000,25546,67375,37.91614100185529
53077,2004,28474,72790,39.11801071575766
53077,2008,33792,77062,43.850406166463365
53077,2012,33217,76973,43.154092993647126
53077,2016,31291,77750,40.24565916398714
53077,2020,43179,96193,44.88788165459025
53077,2024,36706,88751,41.358407229214315
54001,2000,2503,6051,41.365063625846965
54001,2004,2610,6655,39.21863260706236
54001,2008,2419,6232,38.81578947368421
54001,2012,1768,5761,30.689116472834577
54001,2016,1222,6054,20.185001651800462
54001,2020,1457,6677,21.821177175378164
54001,2024,1199,6395,18.749022673964035
54003,2000,8797,23010,38.23120382442416
54003,2004,12244,33785,36.24093532632825
54003,2008,15994,37292,42.8885551860989
54003,2012,14275,37172,38.40256106747014
54003,2016,12321,42850,28.75379229871645
54003,2020,17186,51535,33.34820995439992
54003,2024,17500,56102,31.193183843713236
54005,2000,5656,9141,61.87506837326332
54005,2004,5933,10198,58.17807413218278
54005,2008,4529,8370,54.10991636798088
54005,2012,2790,8500,32.82352941176471
54005,2016,1790,8683,20.614994817459404
54005,2020,2041,9012,22.647581003106968
54005,2024,1641,8142,20.154753131908624
54007,2000,2719,5328,51.03228228228228
54007,2004,3035,6051,50.15699884316642
54007,2008,2704,5409,49.99075614716214
54007,2012,1998,4804,41.59034138218152
54007,2016,1321,5090,25.95284872298625
54007,2020,1457,5664,25.723870056497177
54007,2024,1233,5313,23.20722755505364
54009,2000,4678,9405,49.739500265816055
54009,2004,5493,10773,50.98858256752994
54009,2008,4717,9857,47.85431672922796
54009,2012,4005,9294,43.092317624273726
54009,2016,2568,9613,26.713825028607097
54009,2020,2947,10656,27.65578078078078
54009,2024,2621,9782,26.79411163361276
54011,2000,14896,32216,46.237894214055125
54011,2004,16583,37950,43.696969696969695
54011,2008,15292,34592,44.20675300647549
54011,2012,13568,32144,42.21005475360876
54011,2016,11447,33085,34.59876076771951
54011,2020,14994,37360,40.13383297644539
54011,2024,13474,35429,38.03099156058596
54013,2000,1112,2615,42.523900573613766
54013,2004,1266,2661,47.576099210822996
54013,2008,993,2429,40.88102099629477
54013,2012,818,2207,37.06388763026733
54013,2016,456,2617,17.42453190676347
54013,2020,568,2971,19.118142039717267
54013,2024,488,2936,16.62125340599455
54015,2000,1617,3582,45.142378559463985
54015,2004,1835,4072,45.06385068762279
54015,2008,1421,3265,43.52220520673813
54015,2012,931,3012,30.909694555112882
54015,2016,568,2972,19.11170928667564
54015,2020,641,3365,19.049034175334324
54015,2024,580,3240,17.901234567901234
54017,2000,773,2816,27.45028409090909
54017,2004,800,3179,25.16514627241271
54017,2008,735,3018,24.353876739562626
54017,2012,575,2769,20.765619357168653
54017,2016,362,2840,12.746478873239436
54017,2020,435,3101,14.027732989358272
54017,2024,374,2956,12.652232746955344
54019,2000,8371,14619,57.26109857035365
54019,2004,8971,16967,52.87322449460717
54019,2008,7242,15194,47.66355140186916
54019,2012,5419,14070,38.51457000710732
54019,2016,4290,15337,27.971572015387625
54019,2020,5063,16862,30.026094176254297
54019,2024,4387,15620,28.085787451984633
54021,2000,1092,2740,39.85401459854015
54021,2004,1159,2852,40.63814866760168
54021,2008,1004,2521,39.825466084886955
54021,2012,840,2509,33.47947389398166
54021,2016,545,2543,21.43138025953598
54021,2020,599,2662,22.501878287002253
54021,2024,486,2344,20.733788395904437
54023,2000,891,4534,19.651521835024262
54023,2004,963,5047,19.080641965524073
54023,2008,997,4218,23.636794689426267
54023,2012,718,4586,15.656345399040559
54023,2016,512,4956,10.33091202582728
54023,2020,607,5509,11.018333635868578
54023,2024,552,5568,9.913793103448276
54025,2000,5627,12808,43.933479075577765
54025,2004,6084,14553,41.805813234384665
54025,2008,5881,13732,42.826973492572094
54025,2012,4710,12963,36.33418190233742
54025,2016,3765,14066,26.766671406227783
54025,2020,4655,15850,29.369085173501574
54025,2024,4196,14996,27.980794878634303
54027,2000,2069,6097,33.93472199442349
54027,2004,2455,7996,30.702851425712858
54027,2008,2983,8347,35.737390679285966
54027,2012,2299,7986,28.78787878787879
54027,2016,1580,8608,18.355018587360593
54027,2020,1939,10086,19.224667856434664
54027,2024,1890,10500,18
54029,2000,6249,13472,46.38509501187649
54029,2004,6906,14321,48.22288946302633
54029,2008,5504,13220,41.6338880484115
54029,2012,4627,12118,38.18286846014194
54029,2016,3262,12702,25.68099511887892
54029,2020,3790,13800,27.463768115942027
54029,2024,3360,13030,25.786646201074443
54031,2000,1621,4514,35.91050066459903
54031,2004,1617,5276,30.648218347232753
54031,2008,1901,5407,35.15812835213612
54031,2012,1482,5168,28.676470588235293
54031,2016,1155,5643,20.46783625730994
54031,2020,1381,6331,21.813299636708262
54031,2024,1297,6411,20.23085322102636
54033,2000,13009,26578,48.946497102867035
54033,2004,13238,30588,43.2784098339218
54033,2008,13582,31872,42.61420682730924
54033,2012,9732,26147,37.22033120434467
54033,2016,7694,27960,27.51788268955651
54033,2020,9215,30465,30.24782537337929
54033,2024,8402,29495,28.48618409899983
54035,2000,4937,11518,42.863344330612954
54035,2004,5384,13158,40.918072655418754
54035,2008,4861,12236,39.72703497875123
54035,2012,3854,11544,33.385308385308385
54035,2016,2663,12187,21.85115286780996
54035,2020,3207,13508,23.741486526502815
54035,2024,2699,12822,21.049758228045548
54037,2000,6860,14378,47.71178188899708
54037,2004,9301,19993,46.5212824488571
54037,2008,11687,22545,51.838545131958305
54037,2012,10398,22138,46.969012557593274
54037,2016,9518,24147,39.416904791485486
54037,2020,12127,27703,43.77504241417897
54037,2024,11967,29156,41.04472492797366
54039,2000,38524,76670,50.24651102125994
54039,2004,43010,87928,48.91502138113001
54039,2008,40594,82484,49.21439309441831
54039,2012,32480,75077,43.26225075589062
54039,2016,28263,75690,37.34046769718589
54039,2020,34344,82244,41.75866932542191
54039,2024,30231,75239,40.179959861242175
54041,2000,2355,6134,38.39256602543202
54041,2004,2475,6999,35.36219459922847
54041,2008,2109,6606,31.92552225249773
54041,2012,1736,6287,27.612533799904565
54041,2016,1347,6928,19.44284064665127
54041,2020,1538,7457,20.624916186133834
54041,2024,1372,7048,19.46651532349603
54043,2000,3939,7464,52.77331189710611
54043,2004,4048,8312,48.700673724735324
54043,2008,3029,6835,44.31602048280907
54043,2012,2227,6818,32.663537694338515
54043,2016,1459,7066,20.648174356071326
54043,2020,1711,7830,21.85185185185185
54043,2024,1279,7187,17.796020592736888
54045,2000,8927,14439,61.8256111919108
54045,2004,7877,14987,52.55888436645092
54045,2008,5873,13465,43.616784255477164
54045,2012,3469,11946,29.03900887326302
54045,2016,2092,12359,16.926935836232705
54045,2020,2333,13026,17.910333179794257
54045,2024,1848,11469,16.11300026157468
54047,2000,4845,7303,66.34259893194577
54047,2004,4501,7299,61.665981641320734
54047,2008,3430,6430,53.34370139968896
54047,2012,2109,6188,34.08209437621203
54047,2016,1438,6203,23.18233113009834
54047,2020,1333,6527,20.422858893825648
54047,2024,1036,5425,19.096774193548388
54049,2000,12315,22873,53.840772963756386
54049,2004,12771,25194,50.69064062872113
54049,2008,11618,23607,49.214216122336595
54049,2012,8959,21542,41.58852474236375
54049,2016,6964,23029,30.240132007468844
54049,2020,8901,25794,34.508025122121424
54049,2024,8185,24634,33.2264350085248
54051,2000,6000,13498,44.451029782189956
54051,2004,6435,15072,42.69506369426752
54051,2008,5996,14001,42.82551246339547
54051,2012,4484,12916,34.71663053576959
54051,2016,2918,13216,22.079297820823243
54051,2020,3455,14080,24.538352272727273
54051,2024,3186,13233,24.076173203355246
54053,2000,4963,11223,44.2216876058095
54053,2004,5408,11990,45.10425354462051
54053,2008,4484,10603,42.28991794775064
54053,2012,3778,9789,38.59434058637246
54053,2016,2081,10186,20.430001963479285
54053,2020,2526,11203,22.54753191109524
54053,2024,2111,10547,20.015170190575517
54055,2000,8347,18875,44.22251655629139
54055,2004,9178,22379,41.01166271951383
54055,2008,7450,21022,35.43906383788412
54055,2012,5432,21276,25.531114871216392
54055,2016,4704,22982,20.46819249847707
54055,2020,5556,25134,22.10551444258773
54055,2024,4851,23584,20.56902985074627
54057,2000,3341,9782,34.154569617665096
54057,2004,3518,11461,30.695401797399878
54057,2008,3750,11547,32.47596778383996
54057,2012,2885,10979,26.27743874669824
54057,2016,2050,11564,17.72742995503286
54057,2020,2660,12872,20.665009322560596
54057,2024,2483,12904,19.242095474271544
54059,2000,6049,10043,60.231006671313345
54059,2004,5983,10655,56.15204129516659
54059,2008,3582,8338,42.959942432237945
54059,2012,2428,8830,27.497168742921858
54059,2016,1370,9510,14.405888538380651
54059,2020,1397,10022,13.939333466373977
54059,2024,1061,8490,12.497055359246172
54061,2000,12603,27367,46.05181422881573
54061,2004,16313,34306,47.55144872617035
54061,2008,17060,33379,51.1099793283202
54061,2012,13826,31475,43.92692613185068
54061,2016,14699,36048,40.776187305814474
54061,2020,20282,42072,48.20783418900932
54061,2024,19265,41452,46.475441474476504
54063,2000,2094,5139,40.7472270869819
54063,2004,2311,5951,38.83380944379096
54063,2008,2014,5575,36.12556053811659
54063,2012,1455,5212,27.91634689178818
54063,2016,1111,5805,19.138673557278207
54063,2020,1345,6490,20.724191063174114
54063,2024,1155,6367,18.140411496780274
54065,2000,1939,5772,33.593208593208594
54065,2004,2272,6847,33.18241565649189
54065,2008,2721,7276,37.39692138537658
54065,2012,2363,7044,33.546280522430436
54065,2016,1573,7654,20.551345701593938
54065,2020,1998,8695,22.97872340425532
54065,2024,1947,9097,21.40266021765417
54067,2000,4059,8579,47.31320666744376
54067,2004,4788,10351,46.25640034779248
54067,2008,4357,9361,46.54417263112916
54067,2012,2664,8785,30.324416619237336
54067,2016,1840,9491,19.386787482878518
54067,2020,2226,10630,20.940733772342426
54067,2024,1919,10037,19.119258742652185
54069,2000,7653,17964,42.60187040748163
54069,2004,8543,20392,41.89387995292272
54069,2008,8593,19540,43.97645854657114
54069,2012,6786,17911,37.88733180726928
54069,2016,5493,17938,30.622142936782247
54069,2020,7223,19898,36.30013066639863
54069,2024,6727,18689,35.994435229279254
54071,2000,1172,3221,36.38621546103695
54071,2004,1381,3544,38.96726862302483
54071,2008,1310,3395,38.58615611192931
54071,2012,1074,3239,33.158382216733564
54071,2016,729,3225,22.6046511627907
54071,2020,820,3659,22.41049467067505
54071,2024,680,3425,19.854014598540147
54073,2000,1267,3208,39.49501246882793
54073,2004,1349,3435,39.272197962154294
54073,2008,1142,2975,38.38655462184874
54073,2012,955,2840,33.62676056338028
54073,2016,621,3150,19.714285714285715
54073,2020,699,3491,20.022916069894016
54073,2024,656,3348,19.59378733572282
54075,2000,1392,3467,40.149985578309774
54075,2004,1573,3918,40.14803471158754
54075,2008,1548,3642,42.50411861614498
54075,2012,1303,3576,36.43736017897092
54075,2016,928,3646,25.45255074053758
54075,2020,1047,4008,26.122754491017965
54075,2024,927,3901,23.763137657011022
54077,2000,3515,10439,33.671807644410386
54077,2004,3963,11929,33.221560902003525
54077,2008,4205,11796,35.64767717870465
54077,2012,2931,11155,26.275212909009415
54077,2016,2470,12659,19.511809779603446
54077,2020,3163,14572,21.70601152895965
54077,2024,2953,14426,20.469984749757383
54079,2000,7891,20426,38.63213551356115
54079,2004,9301,25151,36.98063695280506
54079,2008,9334,24780,37.66747376916869
54079,2012,7256,23673,30.65095256199045
54079,2016,5884,24893,23.637167075081347
54079,2020,7878,28501,27.64113539875794
54079,2024,7124,27507,25.898862107827096
54081,2000,11047,24061,45.91247246581605
54081,2004,11815,30525,38.70597870597871
54081,2008,10237,28259,36.225627233801625
54081,2012,7739,28829,26.84449686079989
54081,2016,6443,29618,21.753663312850293
54081,2020,7982,33106,24.11043315411104
54081,2024,6816,30966,22.011238132144932
54083,2000,4028,9542,42.21337245860406
54083,2004,4892,11490,42.57615317667537
54083,2008,4539,10833,41.89975076156189
54083,2012,3342,9756,34.255842558425584
54083,2016,2735,10876,25.147112909157777
54083,2020,3362,12200,27.557377049180324
54083,2024,3008,11594,25.94445402794549
54085,2000,1024,3812,26.862539349422875
54085,2004,1070,4196,25.50047664442326
54085,2008,998,3846,25.949037961518464
54085,2012,768,3788,20.274551214361143
54085,2016,496,4075,12.171779141104293
54085,2020,586,4283,13.681998599112772
54085,2024,517,4050,12.76543209876543
54087,2000,2332,5625,41.45777777777778
54087,2004,2612,6100,42.81967213114754
54087,2008,2511,5563,45.13751572892325
54087,2012,1939,5047,38.41886269070735
54087,2016,1222,5247,23.289498761196874
54087,2020,1455,5763,25.247267048412287
54087,2024,1218,5521,22.06122079333454
54089,2000,2299,4713,48.77997029492892
54089,2004,2504,5524,45.329471397538015
54089,2008,2290,5316,43.07750188111362
54089,2012,1621,4735,34.23442449841605
54089,2016,1190,4862,24.475524475524477
54089,2020,1448,5585,25.926589077887197
54089,2024,1226,5264,23.290273556231003
54091,2000,2473,5712,43.29481792717087
54091,2004,2617,6551,39.948099526789804
54091,2008,2462,6203,39.690472352087696
54091,2012,1941,5908,32.85375761679079
54091,2016,1491,6538,22.805139186295502
54091,2020,1796,7383,24.32615467966951
54091,2024,1694,7265,23.317274604267034
54093,2000,1319,3346,39.4202032277346
54093,2004,1400,3600,38.88888888888889
54093,2008,1288,3507,36.72654690618762
54093,2012,880,3138,28.04333970681963
54093,2016,751,3475,21.611510791366907
54093,2020,938,3844,24.40166493236212
54093,2024,890,3636,24.477447744774476
54095,2000,1214,3928,30.906313645621182
54095,2004,1401,4245,33.003533568904594
54095,2008,1241,3741,33.172948409516174
54095,2012,890,3279,27.142421469960354
54095,2016,507,3654,13.875205254515599
54095,2020,631,3922,16.088730239673634
54095,2024,554,3617,15.316560685651092
54097,2000,2770,8123,34.100701711190446
54097,2004,3034,9293,32.648229850425054
54097,2008,2925,8971,32.60506075130978
54097,2012,2158,8273,26.08485434546114
54097,2016,1766,9218,19.158168800173573
54097,2020,2256,10221,22.07220428529498
54097,2024,2033,9859,20.620752611826756
54099,2000,7940,16241,48.88861523305215
54099,2004,8411,18609,45.19855983663818
54099,2008,6137,15430,39.77316915100454
54099,2012,4931,13955,35.33500537441777
54099,2016,3357,15182,22.111711236991173
54099,2020,4088,16947,24.12226352746799
54099,2024,3532,15747,22.429669143328887
54101,2000,1764,3308,53.325272067714636
54101,2004,1965,3714,52.90791599353797
54101,2008,1552,3057,50.76872751063134
54101,2012,947,2755,34.37386569872958
54101,2016,556,2978,18.670248488918737
54101,2020,610,3402,17.930629041740154
54101,2024,479,2998,15.977318212141428
54103,2000,2849,6288,45.30852417302799
54103,2004,3330,7038,47.31457800511509
54103,2008,2942,6454,45.58413387046792
54103,2012,2217,5856,37.85860655737705
54103,2016,1359,6265,21.691939345570628
54103,2020,1539,6667,23.083845807709615
54103,2024,1294,6168,20.979247730220493
54105,2000,818,2382,34.34089000839631
54105,2004,896,2654,33.76036171816126
54105,2008,782,2326,33.61994840928632
54105,2012,676,2171,31.137724550898206
54105,2016,386,2422,15.937241948802642
54105,2020,466,2653,17.565020731247643
54105,2024,409,2581,15.846571096474236
54107,2000,12664,33857,37.40437723365921
54107,2004,14025,39227,35.75343513396385
54107,2008,12573,36002,34.92305983000944
54107,2012,11230,33977,33.05177031521323
54107,2016,8400,35615,23.585567878702793
54107,2020,10926,38762,28.187400030958155
54107,2024,10317,37313,27.649880738616567
54109,2000,4289,7878,54.44275196750444
54109,2004,3694,8718,42.37210369350768
54109,2008,2735,7530,36.321381142098275
54109,2012,1583,7523,21.04213744516815
54109,2016,1062,7831,13.561486400204318
54109,2020,1157,8592,13.466014897579143
54109,2024,980,7565,12.954395241242564
55001,2000,4826,9116,52.93988591487494
55001,2004,5447,10456,52.09449120122418
55001,2008,5806,9986,58.14139795713999
55001,2012,5542,10287,53.87382132788957
55001,2016,3770,10164,37.09169618260527
55001,2020,4329,11818,36.630563547131494
55001,2024,4443,12882,34.48998602701444
55003,2000,4356,7890,55.20912547528517
55003,2004,5805,9199,63.10468529187955
55003,2008,5818,8574,67.85630977373455
55003,2012,5399,8372,64.48877209746774
55003,2016,4228,8029,52.65911072362685
55003,2020,4801,8757,54.82471165924403
55003,2024,4612,8955,51.50195421552205
55005,2000,8928,19904,44.855305466237944
55005,2004,11696,23937,48.861595020261525
55005,2008,12078,22886,52.77462203967491
55005,2012,10890,22692,47.9904812268641
55005,2016,7879,22643,34.79662588879566
55005,2020,9194,25346,36.27396827901839
55005,2024,8941,26809,33.35074042299228
55007,2000,4427,8259,53.602131008596686
55007,2004,5845,9699,60.263944736570785
55007,2008,5972,9468,63.07562315166878
55007,2012,6033,9788,61.63669799754802
55007,2016,4954,9529,51.98866617693357
55007,2020,6147,10880,56.49816176470588
55007,2024,6107,11240,54.33274021352313
55009,2000,49096,107769,45.55669997865805
55009,2004,54935,123294,44.55610167566954
55009,2008,67269,124754,53.921317152155446
55009,2012,62526,128928,48.49683544303797
55009,2016,53364,128979,41.374177191635845
55009,2020,65511,144017,45.48837984404619
55009,2024,67937,149333,45.493628333991815
55011,2000,3237,6641,48.74265923806655
55011,2004,3998,7591,52.6676327229614
55011,2008,3949,7000,56.41428571428572
55011,2012,3570,7039,50.71743145333144
55011,2016,2531,6988,36.2192329708071
55011,2020,2860,7816,36.59160696008188
55011,2024,2765,8100,34.135802469135804
55013,2000,3626,8151,44.485339222181324
55013,2004,4499,9321,48.26735328827379
55013,2008,4337,8688,49.91942909760589
55013,2012,3986,8677,45.93753601475164
55013,2016,2948,8743,33.71840329406382
55013,2020,3569,10141,35.193767872990826
55013,2024,3665,10810,33.90379278445884
55015,2000,8202,19947,41.118965257933525
55015,2004,10290,25276,40.710555467637285
55015,2008,13295,26474,50.21908287376293
55015,2012,11489,26420,43.48599545798638
55015,2016,9646,26650,36.19512195121951
55015,2020,12116,30774,39.37089751088581
55015,2024,12927,32916,39.27269413051403
55017,2000,12102,26173,46.238490046995
55017,2004,14751,30524,48.325907482636616
55017,2008,16239,30231,53.71638384439813
55017,2012,15237,30932,49.25966636492952
55017,2016,11886,31561,37.66040366274833
55017,2020,13983,35938,38.90867605320274
55017,2024,14573,38471,37.88048140157521
55019,2000,5931,14149,41.91815676019507
55019,2004,6966,15125,46.05619834710743
55019,2008,7454,14187,52.54105871572566
55019,2012,6172,13801,44.72139700021738
55019,2016,4227,13596,31.090026478375993
55019,2020,4524,14898,30.36649214659686
55019,2024,4509,15340,29.393741851368972
55021,2000,12636,25587,49.38445304256068
55021,2004,14300,29555,48.384368127220434
55021,2008,16661,29272,56.91787373599344
55021,2012,17175,30546,56.22667452366922
55021,2016,13526,29771,45.43347552987807
55021,2020,16410,33869,48.45138622339012
55021,2024,16388,34914,46.9381909835596
55023,2000,4005,7394,54.16553962672437
55023,2004,4656,8459,55.04196713559523
55023,2008,4987,7981,62.485904022052374
55023,2012,4629,7817,59.217090955609564
55023,2016,3425,7744,44.22778925619835
55023,2020,3953,8695,45.462909718228865
55023,2024,3860,9105,42.39428885227897
55025,2000,142317,232739,61.14875461353705
55025,2004,181052,274249,66.01737836783362
55025,2008,205984,282939,72.80155793298202
55025,2012,216071,304181,71.03369375470527
55025,2016,217526,310017,70.16582961579526
55025,2020,260185,344791,75.46165648175271
55025,2024,273995,365929,74.876547089736
55027,2000,14580,37701,38.67271425161136
55027,2004,16690,44336,37.644352219415374
55027,2008,19183,42823,44.79602082992784
55027,2012,18762,44488,42.17317029311275
55027,2016,13968,43065,32.434691745036574
55027,2020,16356,48436,33.76827153357007
55027,2024,16518,50300,32.8389662027833
55029,2000,6560,15220,43.1011826544021
55029,2004,8367,17491,47.83602995826425
55029,2008,10142,17481,58.01727589954808
55029,2012,9357,17671,52.951162922302075
55029,2016,8026,17608,45.581553839164016
55029,2020,10044,20117,49.92792165829895
55029,2024,10565,20944,50.44404125286478
55031,2000,13593,21706,62.62323781442919
55031,2004,16537,25187,65.65688648906182
55031,2008,15830,24066,65.77744535859719
55031,2012,14863,22894,64.92093998427536
55031,2016,11345,22511,50.39758340366932
55031,2020,13218,24677,53.56404749361754
55031,2024,13073,25234,51.80708567805342
55033,2000,9172,19330,47.4495602690119
55033,2004,12039,23172,51.954945624029
55033,2008,13002,22989,56.557484014093696
55033,2012,11316,21992,51.455074572571846
55033,2016,9026,22091,40.858268072970894
55033,2020,9897,23524,42.071926543104915
55033,2024,10643,25678,41.44793208193784
55035,2000,24078,47875,50.2934725848564
55035,2004,30068,55437,54.23814419972221
55035,2008,33146,55010,60.254499181966914
55035,2012,30666,54806,55.9537276940481
55035,2016,27294,54885,49.729434271658924
55035,2020,31620,58275,54.259974259974264
55035,2024,34400,63177,54.4501954825332
55037,2000,816,2405,33.929313929313935
55037,2004,993,2724,36.45374449339207
55037,2008,1134,2685,42.23463687150838
55037,2012,953,2625,36.304761904761904
55037,2016,666,2657,25.06586375611592
55037,2020,781,2940,26.564625850340136
55037,2024,783,3158,24.79417352754908
55039,2000,18181,46589,39.024233188091614
55039,2004,19216,53036,36.231993362998715
55039,2008,23463,52323,44.842612235536954
55039,2012,22379,53402,41.90667016216621
55039,2016,17391,51327,33.88275176807528
55039,2020,20588,57251,35.960943913643426
55039,2024,20495,58527,35.01802586840262
55041,2000,2158,4716,45.759117896522476
55041,2004,2509,5153,48.690083446536
55041,2008,2673,4683,57.07879564381807
55041,2012,2425,4648,52.172977624784856
55041,2016,1584,4540,34.889867841409696
55041,2020,1721,5053,34.058974866415994
55041,2024,1681,5097,32.98018442220914
55043,2000,10691,21956,48.69284022590636
55043,2004,12864,25264,50.91830272324256
55043,2008,14875,24320,61.163651315789465
55043,2012,13594,24248,56.06235565819861
55043,2016,10046,24321,41.305867357427736
55043,2020,10998,25608,42.947516401124645
55043,2024,10966,27306,40.15967186698894
55045,2000,7863,15276,51.47289866457187
55045,2004,9575,18248,52.47150372643578
55045,2008,11502,18534,62.05891874393007
55045,2012,11206,19322,57.996066659766065
55045,2016,9122,18985,48.04845930998157
55045,2020,10851,21406,50.691394935999256
55045,2024,10903,22076,49.388476173219786
55047,2000,3301,9107,36.24684308773471
55047,2004,3605,10178,35.419532324621734
55047,2008,4000,9536,41.946308724832214
55047,2012,3793,9675,39.20413436692506
55047,2016,2701,9388,28.770771197273113
55047,2020,3344,10671,31.337269234373537
55047,2024,3449,11052,31.20702135360116
55049,2000,5842,10541,55.42168674698795
55049,2004,7122,12542,56.785201722213365
55049,2008,7987,11969,66.73072102932576
55049,2012,8105,12534,64.66411361097813
55049,2016,6669,12260,54.39641109298532
55049,2020,7828,13992,55.94625500285878
55049,2024,7750,14677,52.80370647952579
55051,2000,1620,3507,46.19332763045338
55051,2004,1956,3879,50.42536736272235
55051,2008,1914,3432,55.769230769230774
55051,2012,1784,3632,49.118942731277535
55051,2016,1273,3497,36.40263082642265
55051,2020,1533,4010,38.229426433915215
55051,2024,1487,4084,36.4103819784525
55053,2000,4380,8417,52.03754306760129
55053,2004,5249,9726,53.96874357392556
55053,2008,5572,9251,60.23132634309805
55053,2012,5298,9313,56.88822076667025
55053,2016,3821,9272,41.21009490940466
55053,2020,4256,10184,41.7910447761194
55053,2024,4157,10502,39.5829365835079
55055,2000,15203,36099,42.114740020499184
55055,2004,17925,42115,42.562032529977444
55055,2008,21448,43166,49.68725385720243
55055,2012,20158,44281,45.52291050337617
55055,2016,16561,43146,38.38362768275159
55055,2020,19904,47979,41.48481627378644
55055,2024,20574,50146,41.02819766282455
55057,2000,4813,10218,47.103151301624585
55057,2004,5734,12379,46.320381290895874
55057,2008,6186,11530,53.65134431916739
55057,2012,6242,11827,52.77754291029001
55057,2016,4073,11732,34.71701329696557
55057,2020,4746,13709,34.61959296812313
55057,2024,4854,14553,33.353947639661925
55059,2000,32429,63709,50.90175642373919
55059,2004,40107,76428,52.476840948343536
55059,2008,45836,78789,58.17563365444415
55059,2012,44867,80897,55.46188362980086
55059,2016,35771,77076,46.41003684674867
55059,2020,42193,88738,47.5478374540783
55059,2024,41826,90680,46.124834583149536
55061,2000,4670,10084,46.31098770329235
55061,2004,5175,11273,45.90614743191697
55061,2008,5902,10787,54.71400760174284
55061,2012,5153,11037,46.68841170607955
55061,2016,3623,10758,33.67726343186466
55061,2020,3976,12095,32.873088052914426
55061,2024,4059,12484,32.513617430310795
55063,2000,28455,55559,51.215824618873626
55063,2004,33170,62136,53.382902021372466
55063,2008,38524,63218,60.938340346103956
55063,2012,36693,63462,57.81885222652926
55063,2016,32406,62968,51.46423580231229
55063,2020,37846,67884,55.75098697778563
55063,2024,39008,72261,53.98209269177011
55065,2000,3710,7263,51.08082059754923
55065,2004,4402,8388,52.479732951835956
55065,2008,4732,7831,60.42651002426255
55065,2012,4536,7952,57.04225352112676
55065,2016,3288,7662,42.91307752545027
55065,2020,3647,8555,42.63004091174752
55065,2024,3469,8832,39.2776268115942
55067,2000,4199,9721,43.19514453245551
55067,2004,4751,11074,42.90229366082716
55067,2008,5182,10402,49.817342818688715
55067,2012,4573,10519,43.473714231390815
55067,2016,3260,10132,32.175286221871296
55067,2020,3704,11165,33.17510076130766
55067,2024,3746,11664,32.115912208504795
55069,2000,6664,14239,46.801039398834185
55069,2004,7484,15700,47.6687898089172
55069,2008,8424,15268,55.174220592088034
55069,2012,7563,15216,49.70425867507887
55069,2016,5370,14706,36.515707874337004
55069,2020,6261,16497,37.95235497363157
55069,2024,6306,17209,36.643616712185484
55071,2000,17667,38824,45.50535751081805
55071,2004,20652,44160,46.766304347826086
55071,2008,22428,42414,52.878766445041734
55071,2012,20403,42617,47.87526104606143
55071,2016,14506,40346,35.95399791800922
55071,2020,16818,44829,37.51589372950546
55071,2024,17399,46316,37.56585197340012
55073,2000,26546,58374,45.47572549422688
55073,2004,30899,68059,45.40031443306543
55073,2008,36367,67940,53.528113040918456
55073,2012,32363,69862,46.32418195871862
55073,2016,26477,69515,38.08818240667482
55073,2020,30808,76751,40.14019361311254
55073,2024,31529,78826,39.99822393626468
55075,2000,8676,19921,43.552030520556194
55075,2004,10190,22270,45.75662325999102
55075,2008,11195,21255,52.66996000940956
55075,2012,9882,20777,47.56220821100255
55075,2016,6243,20046,31.143370248428614
55075,2020,7366,22979,32.0553548892467
55075,2024,7415,24415,30.370673766127382
55077,2000,3437,7194,47.77592438142897
55077,2004,3785,8477,44.65023003421022
55077,2008,4068,7846,51.84807545245985
55077,2012,4014,8105,49.52498457742134
55077,2016,2809,7893,35.58849613581654
55077,2020,3239,9065,35.73083287369002
55077,2024,3252,9427,34.496658533998094
55078,2000,949,1233,76.96674776966748
55078,2004,1412,1710,82.57309941520468
55078,2008,1257,1448,86.80939226519338
55078,2012,1191,1377,86.49237472766885
55078,2016,1003,1279,78.4206411258796
55078,2020,1303,1590,81.9496855345912
55078,2024,1266,1572,80.53435114503816
55079,2000,252329,433537,58.20241409614404
55079,2004,297653,482236,61.723512968753894
55079,2008,319819,475192,67.3031111634876
55079,2012,332438,492576,67.48968687065549
55079,2016,288797,440247,65.59885700527204
55079,2020,317270,458971,69.12637181869879
55079,2024,316292,464107,68.15066353233198
55081,2000,7460,16335,45.66880930517294
55081,2004,8973,19554,45.88830929733047
55081,2008,10198,19152,53.24770258980786
55081,2012,9515,19485,48.83243520656916
55081,2016,7048,19670,35.8312150482969
55081,2020,8433,22611,37.296006368581665
55081,2024,8476,23369,36.2702725833369
55083,2000,7260,16596,43.74548083875633
55083,2004,8534,19794,43.1140749722138
55083,2008,9927,18968,52.33551244200759
55083,2012,8865,19859,44.639709955184045
55083,2016,5884,19978,29.45239763740114
55083,2020,6715,23215,28.925263838035754
55083,2024,6967,24912,27.966441875401415
55085,2000,8339,18891,44.142713461436664
55085,2004,10464,22039,47.47946821543627
55085,2008,11907,21927,54.30291421535094
55085,2012,10452,21652,48.27267688897099
55085,2016,8104,21473,37.740418199599496
55085,2020,10105,24159,41.8270623784097
55085,2024,10080,24895,40.490058244627434
55087,2000,32735,75742,43.21908584404954
55087,2004,40169,90050,44.607440310938365
55087,2008,50294,91563,54.92830073282876
55087,2012,45659,94596,48.2673685990951
55087,2016,38087,93868,40.575062854220825
55087,2020,47667,108022,44.127122252874415
55087,2024,49438,111932,44.16788764607083
55089,2000,15030,47751,31.47578061192436
55089,2004,17714,53032,33.40247397797556
55089,2008,20579,53365,38.56272838002436
55089,2012,19159,55817,34.324668111865556
55089,2016,20168,54523,36.98989417310126
55089,2020,26517,61486,43.12689067429984
55089,2024,27874,63472,43.91542727501891
55091,2000,1854,3664,50.6004366812227
55091,2004,2181,4066,53.63994097393016
55091,2008,2102,3771,55.74118271015646
55091,2012,1876,3699,50.716409840497434
55091,2016,1345,3739,35.97218507622359
55091,2020,1489,4144,35.931467181467184
55091,2024,1523,4354,34.9793293523197
55093,2000,8559,17962,47.650595702037634
55093,2004,11176,21876,51.08795026513073
55093,2008,11803,22107,53.390328855113765
55093,2012,10235,21020,48.691722169362514
55093,2016,8382,21189,39.558261362027466
55093,2020,9796,23317,42.01226572886735
55093,2024,10171,25392,40.055923125393825
55095,2000,8961,19762,45.34460074891206
55095,2004,11173,23503,47.53861209207335
55095,2008,10876,22643,48.03250452678532
55095,2012,10073,22573,44.62410844814602
55095,2016,7570,22749,33.276187964306125
55095,2020,9370,26371,35.531455007394484
55095,2024,9567,28222,33.89908581957338
55097,2000,17942,33760,53.145734597156405
55097,2004,21861,38961,56.1099561099561
55097,2008,24817,39422,62.95215869311552
55097,2012,22075,39337,56.11765004957165
55097,2016,18521,38496,48.11149210307564
55097,2020,20428,40603,50.31155333349753
55097,2024,21503,43258,49.70872439779925
55099,2000,3413,7930,43.0390920554855
55099,2004,4349,8763,49.62912244665069
55099,2008,4559,8194,55.638271906272884
55099,2012,3887,7901,49.196304265282876
55099,2016,2669,7577,35.22502309621222
55099,2020,3032,8546,35.47858647320384
55099,2024,3005,8856,33.93179765130985
55101,2000,41563,88865,46.77094469138581
55101,2004,48229,101569,47.48397641012514
55101,2008,53408,100642,53.06730788338865
55101,2012,53008,103364,51.28284509113424
55101,2016,42512,94133,45.16163300861547
55101,2020,50159,106451,47.11933189918366
55101,2024,49721,107686,46.17220437197036
55103,2000,3837,8293,46.26793681418063
55103,2004,4501,9420,47.78131634819533
55103,2008,5041,8450,59.65680473372781
55103,2012,4969,8655,57.41190063547082
55103,2016,3577,8055,44.40720049658597
55103,2020,3995,9014,44.31994674950078
55103,2024,3985,9323,42.74375201115521
55105,2000,40472,70404,57.48537014942333
55105,2004,46598,80479,57.90081884715267
55105,2008,50529,79169,63.82422412813096
55105,2012,49219,80690,60.99764530920808
55105,2016,39343,76068,51.72082873218699
55105,2020,46658,85360,54.660262417994375
55105,2024,46642,88310,52.816215604121844
55107,2000,3161,7366,42.91338582677165
55107,2004,3820,7927,48.18973129809512
55107,2008,3855,7272,53.01155115511551
55107,2012,3397,7191,47.23960506188291
55107,2016,2171,7087,30.63355439537181
55107,2020,2517,7886,31.917321836165357
55107,2024,2516,8270,30.42321644498186
55109,2000,13077,29954,43.65694064231822
55109,2004,18784,41835,44.90020317915621
55109,2008,21177,44821,47.247941812989446
55109,2012,19910,46225,43.07193077339102
55109,2016,17486,47508,36.806432600825126
55109,2020,23190,56707,40.89442220537147
55109,2024,23870,60642,39.36215824016358
55111,2000,13035,25653,50.81277043620629
55111,2004,15708,30417,51.64217378439688
55111,2008,18617,30626,60.78821916019069
55111,2012,18736,31927,58.68387258433301
55111,2016,14692,31318,46.9123187943036
55111,2020,18108,36203,50.01795431317847
55111,2024,18172,37584,48.35036185610898
55113,2000,3333,7767,42.9123213595983
55113,2004,4411,9453,46.66243520575479
55113,2008,4765,9085,52.44909190974133
55113,2012,4486,9025,49.70637119113574
55113,2016,3504,9121,38.416840258743555
55113,2020,4498,10510,42.797335870599426
55113,2024,4599,11140,41.283662477558345
55115,2000,7335,17603,41.66903368743964
55115,2004,8657,20999,41.22577265584076
55115,2008,10259,20089,51.06774851909005
55115,2012,9000,20279,44.380886631490704
55115,2016,6056,19751,30.6617386461445
55115,2020,7131,22615,31.53216891443732
55115,2024,7336,23500,31.217021276595748
55117,2000,23569,55201,42.696690277350044
55117,2004,27608,62625,44.084630738522954
55117,2008,30395,62107,48.9397330413641
55117,2012,27918,62651,44.56114028507127
55117,2016,22956,59655,38.48126728689967
55117,2020,27101,66011,41.05527866567693
55117,2024,27735,67562,41.05118261744768
55119,2000,3254,8992,36.187722419928825
55119,2004,3829,9543,40.123650843550244
55119,2008,4563,9346,48.82302589343034
55119,2012,3763,9512,39.5605550883095
55119,2016,2398,9484,25.28469000421763
55119,2020,2693,10686,25.201197828935058
55119,2024,2823,11186,25.236903271947075
55121,2000,6678,12168,54.88165680473372
55121,2004,8075,14062,57.42426397383018
55121,2008,8321,13314,62.498122277302095
55121,2012,7605,13481,56.412729026036644
55121,2016,5636,13675,41.213893967093234
55121,2020,6285,15380,40.86475942782835
55121,2024,6219,16079,38.677778468810246
55123,2000,6577,13044,50.421649800674636
55123,2004,7924,14845,53.37824183226676
55123,2008,8463,14075,60.12788632326821
55123,2012,8044,14269,56.373957530310456
55123,2016,6352,14213,44.69147963132344
55123,2020,7457,15923,46.831627205928534
55123,2024,7514,16609,45.24053224155578
55125,2000,4706,12322,38.19185197208245
55125,2004,5713,14002,40.801314097986
55125,2008,6491,13750,47.20727272727272
55125,2012,5951,13842,42.99234214708857
55125,2016,4770,13612,35.0426094622392
55125,2020,5903,15369,38.40848461188106
55125,2024,6119,16135,37.92376820576387
55127,2000,15492,40458,38.29156161945721
55127,2004,19177,48446,39.58427940387235
55127,2008,24177,50422,47.949307841815084
55127,2012,22552,52303,43.11798558400092
55127,2016,18706,51324,36.446886446886445
55127,2020,22789,57600,39.564236111111114
55127,2024,23161,60597,38.22136409393204
55129,2000,3695,8045,45.92914853946551
55129,2004,4705,9567,49.179471098567994
55129,2008,4693,9112,51.50351185250219
55129,2012,4447,9287,47.884139119198885
55129,2016,3284,9148,35.89855706165282
55129,2020,3867,10378,37.26151474272499
55129,2024,3867,10978,35.22499544543633
55131,2000,18115,61412,29.49749234677262
55131,2004,21234,72467,29.301613148053598
55131,2008,25719,74411,34.5634382013412
55131,2012,23166,78742,29.42013156892129
55131,2016,20855,78003,26.736151173672805
55131,2020,26650,88070,30.260020438287725
55131,2024,28504,91407,31.18360738236678
55133,2000,64319,203734,31.570086485319095
55133,2004,73626,230363,31.96086177033638
55133,2008,85339,232897,36.64237839044728
55133,2012,78779,243856,32.30554097500164
55133,2016,79200,239042,33.13225290953054
55133,2020,103906,267996,38.77147420110748
55133,2024,108478,275787,39.333978758969785
55135,2000,8787,22804,38.532713559024735
55135,2004,10792,26974,40.00889745681026
55135,2008,12952,25511,50.7702559680138
55135,2012,11578,28840,40.14563106796116
55135,2016,8440,26024,32.43160159852444
55135,2020,9703,29130,33.30930312392722
55135,2024,9947,30403,32.71716606913792
55137,2000,4239,10248,41.36416861826698
55137,2004,5257,12246,42.92830311938592
55137,2008,5868,11849,49.52316651194194
55137,2012,5335,12048,44.28120849933599
55137,2016,3792,11999,31.602633552796068
55137,2020,4388,13568,32.340801886792455
55137,2024,4571,14363,31.82482768223909
55139,2000,33983,76080,44.66745531019979
55139,2004,40943,88596,46.21314732042079
55139,2008,48167,87677,54.93687055898354
55139,2012,45449,89173,50.96722101981541
55139,2016,37054,87144,42.520425961626735
55139,2020,44060,94032,46.856389314275994
55139,2024,44660,95371,46.827652011617786
55141,2000,15936,35761,44.56251223399793
55141,2004,18950,40071,47.29105837139078
55141,2008,21710,39052,55.59254327563249
55141,2012,18581,38900,47.76606683804627
55141,2016,14232,37800,37.65079365079365
55141,2020,16365,41298,39.626616301031525
55141,2024,16599,42216,39.31921546333144
56001,2000,5069,14151,35.82079005017314
56001,2004,7117,16624,42.81159769008662
56001,2008,8644,17201,50.252892273705015
56001,2012,7458,16300,45.75460122699386
56001,2016,6890,17060,40.38686987104337
56001,2020,9092,18744,48.50618864703372
56001,2024,8371,17877,46.82553001062818
56003,2000,1004,4918,20.41480276535177
56003,2004,960,5283,18.171493469619534
56003,2008,1108,5341,20.74517880546714
56003,2012,868,5324,16.30353117956424
56003,2016,604,5317,11.35978935489938
56003,2020,788,5784,13.623789764868603
56003,2024,742,5735,12.938099389712294
56005,2000,1967,12540,15.685805422647528
56005,2004,2464,15099,16.318961520630506
56005,2008,2990,16385,18.24839792493134
56005,2012,2163,17571,12.31005634283763
56005,2016,1324,18199,7.2751250068685085
56005,2020,1935,19735,9.804915125411705
56005,2024,2004,18342,10.925744193653909
56007,2000,2206,6968,31.659012629161882
56007,2004,2158,7077,30.493146813621593
56007,2008,2336,6900,33.85507246376812
56007,2012,2110,6509,32.41665386388078
56007,2016,1279,6374,20.065892689049264
56007,2020,1427,6706,21.279451237697582
56007,2024,1274,6387,19.946766870205103
56009,2000,1076,5175,20.792270531400966
56009,2004,1184,5725,20.68122270742358
56009,2008,1380,6501,21.227503461006002
56009,2012,1089,6343,17.16853224026486
56009,2016,668,6654,10.03907424105801
56009,2020,861,7010,12.282453637660486
56009,2024,845,6739,12.538952366820002
56011,2000,361,2738,13.184806428049672
56011,2004,501,3396,14.752650176678445
56011,2008,612,3706,16.51376146788991
56011,2012,426,3685,11.560379918588874
56011,2016,273,3826,7.135389440669106
56011,2020,378,4143,9.123823316437365
56011,2024,443,4344,10.197974217311234
56013,2000,4172,15444,27.013727013727014
56013,2004,5338,17096,31.22367805334581
56013,2008,6016,17715,33.95992097092859
56013,2012,5333,16939,31.483558651632325
56013,2016,4200,17023,24.672501909181697
56013,2020,5519,18234,30.26763189645717
56013,2024,5179,17256,30.01274918868799
56015,2000,1439,5520,26.068840579710145
56015,2004,1566,5779,27.098113860529505
56015,2008,1832,5965,30.71248952221291
56015,2012,1458,5806,25.111953151911813
56015,2016,924,5796,15.942028985507244
56015,2020,1203,6272,19.18048469387755
56015,2024,1156,6174,18.723679948169742
56017,2000,544,2352,23.12925170068027
56017,2004,623,2480,25.120967741935484
56017,2008,619,2564,24.141965678627145
56017,2012,523,2515,20.795228628230618
56017,2016,400,2586,15.467904098994586
56017,2020,482,2588,18.624420401854714
56017,2024,488,2620,18.62595419847328
56019,2000,555,3550,15.63380281690141
56019,2004,676,3991,16.938110749185668
56019,2008,908,4375,20.754285714285714
56019,2012,749,4259,17.586287861000237
56019,2016,638,4417,14.444192891102558
56019,2020,897,4952,18.11389337641357
56019,2024,847,4898,17.292772560228663
56021,2000,12162,35323,34.43082410893752
56021,2004,13171,39879,33.027407908924495
56021,2008,16072,41806,38.44424245323638
56021,2012,14295,39505,36.18529300088596
56021,2016,11573,40969,28.248187654079914
56021,2020,15217,45237,33.63839335057585
56021,2024,14153,43362,32.6391771597251
56023,2000,1184,6845,17.2972972972973
56023,2004,1364,7914,17.235279251958556
56023,2008,1823,8615,21.160766105629715
56023,2012,1287,8618,14.933859364121608
56023,2016,1105,8875,12.450704225352114
56023,2020,1509,10525,14.33729216152019
56023,2024,1623,10840,14.972324723247233
56025,2000,8646,28388,30.456530928561364
56025,2004,9863,32068,30.756517400523887
56025,2008,10475,33473,31.293878648462943
56025,2012,8961,32373,27.680474469465295
56025,2016,6577,33348,19.722322178241576
56025,2020,8530,35391,24.102172868808456
56025,2024,8337,33921,24.57769523304148
56027,2000,190,1127,16.858917480035494
56027,2004,230,1314,17.50380517503805
56027,2008,244,1304,18.711656441717793
56027,2012,200,1276,15.673981191222571
56027,2016,115,1314,8.751902587519025
56027,2020,155,1322,11.72465960665658
56027,2024,112,1234,9.076175040518638
56029,2000,2424,12836,18.884387659707073
56029,2004,3007,14231,21.129927622795304
56029,2008,3757,15049,24.96511396106054
56029,2012,2927,14608,20.036966046002192
56029,2016,2535,15095,16.793640278237827
56029,2020,3410,16815,20.279512340172463
56029,2024,3259,16743,19.46485098250015
56031,2000,1249,4373,28.56162817287903
56031,2004,1328,4574,29.033668561434194
56031,2008,1407,4597,30.606917554927126
56031,2012,1223,4531,26.991834032222467
56031,2016,719,4529,15.875469198498566
56031,2020,890,4963,17.93270199476123
56031,2024,780,4765,16.369359916054567
56033,2000,3330,12236,27.214776070611315
56033,2004,4066,14029,28.982821298738326
56033,2008,4458,15039,29.642928386195887
56033,2012,3618,14322,25.261834939254296
56033,2016,2927,14510,20.172294968986908
56033,2020,4043,16546,24.43490873927233
56033,2024,3920,16425,23.866057838660577
56035,2000,458,3216,14.24129353233831
56035,2004,730,3651,19.994522048753765
56035,2008,936,4375,21.39428571428571
56035,2012,767,4376,17.527422303473493
56035,2016,644,4390,14.669703872437356
56035,2020,882,5000,17.64
56035,2024,920,4924,18.68399675060926
56037,2000,5521,15691,35.185775285195334
56037,2004,5208,16272,32.00589970501475
56037,2008,5762,16833,34.230380799619795
56037,2012,4774,16895,28.256880733944957
56037,2016,3231,17130,18.86164623467601
56037,2020,3823,16698,22.894957479937716
56037,2024,3731,16698,22.34399329260989
56039,2000,4019,10431,38.52938356821014
56039,2004,5972,11359,52.57505062065323
56039,2008,7472,12359,60.45796585484262
56039,2012,6213,11464,54.19574319609212
56039,2016,7314,12627,57.92349726775956
56039,2020,9848,14787,66.59903969703119
56039,2024,8748,13286,65.84374529580009
56041,2000,1650,7418,22.243192235103802
56041,2004,1815,8081,22.460091572825146
56041,2008,2317,8418,27.52435257780946
56041,2012,1628,8539,19.06546434008666
56041,2016,1202,8470,14.191263282172372
56041,2020,1591,9459,16.819959826620153
56041,2024,1561,9089,17.174606667400155
56043,2000,806,4051,19.89632189582819
56043,2004,855,4114,20.78269324258629
56043,2008,1042,4100,25.414634146341463
56043,2012,794,3944,20.13184584178499
56043,2016,532,3814,13.948610382800208
56043,2020,651,4032,16.145833333333336
56043,2024,656,3877,16.92029920041269
56045,2000,449,3060,14.673202614379086
56045,2004,580,3392,17.099056603773587
56045,2008,658,3414,19.273579379027534
56045,2012,422,3359,12.56326287585591
56045,2016,299,3526,8.479863868406126
56045,2020,360,3560,10.112359550561797
56045,2024,378,3512,10.763097949886106
