GEOID,year,voteshare,CnP_distance_miles,CnP_distance_log,M1_distance_miles,WHITE,INCOME10K,POPULATION100K,BA,M1_distance_log
12011,2000,67.40984416049574,47.335804271435045,3.857266970488268,1.4942071408169333,42.635501177466836,7.0834,19.62531,21.146554328161386,0.4015957255716574
12011,2004,64.20865446643805,47.335804271435045,3.857266970488268,1.4942071408169333,42.635501177466836,7.0834,19.62531,21.146554328161386,0.4015957255716574
12011,2008,67.12640295190482,47.335804271435045,3.857266970488268,1.4942071408169333,42.635501177466836,7.0834,19.62531,21.146554328161386,0.4015957255716574
12011,2012,67.19952619040694,47.335804271435045,3.857266970488268,1.4942071408169333,42.635501177466836,7.0834,19.62531,21.146554328161386,0.4015957255716574
12011,2016,66.50872467248672,47.335804271435045,3.857266970488268,1.4942071408169333,42.635501177466836,7.0834,19.62531,21.146554328161386,0.4015957255716574
12011,2020,64.6100126139221,47.335804271435045,3.857266970488268,1.4942071408169333,42.635501177466836,7.0834,19.62531,21.146554328161386,0.4015957255716574
12011,2024,58.010906317499845,47.335804271435045,3.857266970488268,1.4942071408169333,42.635501177466836,7.0834,19.62531,21.146554328161386,0.4015957255716574
12086,2000,52.571512625329966,19.97891594882094,2.9946775149326843,35.890010379791384,36.90397632141857,6.6952,26.86867,19.546899399935,3.5804589943707135
12086,2000,52.571512625329966,29.215649812923083,3.374704518200358,35.890010379791384,36.90397632141857,6.6952,26.86867,19.546899399935,3.5804589943707135
12086,2004,52.8873433962459,19.97891594882094,2.9946775149326843,35.890010379791384,36.90397632141857,6.6952,26.86867,19.546899399935,3.5804589943707135
12086,2004,52.8873433962459,29.215649812923083,3.374704518200358,35.890010379791384,36.90397632141857,6.6952,26.86867,19.546899399935,3.5804589943707135
12086,2008,57.88524654713568,19.97891594882094,2.9946775149326843,35.890010379791384,36.90397632141857,6.6952,26.86867,19.546899399935,3.5804589943707135
12086,2008,57.88524654713568,29.215649812923083,3.374704518200358,35.890010379791384,36.90397632141857,6.6952,26.86867,19.546899399935,3.5804589943707135
12086,2012,61.64537967059617,19.97891594882094,2.9946775149326843,35.890010379791384,36.90397632141857,6.6952,26.86867,19.546899399935,3.5804589943707135
12086,2012,61.64537967059617,29.215649812923083,3.374704518200358,35.890010379791384,36.90397632141857,6.6952,26.86867,19.546899399935,3.5804589943707135
12086,2016,63.6751125275963,19.97891594882094,2.9946775149326843,35.890010379791384,36.90397632141857,6.6952,26.86867,19.546899399935,3.5804589943707135
12086,2016,63.6751125275963,29.215649812923083,3.374704518200358,35.890010379791384,36.90397632141857,6.6952,26.86867,19.546899399935,3.5804589943707135
12086,2020,53.41074120689894,19.97891594882094,2.9946775149326843,35.890010379791384,36.90397632141857,6.6952,26.86867,19.546899399935,3.5804589943707135
12086,2020,53.41074120689894,29.215649812923083,3.374704518200358,35.890010379791384,36.90397632141857,6.6952,26.86867,19.546899399935,3.5804589943707135
12086,2024,43.903921470060006,19.97891594882094,2.9946775149326843,35.890010379791384,36.90397632141857,6.6952,26.86867,19.546899399935,3.5804589943707135
12086,2024,43.903921470060006,29.215649812923083,3.374704518200358,35.890010379791384,36.90397632141857,6.6952,26.86867,19.546899399935,3.5804589943707135
12087,2000,48.6281567146566,39.06543032936044,3.665237941114656,72.55443364156073,72.56842619745846,7.9459,0.80614,21.87893616713237,4.28433708899378
12087,2004,49.71291260908056,39.06543032936044,3.665237941114656,72.55443364156073,72.56842619745846,7.9459,0.80614,21.87893616713237,4.28433708899378
12087,2008,51.914481525625746,39.06543032936044,3.665237941114656,72.55443364156073,72.56842619745846,7.9459,0.80614,21.87893616713237,4.28433708899378
12087,2012,49.6812351179046,39.06543032936044,3.665237941114656,72.55443364156073,72.56842619745846,7.9459,0.80614,21.87893616713237,4.28433708899378
12087,2016,44.66076557276708,39.06543032936044,3.665237941114656,72.55443364156073,72.56842619745846,7.9459,0.80614,21.87893616713237,4.28433708899378
12087,2020,45.55789210685211,39.06543032936044,3.665237941114656,72.55443364156073,72.56842619745846,7.9459,0.80614,21.87893616713237,4.28433708899378
12087,2024,40.45524273596824,39.06543032936044,3.665237941114656,72.55443364156073,72.56842619745846,7.9459,0.80614,21.87893616713237,4.28433708899378
13281,2000,33.24438514565266,49.365795352401726,3.8992577825998165,41.807661402903086,93.5395242954706,5.9273,0.13035,16.6367552045944,3.7330796098864645
13281,2004,27.098730339207883,49.365795352401726,3.8992577825998165,41.807661402903086,93.5395242954706,5.9273,0.13035,16.6367552045944,3.7330796098864645
13281,2008,24.237672068304583,49.365795352401726,3.8992577825998165,41.807661402903086,93.5395242954706,5.9273,0.13035,16.6367552045944,3.7330796098864645
13281,2012,20.495894380937045,49.365795352401726,3.8992577825998165,41.807661402903086,93.5395242954706,5.9273,0.13035,16.6367552045944,3.7330796098864645
13281,2016,17.88882318154938,49.365795352401726,3.8992577825998165,41.807661402903086,93.5395242954706,5.9273,0.13035,16.6367552045944,3.7330796098864645
13281,2020,4.8564983080586535,49.365795352401726,3.8992577825998165,41.807661402903086,93.5395242954706,5.9273,0.13035,16.6367552045944,3.7330796098864645
13281,2024,18.65806743607151,49.365795352401726,3.8992577825998165,41.807661402903086,93.5395242954706,5.9273,0.13035,16.6367552045944,3.7330796098864645
15001,2000,56.37042862760519,20.017952456178087,2.996629493740459,126.03065282863093,31.13302959486263,7.1143,2.07615,17.97855251161377,4.836525153782275
15001,2004,60.857509271775676,20.017952456178087,2.996629493740459,126.03065282863093,31.13302959486263,7.1143,2.07615,17.97855251161377,4.836525153782275
15001,2008,75.94446769083628,20.017952456178087,2.996629493740459,126.03065282863093,31.13302959486263,7.1143,2.07615,17.97855251161377,4.836525153782275
15001,2012,74.422416238535,20.017952456178087,2.996629493740459,126.03065282863093,31.13302959486263,7.1143,2.07615,17.97855251161377,4.836525153782275
15001,2016,63.60553131792746,20.017952456178087,2.996629493740459,126.03065282863093,31.13302959486263,7.1143,2.07615,17.97855251161377,4.836525153782275
15001,2020,66.8811351265174,20.017952456178087,2.996629493740459,126.03065282863093,31.13302959486263,7.1143,2.07615,17.97855251161377,4.836525153782275
15001,2024,62.981297465679816,20.017952456178087,2.996629493740459,126.03065282863093,31.13302959486263,7.1143,2.07615,17.97855251161377,4.836525153782275
15009,2000,59.83489604565838,33.79202870629008,3.5202249375830235,0.7956350483901165,30.980611302784393,8.9794,1.64183,18.941074950690336,-0.2286146801946909
15009,2004,60.72738772928526,33.79202870629008,3.5202249375830235,0.7956350483901165,30.980611302784393,8.9794,1.64183,18.941074950690336,-0.2286146801946909
15009,2008,76.70933982119756,33.79202870629008,3.5202249375830235,0.7956350483901165,30.980611302784393,8.9794,1.64183,18.941074950690336,-0.2286146801946909
15009,2012,74.10026103220767,33.79202870629008,3.5202249375830235,0.7956350483901165,30.980611302784393,8.9794,1.64183,18.941074950690336,-0.2286146801946909
15009,2016,64.45278660121282,33.79202870629008,3.5202249375830235,0.7956350483901165,30.980611302784393,8.9794,1.64183,18.941074950690336,-0.2286146801946909
15009,2020,66.58549631214458,33.79202870629008,3.5202249375830235,0.7956350483901165,30.980611302784393,8.9794,1.64183,18.941074950690336,-0.2286146801946909
15009,2024,61.85903041673954,33.79202870629008,3.5202249375830235,0.7956350483901165,30.980611302784393,8.9794,1.64183,18.941074950690336,-0.2286146801946909
16043,2000,13.73820754716981,47.90000248891532,3.869115556377522,62.882328822828256,88.83293190278081,6.1115,0.14196,15.823880023072487,4.141265183421591
16043,2004,12.844513780551223,47.90000248891532,3.869115556377522,62.882328822828256,88.83293190278081,6.1115,0.14196,15.823880023072487,4.141265183421591
16043,2008,18.112244897959183,47.90000248891532,3.869115556377522,62.882328822828256,88.83293190278081,6.1115,0.14196,15.823880023072487,4.141265183421591
16043,2012,13.960703205791106,47.90000248891532,3.869115556377522,62.882328822828256,88.83293190278081,6.1115,0.14196,15.823880023072487,4.141265183421591
16043,2016,11.391076115485564,47.90000248891532,3.869115556377522,62.882328822828256,88.83293190278081,6.1115,0.14196,15.823880023072487,4.141265183421591
16043,2020,14.853400803691025,47.90000248891532,3.869115556377522,62.882328822828256,88.83293190278081,6.1115,0.14196,15.823880023072487,4.141265183421591
16043,2024,14.02322504777304,47.90000248891532,3.869115556377522,62.882328822828256,88.83293190278081,6.1115,0.14196,15.823880023072487,4.141265183421591
16065,2000,9.096989966555185,47.497491648533256,3.860676902246936,39.87706967273572,88.13318899548322,5.2224,0.54547,13.401601803790781,3.6858014637764924
16065,2004,7.0980493254275165,47.497491648533256,3.860676902246936,39.87706967273572,88.13318899548322,5.2224,0.54547,13.401601803790781,3.6858014637764924
16065,2008,12.460749023512292,47.497491648533256,3.860676902246936,39.87706967273572,88.13318899548322,5.2224,0.54547,13.401601803790781,3.6858014637764924
16065,2012,5.772966971967804,47.497491648533256,3.860676902246936,39.87706967273572,88.13318899548322,5.2224,0.54547,13.401601803790781,3.6858014637764924
16065,2016,7.655532891381949,47.497491648533256,3.860676902246936,39.87706967273572,88.13318899548322,5.2224,0.54547,13.401601803790781,3.6858014637764924
16065,2020,15.579710144927535,47.497491648533256,3.860676902246936,39.87706967273572,88.13318899548322,5.2224,0.54547,13.401601803790781,3.6858014637764924
16065,2024,15.936186142947648,47.497491648533256,3.860676902246936,39.87706967273572,88.13318899548322,5.2224,0.54547,13.401601803790781,3.6858014637764924
16081,2000,26.956196181205538,25.310402222630124,3.231215466277069,61.521757661968124,82.36509379390134,9.558,0.12549,31.587438158743815,4.119390895367413
16081,2004,38.3739837398374,25.310402222630124,3.231215466277069,61.521757661968124,82.36509379390134,9.558,0.12549,31.587438158743815,4.119390895367413
16081,2008,49.42035208243882,25.310402222630124,3.231215466277069,61.521757661968124,82.36509379390134,9.558,0.12549,31.587438158743815,4.119390895367413
16081,2012,42.58235684280345,25.310402222630124,3.231215466277069,61.521757661968124,82.36509379390134,9.558,0.12549,31.587438158743815,4.119390895367413
16081,2016,43.388263665594856,25.310402222630124,3.231215466277069,61.521757661968124,82.36509379390134,9.558,0.12549,31.587438158743815,4.119390895367413
16081,2020,52.276666141484164,25.310402222630124,3.231215466277069,61.521757661968124,82.36509379390134,9.558,0.12549,31.587438158743815,4.119390895367413
16081,2024,51.70200059719319,25.310402222630124,3.231215466277069,61.521757661968124,82.36509379390134,9.558,0.12549,31.587438158743815,4.119390895367413
17005,2000,43.515358361774744,44.18163189442092,3.7883091347118145,50.3989809919195,88.80134720635111,6.6071,0.1645,11.075158111486983,3.9199709564586325
17005,2004,43.80512959696024,44.18163189442092,3.7883091347118145,50.3989809919195,88.80134720635111,6.6071,0.1645,11.075158111486983,3.9199709564586325
17005,2008,48.49823321554771,44.18163189442092,3.7883091347118145,50.3989809919195,88.80134720635111,6.6071,0.1645,11.075158111486983,3.9199709564586325
17005,2012,41.16684841875682,44.18163189442092,3.7883091347118145,50.3989809919195,88.80134720635111,6.6071,0.1645,11.075158111486983,3.9199709564586325
17005,2016,27.46347941567065,44.18163189442092,3.7883091347118145,50.3989809919195,88.80134720635111,6.6071,0.1645,11.075158111486983,3.9199709564586325
17005,2020,28.09085328422345,44.18163189442092,3.7883091347118145,50.3989809919195,88.80134720635111,6.6071,0.1645,11.075158111486983,3.9199709564586325
17005,2024,26.49230384182205,44.18163189442092,3.7883091347118145,50.3989809919195,88.80134720635111,6.6071,0.1645,11.075158111486983,3.9199709564586325
17013,2000,50.34588777863183,45.75915694332544,3.8233919234605143,34.37808623685114,94.93871992737176,6.8525,0.04317,12.482188657737247,3.537419333392293
17013,2004,50.517368810051735,45.75915694332544,3.8233919234605143,34.37808623685114,94.93871992737176,6.8525,0.04317,12.482188657737247,3.537419333392293
17013,2008,52.72323082623194,45.75915694332544,3.8233919234605143,34.37808623685114,94.93871992737176,6.8525,0.04317,12.482188657737247,3.537419333392293
17013,2012,41.92546583850932,45.75915694332544,3.8233919234605143,34.37808623685114,94.93871992737176,6.8525,0.04317,12.482188657737247,3.537419333392293
17013,2016,28.743679502139248,45.75915694332544,3.8233919234605143,34.37808623685114,94.93871992737176,6.8525,0.04317,12.482188657737247,3.537419333392293
17013,2020,24.422799422799425,45.75915694332544,3.8233919234605143,34.37808623685114,94.93871992737176,6.8525,0.04317,12.482188657737247,3.537419333392293
17013,2024,20.8955223880597,45.75915694332544,3.8233919234605143,34.37808623685114,94.93871992737176,6.8525,0.04317,12.482188657737247,3.537419333392293
17027,2000,41.719063978738575,40.909837913231506,3.7113705699004957,50.74368542457122,91.35748936285536,7.9612,0.36785,16.78360349773615,3.926787185048846
17027,2004,39.67660965501138,40.909837913231506,3.7113705699004957,50.74368542457122,91.35748936285536,7.9612,0.36785,16.78360349773615,3.926787185048846
17027,2008,44.22432713411112,40.909837913231506,3.7113705699004957,50.74368542457122,91.35748936285536,7.9612,0.36785,16.78360349773615,3.926787185048846
17027,2012,34.01823708206687,40.909837913231506,3.7113705699004957,50.74368542457122,91.35748936285536,7.9612,0.36785,16.78360349773615,3.926787185048846
17027,2016,22.64768356392445,40.909837913231506,3.7113705699004957,50.74368542457122,91.35748936285536,7.9612,0.36785,16.78360349773615,3.926787185048846
17027,2020,23.437663015127804,40.909837913231506,3.7113705699004957,50.74368542457122,91.35748936285536,7.9612,0.36785,16.78360349773615,3.926787185048846
17027,2024,23.12532501300052,40.909837913231506,3.7113705699004957,50.74368542457122,91.35748936285536,7.9612,0.36785,16.78360349773615,3.926787185048846
17031,2000,68.62866155708724,33.32630102005459,3.5063469056644454,10.626309264560486,46.4474223130341,7.6614,50.87072,23.883080763523147,2.363332932118727
17031,2004,70.24983483244642,33.32630102005459,3.5063469056644454,10.626309264560486,46.4474223130341,7.6614,50.87072,23.883080763523147,2.363332932118727
17031,2008,76.21286139756141,33.32630102005459,3.5063469056644454,10.626309264560486,46.4474223130341,7.6614,50.87072,23.883080763523147,2.363332932118727
17031,2012,73.99777390799449,33.32630102005459,3.5063469056644454,10.626309264560486,46.4474223130341,7.6614,50.87072,23.883080763523147,2.363332932118727
17031,2016,74.67501152359267,33.32630102005459,3.5063469056644454,10.626309264560486,46.4474223130341,7.6614,50.87072,23.883080763523147,2.363332932118727
17031,2020,74.34776690447413,33.32630102005459,3.5063469056644454,10.626309264560486,46.4474223130341,7.6614,50.87072,23.883080763523147,2.363332932118727
17031,2024,69.63225487786637,33.32630102005459,3.5063469056644454,10.626309264560486,46.4474223130341,7.6614,50.87072,23.883080763523147,2.363332932118727
17083,2000,46.26580261340699,33.25315050543975,3.5041495146564725,24.20234728076223,95.33652043494563,7.2363,0.21091,13.114754098360656,3.1864496235317423
17083,2004,45.34872250172635,33.25315050543975,3.5041495146564725,24.20234728076223,95.33652043494563,7.2363,0.21091,13.114754098360656,3.1864496235317423
17083,2008,47.64244543135217,33.25315050543975,3.5041495146564725,24.20234728076223,95.33652043494563,7.2363,0.21091,13.114754098360656,3.1864496235317423
17083,2012,36.820965960437796,33.25315050543975,3.5041495146564725,24.20234728076223,95.33652043494563,7.2363,0.21091,13.114754098360656,3.1864496235317423
17083,2016,24.37448821763261,33.25315050543975,3.5041495146564725,24.20234728076223,95.33652043494563,7.2363,0.21091,13.114754098360656,3.1864496235317423
17083,2020,24.805227444081428,33.25315050543975,3.5041495146564725,24.20234728076223,95.33652043494563,7.2363,0.21091,13.114754098360656,3.1864496235317423
17083,2024,24.080725158200785,33.25315050543975,3.5041495146564725,24.20234728076223,95.33652043494563,7.2363,0.21091,13.114754098360656,3.1864496235317423
17117,2000,51.49843377437,46.245605729962094,3.8339664482005174,41.22723296806591,94.61248485392451,6.988,0.44018,13.209897514297039,3.7190990323654516
17117,2004,49.12442396313364,46.245605729962094,3.8339664482005174,41.22723296806591,94.61248485392451,6.988,0.44018,13.209897514297039,3.7190990323654516
17117,2008,54.03834979662987,46.245605729962094,3.8339664482005174,41.22723296806591,94.61248485392451,6.988,0.44018,13.209897514297039,3.7190990323654516
17117,2012,45.04521656354117,46.245605729962094,3.8339664482005174,41.22723296806591,94.61248485392451,6.988,0.44018,13.209897514297039,3.7190990323654516
17117,2016,29.915026833631487,46.245605729962094,3.8339664482005174,41.22723296806591,94.61248485392451,6.988,0.44018,13.209897514297039,3.7190990323654516
17117,2020,30.65939555407543,46.245605729962094,3.8339664482005174,41.22723296806591,94.61248485392451,6.988,0.44018,13.209897514297039,3.7190990323654516
17117,2024,29.421558164354323,46.245605729962094,3.8339664482005174,41.22723296806591,94.61248485392451,6.988,0.44018,13.209897514297039,3.7190990323654516
17119,2000,53.172703052995395,20.66501331115104,3.0284420921033885,24.892824096366745,84.00074065396723,6.7441,2.62752,18.612356547409785,3.214579573035327
17119,2004,51.261339931111436,20.66501331115104,3.0284420921033885,24.892824096366745,84.00074065396723,6.7441,2.62752,18.612356547409785,3.214579573035327
17119,2008,53.749590911216046,20.66501331115104,3.0284420921033885,24.892824096366745,84.00074065396723,6.7441,2.62752,18.612356547409785,3.214579573035327
17119,2012,48.110195716606924,20.66501331115104,3.0284420921033885,24.892824096366745,84.00074065396723,6.7441,2.62752,18.612356547409785,3.214579573035327
17119,2016,38.85957028399358,20.66501331115104,3.0284420921033885,24.892824096366745,84.00074065396723,6.7441,2.62752,18.612356547409785,3.214579573035327
17119,2020,42.1732694565368,20.66501331115104,3.0284420921033885,24.892824096366745,84.00074065396723,6.7441,2.62752,18.612356547409785,3.214579573035327
17119,2024,42.33873391848022,20.66501331115104,3.0284420921033885,24.892824096366745,84.00074065396723,6.7441,2.62752,18.612356547409785,3.214579573035327
17133,2000,42.019425920556685,23.824327065970607,3.170707204271303,32.851231085538025,96.12799908490376,10.0487,0.34957,22.90381791483113,3.491989220196085
17133,2004,41.46609651802077,23.824327065970607,3.170707204271303,32.851231085538025,96.12799908490376,10.0487,0.34957,22.90381791483113,3.491989220196085
17133,2008,43.98053420339546,23.824327065970607,3.170707204271303,32.851231085538025,96.12799908490376,10.0487,0.34957,22.90381791483113,3.491989220196085
17133,2012,35.652822395594306,23.824327065970607,3.170707204271303,32.851231085538025,96.12799908490376,10.0487,0.34957,22.90381791483113,3.491989220196085
17133,2016,28.59873927870208,23.824327065970607,3.170707204271303,32.851231085538025,96.12799908490376,10.0487,0.34957,22.90381791483113,3.491989220196085
17133,2020,31.062038963495365,23.824327065970607,3.170707204271303,32.851231085538025,96.12799908490376,10.0487,0.34957,22.90381791483113,3.491989220196085
17133,2024,30.968328389627786,23.824327065970607,3.170707204271303,32.851231085538025,96.12799908490376,10.0487,0.34957,22.90381791483113,3.491989220196085
17157,2000,47.55372016518513,43.784695008880554,3.7792843272968626,39.852101041363106,86.91858536261695,6.2575,0.29815,9.352607898683553,3.6851751275945093
17157,2004,45.27280021396095,43.784695008880554,3.7792843272968626,39.852101041363106,86.91858536261695,6.2575,0.29815,9.352607898683553,3.6851751275945093
17157,2008,48.644915142744374,43.784695008880554,3.7792843272968626,39.852101041363106,86.91858536261695,6.2575,0.29815,9.352607898683553,3.6851751275945093
17157,2012,40.015286270150085,43.784695008880554,3.7792843272968626,39.852101041363106,86.91858536261695,6.2575,0.29815,9.352607898683553,3.6851751275945093
17157,2016,24.228547273495842,43.784695008880554,3.7792843272968626,39.852101041363106,86.91858536261695,6.2575,0.29815,9.352607898683553,3.6851751275945093
17157,2020,24.121952857430664,43.784695008880554,3.7792843272968626,39.852101041363106,86.91858536261695,6.2575,0.29815,9.352607898683553,3.6851751275945093
17157,2024,24.147073187748553,43.784695008880554,3.7792843272968626,39.852101041363106,86.91858536261695,6.2575,0.29815,9.352607898683553,3.6851751275945093
17163,2000,55.74193419859951,17.1859615300041,2.8440928604388636,29.12204321831826,61.15544181774651,6.7185,2.51018,16.76285495011512,3.37149538633123
17163,2004,55.137866753836505,17.1859615300041,2.8440928604388636,29.12204321831826,61.15544181774651,6.7185,2.51018,16.76285495011512,3.37149538633123
17163,2008,60.567502226746406,17.1859615300041,2.8440928604388636,29.12204321831826,61.15544181774651,6.7185,2.51018,16.76285495011512,3.37149538633123
17163,2012,56.3214638474545,17.1859615300041,2.8440928604388636,29.12204321831826,61.15544181774651,6.7185,2.51018,16.76285495011512,3.37149538633123
17163,2016,50.38646541715044,17.1859615300041,2.8440928604388636,29.12204321831826,61.15544181774651,6.7185,2.51018,16.76285495011512,3.37149538633123
17163,2020,53.34098414408507,17.1859615300041,2.8440928604388636,29.12204321831826,61.15544181774651,6.7185,2.51018,16.76285495011512,3.37149538633123
17163,2024,52.877577899668225,17.1859615300041,2.8440928604388636,29.12204321831826,61.15544181774651,6.7185,2.51018,16.76285495011512,3.37149538633123
17189,2000,36.95713084897731,45.52013082379406,3.8181546637988766,42.41968911356684,95.5854407250402,7.1958,0.13536,15.356151711378354,3.7476126203394506
17189,2004,36.84600197433367,45.52013082379406,3.8181546637988766,42.41968911356684,95.5854407250402,7.1958,0.13536,15.356151711378354,3.7476126203394506
17189,2008,42.13313161875946,45.52013082379406,3.8181546637988766,42.41968911356684,95.5854407250402,7.1958,0.13536,15.356151711378354,3.7476126203394506
17189,2012,33.08575286968264,45.52013082379406,3.8181546637988766,42.41968911356684,95.5854407250402,7.1958,0.13536,15.356151711378354,3.7476126203394506
17189,2016,19.496431937525248,45.52013082379406,3.8181546637988766,42.41968911356684,95.5854407250402,7.1958,0.13536,15.356151711378354,3.7476126203394506
17189,2020,20.76689445709947,45.52013082379406,3.8181546637988766,42.41968911356684,95.5854407250402,7.1958,0.13536,15.356151711378354,3.7476126203394506
17189,2024,20.682359164242264,45.52013082379406,3.8181546637988766,42.41968911356684,95.5854407250402,7.1958,0.13536,15.356151711378354,3.7476126203394506
17197,2000,47.426305629467315,47.47031118305624,3.860104487904206,22.082207357304632,65.0321426014747,9.7076,7.00728,21.571268449359042,3.094772187304558
17197,2004,46.924016574069945,47.47031118305624,3.860104487904206,22.082207357304632,65.0321426014747,9.7076,7.00728,21.571268449359042,3.094772187304558
17197,2008,56.003770686404586,47.47031118305624,3.860104487904206,22.082207357304632,65.0321426014747,9.7076,7.00728,21.571268449359042,3.094772187304558
17197,2012,51.995587392343545,47.47031118305624,3.860104487904206,22.082207357304632,65.0321426014747,9.7076,7.00728,21.571268449359042,3.094772187304558
17197,2016,50.49018956211948,47.47031118305624,3.860104487904206,22.082207357304632,65.0321426014747,9.7076,7.00728,21.571268449359042,3.094772187304558
17197,2020,53.29247620289477,47.47031118305624,3.860104487904206,22.082207357304632,65.0321426014747,9.7076,7.00728,21.571268449359042,3.094772187304558
17197,2024,49.71673117544352,47.47031118305624,3.860104487904206,22.082207357304632,65.0321426014747,9.7076,7.00728,21.571268449359042,3.094772187304558
18073,2000,33.527357392316645,42.597575120223496,3.7517973295947216,36.467088466790564,88.89993373094765,7.5738,0.33535,11.844789704959197,3.59641016798388
18073,2004,31.053698074974672,42.597575120223496,3.7517973295947216,36.467088466790564,88.89993373094765,7.5738,0.33535,11.844789704959197,3.59641016798388
18073,2008,39.17669902912622,42.597575120223496,3.7517973295947216,36.467088466790564,88.89993373094765,7.5738,0.33535,11.844789704959197,3.59641016798388
18073,2012,36.22828784119106,42.597575120223496,3.7517973295947216,36.467088466790564,88.89993373094765,7.5738,0.33535,11.844789704959197,3.59641016798388
18073,2016,24.884138137240246,42.597575120223496,3.7517973295947216,36.467088466790564,88.89993373094765,7.5738,0.33535,11.844789704959197,3.59641016798388
18073,2020,24.54281098546042,42.597575120223496,3.7517973295947216,36.467088466790564,88.89993373094765,7.5738,0.33535,11.844789704959197,3.59641016798388
18073,2024,22.04600025274864,42.597575120223496,3.7517973295947216,36.467088466790564,88.89993373094765,7.5738,0.33535,11.844789704959197,3.59641016798388
18089,2000,61.978249258497456,18.479321492933472,2.9166523497891452,33.18754342116551,57.226196917773905,6.6169,5.00598,15.852670003190092,3.5021746073603377
18089,2004,61.02636925466168,18.479321492933472,2.9166523497891452,33.18754342116551,57.226196917773905,6.6169,5.00598,15.852670003190092,3.5021746073603377
18089,2008,66.7287803522756,18.479321492933472,2.9166523497891452,33.18754342116551,57.226196917773905,6.6169,5.00598,15.852670003190092,3.5021746073603377
18089,2012,64.87822044231207,18.479321492933472,2.9166523497891452,33.18754342116551,57.226196917773905,6.6169,5.00598,15.852670003190092,3.5021746073603377
18089,2016,58.11734300837455,18.479321492933472,2.9166523497891452,33.18754342116551,57.226196917773905,6.6169,5.00598,15.852670003190092,3.5021746073603377
18089,2020,56.77044499809053,18.479321492933472,2.9166523497891452,33.18754342116551,57.226196917773905,6.6169,5.00598,15.852670003190092,3.5021746073603377
18089,2024,52.05701714618398,18.479321492933472,2.9166523497891452,33.18754342116551,57.226196917773905,6.6169,5.00598,15.852670003190092,3.5021746073603377
18091,2000,49.65406194178177,19.23456808519033,2.956709081322065,0.014927363138174865,79.21812717917621,6.6336,1.11706,13.868414487560385,-4.204559298020939
18091,2004,49.556400506970846,19.23456808519033,2.956709081322065,0.014927363138174865,79.21812717917621,6.6336,1.11706,13.868414487560385,-4.204559298020939
18091,2008,60.22720006820265,19.23456808519033,2.956709081322065,0.014927363138174865,79.21812717917621,6.6336,1.11706,13.868414487560385,-4.204559298020939
18091,2012,55.188754836198804,19.23456808519033,2.956709081322065,0.014927363138174865,79.21812717917621,6.6336,1.11706,13.868414487560385,-4.204559298020939
18091,2016,43.79797801030905,19.23456808519033,2.956709081322065,0.014927363138174865,79.21812717917621,6.6336,1.11706,13.868414487560385,-4.204559298020939
18091,2020,45.40613864593456,19.23456808519033,2.956709081322065,0.014927363138174865,79.21812717917621,6.6336,1.11706,13.868414487560385,-4.204559298020939
18091,2024,42.073055327739574,19.23456808519033,2.956709081322065,0.014927363138174865,79.21812717917621,6.6336,1.11706,13.868414487560385,-4.204559298020939
18099,2000,34.309597523219814,48.12945610199104,3.873894382648445,28.192694555130576,90.10924824229313,7.0938,0.46352,12.365977751588145,3.3390628860539597
18099,2004,31.39665431682946,48.12945610199104,3.873894382648445,28.192694555130576,90.10924824229313,7.0938,0.46352,12.365977751588145,3.3390628860539597
18099,2008,42.528301886792455,48.12945610199104,3.873894382648445,28.192694555130576,90.10924824229313,7.0938,0.46352,12.365977751588145,3.3390628860539597
18099,2012,34.54545454545455,48.12945610199104,3.873894382648445,28.192694555130576,90.10924824229313,7.0938,0.46352,12.365977751588145,3.3390628860539597
18099,2016,26.53467536776905,48.12945610199104,3.873894382648445,28.192694555130576,90.10924824229313,7.0938,0.46352,12.365977751588145,3.3390628860539597
18099,2020,28.664625884478344,48.12945610199104,3.873894382648445,28.192694555130576,90.10924824229313,7.0938,0.46352,12.365977751588145,3.3390628860539597
18099,2024,27.38381307837824,48.12945610199104,3.873894382648445,28.192694555130576,90.10924824229313,7.0938,0.46352,12.365977751588145,3.3390628860539597
18111,2000,38.13067150635209,49.814740072719,3.908310925631535,27.16780566630278,89.15506169276283,6.6837,0.1396,9.319323892188214,3.3020326570667953
18111,2004,34.74692202462381,49.814740072719,3.908310925631535,27.16780566630278,89.15506169276283,6.6837,0.1396,9.319323892188214,3.3020326570667953
18111,2008,43.424317617866,49.814740072719,3.908310925631535,27.16780566630278,89.15506169276283,6.6837,0.1396,9.319323892188214,3.3020326570667953
18111,2012,39.12274495932083,49.814740072719,3.908310925631535,27.16780566630278,89.15506169276283,6.6837,0.1396,9.319323892188214,3.3020326570667953
18111,2016,24.22778257118205,49.814740072719,3.908310925631535,27.16780566630278,89.15506169276283,6.6837,0.1396,9.319323892188214,3.3020326570667953
18111,2020,22.894856622667273,49.814740072719,3.908310925631535,27.16780566630278,89.15506169276283,6.6837,0.1396,9.319323892188214,3.3020326570667953
18111,2024,20.75443114679594,49.814740072719,3.908310925631535,27.16780566630278,89.15506169276283,6.6837,0.1396,9.319323892188214,3.3020326570667953
18127,2000,45.117720367813,9.008218065980012,2.1981372791394063,17.318107154646434,85.14039621016364,8.4352,1.75335,18.041565633996793,2.851752610478833
18127,2004,45.300818522343654,9.008218065980012,2.1981372791394063,17.318107154646434,85.14039621016364,8.4352,1.75335,18.041565633996793,2.851752610478833
18127,2008,53.003409275393686,9.008218065980012,2.1981372791394063,17.318107154646434,85.14039621016364,8.4352,1.75335,18.041565633996793,2.851752610478833
18127,2012,51.00288886759129,9.008218065980012,2.1981372791394063,17.318107154646434,85.14039621016364,8.4352,1.75335,18.041565633996793,2.851752610478833
18127,2016,43.62741287731571,9.008218065980012,2.1981372791394063,17.318107154646434,85.14039621016364,8.4352,1.75335,18.041565633996793,2.851752610478833
18127,2020,45.94435261071103,9.008218065980012,2.1981372791394063,17.318107154646434,85.14039621016364,8.4352,1.75335,18.041565633996793,2.851752610478833
18127,2024,43.795972648848405,9.008218065980012,2.1981372791394063,17.318107154646434,85.14039621016364,8.4352,1.75335,18.041565633996793,2.851752610478833
18131,2000,34.777093149691915,46.00374739560667,3.8287228582928763,35.19350191412005,92.2675026123302,6.0487,0.12385,8.5646720131606,3.5608614608500053
18131,2004,31.17206982543641,46.00374739560667,3.8287228582928763,35.19350191412005,92.2675026123302,6.0487,0.12385,8.5646720131606,3.5608614608500053
18131,2008,41.34808853118712,46.00374739560667,3.8287228582928763,35.19350191412005,92.2675026123302,6.0487,0.12385,8.5646720131606,3.5608614608500053
18131,2012,35.17318021855899,46.00374739560667,3.8287228582928763,35.19350191412005,92.2675026123302,6.0487,0.12385,8.5646720131606,3.5608614608500053
18131,2016,24.308481406851072,46.00374739560667,3.8287228582928763,35.19350191412005,92.2675026123302,6.0487,0.12385,8.5646720131606,3.5608614608500053
18131,2020,25.198070961074748,46.00374739560667,3.8287228582928763,35.19350191412005,92.2675026123302,6.0487,0.12385,8.5646720131606,3.5608614608500053
18131,2024,22.210654173173694,46.00374739560667,3.8287228582928763,35.19350191412005,92.2675026123302,6.0487,0.12385,8.5646720131606,3.5608614608500053
18141,2000,48.93920430063402,41.58005427890175,3.727620587837907,13.546686240080003,72.13967583115044,6.1028,2.72848,18.50889657581107,2.6061419594888684
18141,2004,48.46021414301365,41.58005427890175,3.727620587837907,13.546686240080003,72.13967583115044,6.1028,2.72848,18.50889657581107,2.6061419594888684
18141,2008,58.03748659081502,41.58005427890175,3.727620587837907,13.546686240080003,72.13967583115044,6.1028,2.72848,18.50889657581107,2.6061419594888684
18141,2012,51.00086717733776,41.58005427890175,3.727620587837907,13.546686240080003,72.13967583115044,6.1028,2.72848,18.50889657581107,2.6061419594888684
18141,2016,47.47592222424132,41.58005427890175,3.727620587837907,13.546686240080003,72.13967583115044,6.1028,2.72848,18.50889657581107,2.6061419594888684
18141,2020,51.97591072389316,41.58005427890175,3.727620587837907,13.546686240080003,72.13967583115044,6.1028,2.72848,18.50889657581107,2.6061419594888684
18141,2024,49.82269023578138,41.58005427890175,3.727620587837907,13.546686240080003,72.13967583115044,6.1028,2.72848,18.50889657581107,2.6061419594888684
18149,2000,47.53476611883691,33.78289610568487,3.5199546420351937,19.177727519143744,94.08583690987125,5.8523,0.23206,8.34213892442022,2.9537495806393017
18149,2004,44.6122860020141,33.78289610568487,3.5199546420351937,19.177727519143744,94.08583690987125,5.8523,0.23206,8.34213892442022,2.9537495806393017
18149,2008,50.47538559053455,33.78289610568487,3.5199546420351937,19.177727519143744,94.08583690987125,5.8523,0.23206,8.34213892442022,2.9537495806393017
18149,2012,43.51153758281928,33.78289610568487,3.5199546420351937,19.177727519143744,94.08583690987125,5.8523,0.23206,8.34213892442022,2.9537495806393017
18149,2016,26.978105354433126,33.78289610568487,3.5199546420351937,19.177727519143744,94.08583690987125,5.8523,0.23206,8.34213892442022,2.9537495806393017
18149,2020,25.75315840621963,33.78289610568487,3.5199546420351937,19.177727519143744,94.08583690987125,5.8523,0.23206,8.34213892442022,2.9537495806393017
18149,2024,23.24871158618057,33.78289610568487,3.5199546420351937,19.177727519143744,94.08583690987125,5.8523,0.23206,8.34213892442022,2.9537495806393017
21001,2000,24.27674672489083,47.102604081002035,3.85232828783802,57.6300770707175,91.32309633992428,4.4153,0.19264,9.82605841811618,4.054044602784441
21001,2004,23.687390895662684,47.102604081002035,3.85232828783802,57.6300770707175,91.32309633992428,4.4153,0.19264,9.82605841811618,4.054044602784441
21001,2008,22.855576870375447,47.102604081002035,3.85232828783802,57.6300770707175,91.32309633992428,4.4153,0.19264,9.82605841811618,4.054044602784441
21001,2012,21.842105263157897,47.102604081002035,3.85232828783802,57.6300770707175,91.32309633992428,4.4153,0.19264,9.82605841811618,4.054044602784441
21001,2016,16.06947649702417,47.102604081002035,3.85232828783802,57.6300770707175,91.32309633992428,4.4153,0.19264,9.82605841811618,4.054044602784441
21001,2020,15.884970900376583,47.102604081002035,3.85232828783802,57.6300770707175,91.32309633992428,4.4153,0.19264,9.82605841811618,4.054044602784441
21001,2024,14.007131713839982,47.102604081002035,3.85232828783802,57.6300770707175,91.32309633992428,4.4153,0.19264,9.82605841811618,4.054044602784441
21003,2000,30.331311245916936,31.47306151876168,3.4491319900675252,23.059349423118135,95.36830091778022,6.1655,0.21788,9.602076124567475,3.1380713020889965
21003,2004,26.846293452464053,31.47306151876168,3.4491319900675252,23.059349423118135,95.36830091778022,6.1655,0.21788,9.602076124567475,3.1380713020889965
21003,2008,27.388362652232743,31.47306151876168,3.4491319900675252,23.059349423118135,95.36830091778022,6.1655,0.21788,9.602076124567475,3.1380713020889965
21003,2012,25.464788732394368,31.47306151876168,3.4491319900675252,23.059349423118135,95.36830091778022,6.1655,0.21788,9.602076124567475,3.1380713020889965
21003,2016,16.662549407114625,31.47306151876168,3.4491319900675252,23.059349423118135,95.36830091778022,6.1655,0.21788,9.602076124567475,3.1380713020889965
21003,2020,17.53711417280786,31.47306151876168,3.4491319900675252,23.059349423118135,95.36830091778022,6.1655,0.21788,9.602076124567475,3.1380713020889965
21003,2024,15.980038224676152,31.47306151876168,3.4491319900675252,23.059349423118135,95.36830091778022,6.1655,0.21788,9.602076124567475,3.1380713020889965
21009,2000,35.61109505923143,19.54658077230927,2.9728003745781177,26.523542357221203,88.81352137900157,5.0658,0.45008,10.361127422196125,3.2780327294451332
21009,2004,32.31722428748451,19.54658077230927,2.9728003745781177,26.523542357221203,88.81352137900157,5.0658,0.45008,10.361127422196125,3.2780327294451332
21009,2008,32.33176652585232,19.54658077230927,2.9728003745781177,26.523542357221203,88.81352137900157,5.0658,0.45008,10.361127422196125,3.2780327294451332
21009,2012,32.592950265572185,19.54658077230927,2.9728003745781177,26.523542357221203,88.81352137900157,5.0658,0.45008,10.361127422196125,3.2780327294451332
21009,2016,23.12310688013847,19.54658077230927,2.9728003745781177,26.523542357221203,88.81352137900157,5.0658,0.45008,10.361127422196125,3.2780327294451332
21009,2020,25.56469708302169,19.54658077230927,2.9728003745781177,26.523542357221203,88.81352137900157,5.0658,0.45008,10.361127422196125,3.2780327294451332
21009,2024,23.05322694677305,19.54658077230927,2.9728003745781177,26.523542357221203,88.81352137900157,5.0658,0.45008,10.361127422196125,3.2780327294451332
21027,2000,34.818194015832546,42.51508256788468,3.7498588969241844,24.93842839382818,94.41173631888815,5.24,0.21124,8.933017928286853,3.216409922782297
21027,2004,33.84976525821596,42.51508256788468,3.7498588969241844,24.93842839382818,94.41173631888815,5.24,0.21124,8.933017928286853,3.216409922782297
21027,2008,36.49378080262849,42.51508256788468,3.7498588969241844,24.93842839382818,94.41173631888815,5.24,0.21124,8.933017928286853,3.216409922782297
21027,2012,35.449868239427786,42.51508256788468,3.7498588969241844,24.93842839382818,94.41173631888815,5.24,0.21124,8.933017928286853,3.216409922782297
21027,2016,22.338728060177797,42.51508256788468,3.7498588969241844,24.93842839382818,94.41173631888815,5.24,0.21124,8.933017928286853,3.216409922782297
21027,2020,23.04599391978033,42.51508256788468,3.7498588969241844,24.93842839382818,94.41173631888815,5.24,0.21124,8.933017928286853,3.216409922782297
21027,2024,20.28264331210191,42.51508256788468,3.7498588969241844,24.93842839382818,94.41173631888815,5.24,0.21124,8.933017928286853,3.216409922782297
21031,2000,25.92814371257485,30.370690477992312,3.413478014327438,18.98304185514865,93.98690697486462,5.0824,0.12375,4.958938723941882,2.943546046681318
21031,2004,25.743994263176766,30.370690477992312,3.413478014327438,18.98304185514865,93.98690697486462,5.0824,0.12375,4.958938723941882,2.943546046681318
21031,2008,29.300923308837383,30.370690477992312,3.413478014327438,18.98304185514865,93.98690697486462,5.0824,0.12375,4.958938723941882,2.943546046681318
21031,2012,25.55335968379447,30.370690477992312,3.413478014327438,18.98304185514865,93.98690697486462,5.0824,0.12375,4.958938723941882,2.943546046681318
21031,2016,16.983500717360116,30.370690477992312,3.413478014327438,18.98304185514865,93.98690697486462,5.0824,0.12375,4.958938723941882,2.943546046681318
21031,2020,17.624959163672003,30.370690477992312,3.413478014327438,18.98304185514865,93.98690697486462,5.0824,0.12375,4.958938723941882,2.943546046681318
21031,2024,16.23759044253744,30.370690477992312,3.413478014327438,18.98304185514865,93.98690697486462,5.0824,0.12375,4.958938723941882,2.943546046681318
21057,2000,24.484364604125084,49.684221032902926,3.905687398446364,58.646172627268044,93.10692669804976,4.8864,0.06,8.683473389355742,4.071522315123007
21057,2004,26.180920037048473,49.684221032902926,3.905687398446364,58.646172627268044,93.10692669804976,4.8864,0.06,8.683473389355742,4.071522315123007
21057,2008,24.91955666785842,49.684221032902926,3.905687398446364,58.646172627268044,93.10692669804976,4.8864,0.06,8.683473389355742,4.071522315123007
21057,2012,20.98808689558514,49.684221032902926,3.905687398446364,58.646172627268044,93.10692669804976,4.8864,0.06,8.683473389355742,4.071522315123007
21057,2016,14.9706457925636,49.684221032902926,3.905687398446364,58.646172627268044,93.10692669804976,4.8864,0.06,8.683473389355742,4.071522315123007
21057,2020,15.35207011181626,49.684221032902926,3.905687398446364,58.646172627268044,93.10692669804976,4.8864,0.06,8.683473389355742,4.071522315123007
21057,2024,14.032539221382917,49.684221032902926,3.905687398446364,58.646172627268044,93.10692669804976,4.8864,0.06,8.683473389355742,4.071522315123007
21061,2000,34.234234234234236,6.00085014767692,1.7919011504702804,15.074071119904113,94.91954586294209,5.1402,0.12448,5.226586102719033,2.71297612346137
21061,2004,33.86243386243386,6.00085014767692,1.7919011504702804,15.074071119904113,94.91954586294209,5.1402,0.12448,5.226586102719033,2.71297612346137
21061,2008,31.347248576850095,6.00085014767692,1.7919011504702804,15.074071119904113,94.91954586294209,5.1402,0.12448,5.226586102719033,2.71297612346137
21061,2012,29.43444730077121,6.00085014767692,1.7919011504702804,15.074071119904113,94.91954586294209,5.1402,0.12448,5.226586102719033,2.71297612346137
21061,2016,18.66895499618612,6.00085014767692,1.7919011504702804,15.074071119904113,94.91954586294209,5.1402,0.12448,5.226586102719033,2.71297612346137
21061,2020,20.013048442342196,6.00085014767692,1.7919011504702804,15.074071119904113,94.91954586294209,5.1402,0.12448,5.226586102719033,2.71297612346137
21061,2024,17.896590363374422,6.00085014767692,1.7919011504702804,15.074071119904113,94.91954586294209,5.1402,0.12448,5.226586102719033,2.71297612346137
21085,2000,30.42767001635896,21.225879784582585,3.0552211817309507,28.02615242106745,95.82863161062212,5.213,0.26825,7.4012023258105835,3.333138089292698
21085,2004,28.640441683919942,21.225879784582585,3.0552211817309507,28.02615242106745,95.82863161062212,5.213,0.26825,7.4012023258105835,3.333138089292698
21085,2008,31.848934666262746,21.225879784582585,3.0552211817309507,28.02615242106745,95.82863161062212,5.213,0.26825,7.4012023258105835,3.333138089292698
21085,2012,29.597670154244415,21.225879784582585,3.0552211817309507,28.02615242106745,95.82863161062212,5.213,0.26825,7.4012023258105835,3.333138089292698
21085,2016,18.52307110438729,21.225879784582585,3.0552211817309507,28.02615242106745,95.82863161062212,5.213,0.26825,7.4012023258105835,3.333138089292698
21085,2020,20.02837352916632,21.225879784582585,3.0552211817309507,28.02615242106745,95.82863161062212,5.213,0.26825,7.4012023258105835,3.333138089292698
21085,2024,18.478710210830922,21.225879784582585,3.0552211817309507,28.02615242106745,95.82863161062212,5.213,0.26825,7.4012023258105835,3.333138089292698
21087,2000,22.813288477712362,32.01368416510386,3.4661634415515037,39.81888645515762,95.88579535378614,4.6169,0.11468,8.243606998654105,3.6843413337839026
21087,2004,25.20169035728006,32.01368416510386,3.4661634415515037,39.81888645515762,95.88579535378614,4.6169,0.11468,8.243606998654105,3.6843413337839026
21087,2008,23.705453829493994,32.01368416510386,3.4661634415515037,39.81888645515762,95.88579535378614,4.6169,0.11468,8.243606998654105,3.6843413337839026
21087,2012,23.990939044481056,32.01368416510386,3.4661634415515037,39.81888645515762,95.88579535378614,4.6169,0.11468,8.243606998654105,3.6843413337839026
21087,2016,15.600975060941307,32.01368416510386,3.4661634415515037,39.81888645515762,95.88579535378614,4.6169,0.11468,8.243606998654105,3.6843413337839026
21087,2020,15.82931865106676,32.01368416510386,3.4661634415515037,39.81888645515762,95.88579535378614,4.6169,0.11468,8.243606998654105,3.6843413337839026
21087,2024,13.35154515963804,32.01368416510386,3.4661634415515037,39.81888645515762,95.88579535378614,4.6169,0.11468,8.243606998654105,3.6843413337839026
21093,2000,36.15184099055067,35.5077866043711,3.569752013397857,2.8153120178109186,76.67246886552059,6.192,1.12273,14.146452051688959,1.0350730965898745
21093,2004,31.577069784034467,35.5077866043711,3.569752013397857,2.8153120178109186,76.67246886552059,6.192,1.12273,14.146452051688959,1.0350730965898745
21093,2008,39.13478369592398,35.5077866043711,3.569752013397857,2.8153120178109186,76.67246886552059,6.192,1.12273,14.146452051688959,1.0350730965898745
21093,2012,38.79341118873986,35.5077866043711,3.569752013397857,2.8153120178109186,76.67246886552059,6.192,1.12273,14.146452051688959,1.0350730965898745
21093,2016,32.31068681064046,35.5077866043711,3.569752013397857,2.8153120178109186,76.67246886552059,6.192,1.12273,14.146452051688959,1.0350730965898745
21093,2020,36.98534970678981,35.5077866043711,3.569752013397857,2.8153120178109186,76.67246886552059,6.192,1.12273,14.146452051688959,1.0350730965898745
21093,2024,34.466120377688114,35.5077866043711,3.569752013397857,2.8153120178109186,76.67246886552059,6.192,1.12273,14.146452051688959,1.0350730965898745
21099,2000,36.56753613557069,15.099354588918114,2.7146520004516397,30.61866147145146,91.34052388289676,4.7229,0.19724,5.688073394495413,3.4216096750823874
21099,2004,36.409198113207545,15.099354588918114,2.7146520004516397,30.61866147145146,91.34052388289676,4.7229,0.19724,5.688073394495413,3.4216096750823874
21099,2008,33.5875623349956,15.099354588918114,2.7146520004516397,30.61866147145146,91.34052388289676,4.7229,0.19724,5.688073394495413,3.4216096750823874
21099,2012,34.47598912715192,15.099354588918114,2.7146520004516397,30.61866147145146,91.34052388289676,4.7229,0.19724,5.688073394495413,3.4216096750823874
21099,2016,23.816079295154186,15.099354588918114,2.7146520004516397,30.61866147145146,91.34052388289676,4.7229,0.19724,5.688073394495413,3.4216096750823874
21099,2020,22.798422750627314,15.099354588918114,2.7146520004516397,30.61866147145146,91.34052388289676,4.7229,0.19724,5.688073394495413,3.4216096750823874
21099,2024,19.526697585919848,15.099354588918114,2.7146520004516397,30.61866147145146,91.34052388289676,4.7229,0.19724,5.688073394495413,3.4216096750823874
21123,2000,33.346205831241555,33.70650551989427,3.517690860861442,19.969217636773983,91.30290125099813,5.3939,0.15303,7.278045423262217,2.9941919697335972
21123,2004,30.546246648793566,33.70650551989427,3.517690860861442,19.969217636773983,91.30290125099813,5.3939,0.15303,7.278045423262217,2.9941919697335972
21123,2008,30.964713499514406,33.70650551989427,3.517690860861442,19.969217636773983,91.30290125099813,5.3939,0.15303,7.278045423262217,2.9941919697335972
21123,2012,30.06592643997224,33.70650551989427,3.517690860861442,19.969217636773983,91.30290125099813,5.3939,0.15303,7.278045423262217,2.9941919697335972
21123,2016,20.072247526307525,33.70650551989427,3.517690860861442,19.969217636773983,91.30290125099813,5.3939,0.15303,7.278045423262217,2.9941919697335972
21123,2020,20.599917819476783,33.70650551989427,3.517690860861442,19.969217636773983,91.30290125099813,5.3939,0.15303,7.278045423262217,2.9941919697335972
21123,2024,19.13486706157873,33.70650551989427,3.517690860861442,19.969217636773983,91.30290125099813,5.3939,0.15303,7.278045423262217,2.9941919697335972
21141,2000,41.630947278182596,47.91674992735463,3.869465128622198,28.979354125826617,89.42699505968051,5.6823,0.28283,10.15854932118105,3.3665836497506882
21141,2004,35.400225479143174,47.91674992735463,3.869465128622198,28.979354125826617,89.42699505968051,5.6823,0.28283,10.15854932118105,3.3665836497506882
21141,2008,34.99540863177227,47.91674992735463,3.869465128622198,28.979354125826617,89.42699505968051,5.6823,0.28283,10.15854932118105,3.3665836497506882
21141,2012,33.00666032350143,47.91674992735463,3.869465128622198,28.979354125826617,89.42699505968051,5.6823,0.28283,10.15854932118105,3.3665836497506882
21141,2016,25.277548398935686,47.91674992735463,3.869465128622198,28.979354125826617,89.42699505968051,5.6823,0.28283,10.15854932118105,3.3665836497506882
21141,2020,25.060748420541067,47.91674992735463,3.869465128622198,28.979354125826617,89.42699505968051,5.6823,0.28283,10.15854932118105,3.3665836497506882
21141,2024,21.85276956278475,47.91674992735463,3.869465128622198,28.979354125826617,89.42699505968051,5.6823,0.28283,10.15854932118105,3.3665836497506882
21169,2000,34.242660431280854,31.060662553852787,3.435942148911342,42.96596333492123,94.10913999228693,4.4973,0.10482,6.747536012130402,3.7604082519015005
21169,2004,35.41015155159971,31.060662553852787,3.435942148911342,42.96596333492123,94.10913999228693,4.4973,0.10482,6.747536012130402,3.7604082519015005
21169,2008,32.15051202667302,31.060662553852787,3.435942148911342,42.96596333492123,94.10913999228693,4.4973,0.10482,6.747536012130402,3.7604082519015005
21169,2012,34.058317399617586,31.060662553852787,3.435942148911342,42.96596333492123,94.10913999228693,4.4973,0.10482,6.747536012130402,3.7604082519015005
21169,2016,21.125541125541126,31.060662553852787,3.435942148911342,42.96596333492123,94.10913999228693,4.4973,0.10482,6.747536012130402,3.7604082519015005
21169,2020,19.453312051077415,31.060662553852787,3.435942148911342,42.96596333492123,94.10913999228693,4.4973,0.10482,6.747536012130402,3.7604082519015005
21169,2024,17.242051882192317,31.060662553852787,3.435942148911342,42.96596333492123,94.10913999228693,4.4973,0.10482,6.747536012130402,3.7604082519015005
21171,2000,20.793679296103427,40.63882249753568,3.704723828872512,44.0610015007425,93.55893267361725,4.5872,0.11306,6.089669516986365,3.785575071500398
21171,2004,19.818586342632212,40.63882249753568,3.704723828872512,44.0610015007425,93.55893267361725,4.5872,0.11306,6.089669516986365,3.785575071500398
21171,2008,22.872454448017148,40.63882249753568,3.704723828872512,44.0610015007425,93.55893267361725,4.5872,0.11306,6.089669516986365,3.785575071500398
21171,2012,19.721871049304678,40.63882249753568,3.704723828872512,44.0610015007425,93.55893267361725,4.5872,0.11306,6.089669516986365,3.785575071500398
21171,2016,12.04167501502705,40.63882249753568,3.704723828872512,44.0610015007425,93.55893267361725,4.5872,0.11306,6.089669516986365,3.785575071500398
21171,2020,12.326454033771107,40.63882249753568,3.704723828872512,44.0610015007425,93.55893267361725,4.5872,0.11306,6.089669516986365,3.785575071500398
21171,2024,10.851544837980406,40.63882249753568,3.704723828872512,44.0610015007425,93.55893267361725,4.5872,0.11306,6.089669516986365,3.785575071500398
21183,2000,37.18757036703445,43.61529314932767,3.7754078491586545,19.391500263424465,92.68899763752954,5.0275,0.23626,7.585096340718529,2.964834839310645
21183,2004,36.168727562824095,43.61529314932767,3.7754078491586545,19.391500263424465,92.68899763752954,5.0275,0.23626,7.585096340718529,2.964834839310645
21183,2008,40.84322801368484,43.61529314932767,3.7754078491586545,19.391500263424465,92.68899763752954,5.0275,0.23626,7.585096340718529,2.964834839310645
21183,2012,30.966203607713044,43.61529314932767,3.7754078491586545,19.391500263424465,92.68899763752954,5.0275,0.23626,7.585096340718529,2.964834839310645
21183,2016,20.003846893633394,43.61529314932767,3.7754078491586545,19.391500263424465,92.68899763752954,5.0275,0.23626,7.585096340718529,2.964834839310645
21183,2020,21.605104700278602,43.61529314932767,3.7754078491586545,19.391500263424465,92.68899763752954,5.0275,0.23626,7.585096340718529,2.964834839310645
21183,2024,19.14601810368474,43.61529314932767,3.7754078491586545,19.391500263424465,92.68899763752954,5.0275,0.23626,7.585096340718529,2.964834839310645
21213,2000,44.35096153846153,40.76330900262476,3.707782387655685,22.796214134380506,84.4940867279895,5.855,0.20195,9.257301440465177,3.1265944754354122
21213,2004,38.76189123952861,40.76330900262476,3.707782387655685,22.796214134380506,84.4940867279895,5.855,0.20195,9.257301440465177,3.1265944754354122
21213,2008,37.96689013544945,40.76330900262476,3.707782387655685,22.796214134380506,84.4940867279895,5.855,0.20195,9.257301440465177,3.1265944754354122
21213,2012,37.36077823205978,40.76330900262476,3.707782387655685,22.796214134380506,84.4940867279895,5.855,0.20195,9.257301440465177,3.1265944754354122
21213,2016,28.46899482140486,40.76330900262476,3.707782387655685,22.796214134380506,84.4940867279895,5.855,0.20195,9.257301440465177,3.1265944754354122
21213,2020,30.70316078790655,40.76330900262476,3.707782387655685,22.796214134380506,84.4940867279895,5.855,0.20195,9.257301440465177,3.1265944754354122
21213,2024,27.381494986326345,40.76330900262476,3.707782387655685,22.796214134380506,84.4940867279895,5.855,0.20195,9.257301440465177,3.1265944754354122
21217,2000,30.82532316871064,45.594054933818875,3.81977733376252,43.42706620252368,90.01335622972715,5.2414,0.26443,12.687969924812032,3.7710828919399333
21217,2004,28.936376881981545,45.594054933818875,3.81977733376252,43.42706620252368,90.01335622972715,5.2414,0.26443,12.687969924812032,3.7710828919399333
21217,2008,29.14364640883978,45.594054933818875,3.81977733376252,43.42706620252368,90.01335622972715,5.2414,0.26443,12.687969924812032,3.7710828919399333
21217,2012,30,45.594054933818875,3.81977733376252,43.42706620252368,90.01335622972715,5.2414,0.26443,12.687969924812032,3.7710828919399333
21217,2016,22.580930479391473,45.594054933818875,3.81977733376252,43.42706620252368,90.01335622972715,5.2414,0.26443,12.687969924812032,3.7710828919399333
21217,2020,23.66906474820144,45.594054933818875,3.81977733376252,43.42706620252368,90.01335622972715,5.2414,0.26443,12.687969924812032,3.7710828919399333
21217,2024,21.009705570508117,45.594054933818875,3.81977733376252,43.42706620252368,90.01335622972715,5.2414,0.26443,12.687969924812032,3.7710828919399333
21227,2000,36.93707354056103,21.881085202152647,3.085622574228445,3.2658373885702856,77.66759482075479,6.0651,1.42229,18.934399756825044,1.1835162041386
21227,2004,36.075646546296994,21.881085202152647,3.085622574228445,3.2658373885702856,77.66759482075479,6.0651,1.42229,18.934399756825044,1.1835162041386
21227,2008,40.024917884245106,21.881085202152647,3.085622574228445,3.2658373885702856,77.66759482075479,6.0651,1.42229,18.934399756825044,1.1835162041386
21227,2012,38.27756645331754,21.881085202152647,3.085622574228445,3.2658373885702856,77.66759482075479,6.0651,1.42229,18.934399756825044,1.1835162041386
21227,2016,35.01465307301771,21.881085202152647,3.085622574228445,3.2658373885702856,77.66759482075479,6.0651,1.42229,18.934399756825044,1.1835162041386
21227,2020,40.60811909450597,21.881085202152647,3.085622574228445,3.2658373885702856,77.66759482075479,6.0651,1.42229,18.934399756825044,1.1835162041386
21227,2024,37.02694626566592,21.881085202152647,3.085622574228445,3.2658373885702856,77.66759482075479,6.0651,1.42229,18.934399756825044,1.1835162041386
23009,2000,45.436410723034925,18.227947843862946,2.9029560120777567,60.305771730438934,93.91626845446116,6.3879,0.56526,23.514719381764618,4.099427816075269
23009,2004,54.478175977829565,18.227947843862946,2.9029560120777567,60.305771730438934,93.91626845446116,6.3879,0.56526,23.514719381764618,4.099427816075269
23009,2008,58.74397637183274,18.227947843862946,2.9029560120777567,60.305771730438934,93.91626845446116,6.3879,0.56526,23.514719381764618,4.099427816075269
23009,2012,57.044059872073774,18.227947843862946,2.9029560120777567,60.305771730438934,93.91626845446116,6.3879,0.56526,23.514719381764618,4.099427816075269
23009,2016,50.16184251478369,18.227947843862946,2.9029560120777567,60.305771730438934,93.91626845446116,6.3879,0.56526,23.514719381764618,4.099427816075269
23009,2020,54.29140038120865,18.227947843862946,2.9029560120777567,60.305771730438934,93.91626845446116,6.3879,0.56526,23.514719381764618,4.099427816075269
23009,2024,54.663062367252365,18.227947843862946,2.9029560120777567,60.305771730438934,93.91626845446116,6.3879,0.56526,23.514719381764618,4.099427816075269
23013,2000,46.109945856299696,40.20643945715513,3.6940271682980192,58.81743113046672,94.65736661771903,6.5615,0.40977,23.47664433887102,4.074438258769669
23013,2004,53.27181208053692,40.20643945715513,3.6940271682980192,58.81743113046672,94.65736661771903,6.5615,0.40977,23.47664433887102,4.074438258769669
23013,2008,59.73890339425587,40.20643945715513,3.6940271682980192,58.81743113046672,94.65736661771903,6.5615,0.40977,23.47664433887102,4.074438258769669
23013,2012,59.92205555807314,40.20643945715513,3.6940271682980192,58.81743113046672,94.65736661771903,6.5615,0.40977,23.47664433887102,4.074438258769669
23013,2016,53.75642631874541,40.20643945715513,3.6940271682980192,58.81743113046672,94.65736661771903,6.5615,0.40977,23.47664433887102,4.074438258769669
23013,2020,58.043945912722805,40.20643945715513,3.6940271682980192,58.81743113046672,94.65736661771903,6.5615,0.40977,23.47664433887102,4.074438258769669
23013,2024,58.22423048700421,40.20643945715513,3.6940271682980192,58.81743113046672,94.65736661771903,6.5615,0.40977,23.47664433887102,4.074438258769669
23027,2000,44.29407461594733,41.308987710921826,3.7210800964103363,57.62611236478624,93.87091936209569,6.3619,0.4062,19.10728985639806,4.053975804640893
23027,2004,51.78694632261626,41.308987710921826,3.7210800964103363,57.62611236478624,93.87091936209569,6.3619,0.4062,19.10728985639806,4.053975804640893
23027,2008,54.768878718535476,41.308987710921826,3.7210800964103363,57.62611236478624,93.87091936209569,6.3619,0.4062,19.10728985639806,4.053975804640893
23027,2012,53.6346802146147,41.308987710921826,3.7210800964103363,57.62611236478624,93.87091936209569,6.3619,0.4062,19.10728985639806,4.053975804640893
23027,2016,45.97701149425287,41.308987710921826,3.7210800964103363,57.62611236478624,93.87091936209569,6.3619,0.4062,19.10728985639806,4.053975804640893
23027,2020,50.2523813400635,41.308987710921826,3.7210800964103363,57.62611236478624,93.87091936209569,6.3619,0.4062,19.10728985639806,4.053975804640893
23027,2024,50.38201352964584,41.308987710921826,3.7210800964103363,57.62611236478624,93.87091936209569,6.3619,0.4062,19.10728985639806,4.053975804640893
26021,2000,43.150779417850735,32.682463911621994,3.4868386622422074,0.004314874311427546,75.00831100768524,6.179,1.52261,17.163236125428124,-5.445687083161238
26021,2004,43.987625718150284,32.682463911621994,3.4868386622422074,0.004314874311427546,75.00831100768524,6.179,1.52261,17.163236125428124,-5.445687083161238
26021,2008,51.993150155795334,32.682463911621994,3.4868386622422074,0.004314874311427546,75.00831100768524,6.179,1.52261,17.163236125428124,-5.445687083161238
26021,2012,46.160530780584025,32.682463911621994,3.4868386622422074,0.004314874311427546,75.00831100768524,6.179,1.52261,17.163236125428124,-5.445687083161238
26021,2016,40.94764754064222,32.682463911621994,3.4868386622422074,0.004314874311427546,75.00831100768524,6.179,1.52261,17.163236125428124,-5.445687083161238
26021,2020,45.439429063854064,32.682463911621994,3.4868386622422074,0.004314874311427546,75.00831100768524,6.179,1.52261,17.163236125428124,-5.445687083161238
26021,2024,45.35910425149133,32.682463911621994,3.4868386622422074,0.004314874311427546,75.00831100768524,6.179,1.52261,17.163236125428124,-5.445687083161238
26083,2000,40.20848845867461,33.711631712933084,3.5178429324925817,194.854540014825,95.9639126305793,5.7103,0.02172,24.74916387959866,5.2722533315637
26083,2004,43.780403057678946,33.711631712933084,3.5178429324925817,194.854540014825,95.9639126305793,5.7103,0.02172,24.74916387959866,5.2722533315637
26083,2008,43.262411347517734,33.711631712933084,3.5178429324925817,194.854540014825,95.9639126305793,5.7103,0.02172,24.74916387959866,5.2722533315637
26083,2012,41.810344827586206,33.711631712933084,3.5178429324925817,194.854540014825,95.9639126305793,5.7103,0.02172,24.74916387959866,5.2722533315637
26083,2016,36.750348675034864,33.711631712933084,3.5178429324925817,194.854540014825,95.9639126305793,5.7103,0.02172,24.74916387959866,5.2722533315637
26083,2020,43.15992292870906,33.711631712933084,3.5178429324925817,194.854540014825,95.9639126305793,5.7103,0.02172,24.74916387959866,5.2722533315637
26083,2024,42.83054003724395,33.711631712933084,3.5178429324925817,194.854540014825,95.9639126305793,5.7103,0.02172,24.74916387959866,5.2722533315637
27071,2000,42.200901293792704,46.35372403502883,3.8363016347396153,91.00772849549143,90.23430962343096,6.3035,0.11751,13.711728206693113,4.510944431432511
27071,2004,50.10261321658229,46.35372403502883,3.8363016347396153,91.00772849549143,90.23430962343096,6.3035,0.11751,13.711728206693113,4.510944431432511
27071,2008,53.64598647456631,46.35372403502883,3.8363016347396153,91.00772849549143,90.23430962343096,6.3035,0.11751,13.711728206693113,4.510944431432511
27071,2012,53.4375967791886,46.35372403502883,3.8363016347396153,91.00772849549143,90.23430962343096,6.3035,0.11751,13.711728206693113,4.510944431432511
27071,2016,36.24076693383624,46.35372403502883,3.8363016347396153,91.00772849549143,90.23430962343096,6.3035,0.11751,13.711728206693113,4.510944431432511
27071,2020,38.413753250505636,46.35372403502883,3.8363016347396153,91.00772849549143,90.23430962343096,6.3035,0.11751,13.711728206693113,4.510944431432511
27071,2024,36.30873471792606,46.35372403502883,3.8363016347396153,91.00772849549143,90.23430962343096,6.3035,0.11751,13.711728206693113,4.510944431432511
29099,2000,50.01813377545204,31.748016125157598,3.457830239139474,34.37989262354501,90.00644095571514,7.8297,2.3123,15.425776395753301,3.5374718767254225
29099,2004,49.383470578143765,31.748016125157598,3.457830239139474,34.37989262354501,90.00644095571514,7.8297,2.3123,15.425776395753301,3.5374718767254225
29099,2008,50.58181336562476,31.748016125157598,3.457830239139474,34.37989262354501,90.00644095571514,7.8297,2.3123,15.425776395753301,3.5374718767254225
29099,2012,42.58126645562488,31.748016125157598,3.457830239139474,34.37989262354501,90.00644095571514,7.8297,2.3123,15.425776395753301,3.5374718767254225
29099,2016,29.714414804495565,31.748016125157598,3.457830239139474,34.37989262354501,90.00644095571514,7.8297,2.3123,15.425776395753301,3.5374718767254225
29099,2020,32.15669134786781,31.748016125157598,3.457830239139474,34.37989262354501,90.00644095571514,7.8297,2.3123,15.425776395753301,3.5374718767254225
29099,2024,30.981276296159717,31.748016125157598,3.457830239139474,34.37989262354501,90.00644095571514,7.8297,2.3123,15.425776395753301,3.5374718767254225
29183,2000,41.8118521051241,28.77761039603663,3.359597667992464,17.79177440105836,85.04575067711002,9.8925,4.16659,25.514088425738567,2.8787362381911525
29183,2004,40.89290957134469,28.77761039603663,3.359597667992464,17.79177440105836,85.04575067711002,9.8925,4.16659,25.514088425738567,2.8787362381911525
29183,2008,44.65254682303518,28.77761039603663,3.359597667992464,17.79177440105836,85.04575067711002,9.8925,4.16659,25.514088425738567,2.8787362381911525
29183,2012,38.68705907695622,28.77761039603663,3.359597667992464,17.79177440105836,85.04575067711002,9.8925,4.16659,25.514088425738567,2.8787362381911525
29183,2016,34.14143926767991,28.77761039603663,3.359597667992464,17.79177440105836,85.04575067711002,9.8925,4.16659,25.514088425738567,2.8787362381911525
29183,2020,40.32574082164879,28.77761039603663,3.359597667992464,17.79177440105836,85.04575067711002,9.8925,4.16659,25.514088425738567,2.8787362381911525
29183,2024,40.77801261020666,28.77761039603663,3.359597667992464,17.79177440105836,85.04575067711002,9.8925,4.16659,25.514088425738567,2.8787362381911525
29189,2000,51.47653239786069,14.249287586217845,2.6567069115152955,8.288922884513395,62.96715491793245,7.9609,9.87059,25.932072146126956,2.1149200312138863
29189,2004,54.381813058604045,14.249287586217845,2.6567069115152955,8.288922884513395,62.96715491793245,7.9609,9.87059,25.932072146126956,2.1149200312138863
29189,2008,59.501762959628756,14.249287586217845,2.6567069115152955,8.288922884513395,62.96715491793245,7.9609,9.87059,25.932072146126956,2.1149200312138863
29189,2012,56.19642276176713,14.249287586217845,2.6567069115152955,8.288922884513395,62.96715491793245,7.9609,9.87059,25.932072146126956,2.1149200312138863
29189,2016,55.6860338190336,14.249287586217845,2.6567069115152955,8.288922884513395,62.96715491793245,7.9609,9.87059,25.932072146126956,2.1149200312138863
29189,2020,61.17130149166925,14.249287586217845,2.6567069115152955,8.288922884513395,62.96715491793245,7.9609,9.87059,25.932072146126956,2.1149200312138863
29189,2024,60.794091554646755,14.249287586217845,2.6567069115152955,8.288922884513395,62.96715491793245,7.9609,9.87059,25.932072146126956,2.1149200312138863
29510,2000,77.39915993330769,3.5924785891501645,1.2788423790785897,8.873968067730361,45.711663579078085,5.2278,2.81754,22.012568077084207,2.1831220545425762
29510,2004,80.2921777126343,3.5924785891501645,1.2788423790785897,8.873968067730361,45.711663579078085,5.2278,2.81754,22.012568077084207,2.1831220545425762
29510,2008,83.6753578667741,3.5924785891501645,1.2788423790785897,8.873968067730361,45.711663579078085,5.2278,2.81754,22.012568077084207,2.1831220545425762
29510,2012,82.71184552285055,3.5924785891501645,1.2788423790785897,8.873968067730361,45.711663579078085,5.2278,2.81754,22.012568077084207,2.1831220545425762
29510,2016,79.4528588089122,3.5924785891501645,1.2788423790785897,8.873968067730361,45.711663579078085,5.2278,2.81754,22.012568077084207,2.1831220545425762
29510,2020,82.23759402989535,3.5924785891501645,1.2788423790785897,8.873968067730361,45.711663579078085,5.2278,2.81754,22.012568077084207,2.1831220545425762
29510,2024,81.23951802255075,3.5924785891501645,1.2788423790785897,8.873968067730361,45.711663579078085,5.2278,2.81754,22.012568077084207,2.1831220545425762
30029,2000,24.613611513342594,29.27758596310622,3.376822239078977,87.37360239562472,91.41869150260501,6.6395,1.13679,22.78663020931548,4.470193204953939
30029,2004,29.95759863488288,29.27758596310622,3.376822239078977,87.37360239562472,91.41869150260501,6.6395,1.13679,22.78663020931548,4.470193204953939
30029,2008,36.89191660570593,29.27758596310622,3.376822239078977,87.37360239562472,91.41869150260501,6.6395,1.13679,22.78663020931548,4.470193204953939
30029,2012,31.953261569601622,29.27758596310622,3.376822239078977,87.37360239562472,91.41869150260501,6.6395,1.13679,22.78663020931548,4.470193204953939
30029,2016,28.54351420411844,29.27758596310622,3.376822239078977,87.37360239562472,91.41869150260501,6.6395,1.13679,22.78663020931548,4.470193204953939
30029,2020,33.82608115323011,29.27758596310622,3.376822239078977,87.37360239562472,91.41869150260501,6.6395,1.13679,22.78663020931548,4.470193204953939
30029,2024,31.773835920177383,29.27758596310622,3.376822239078977,87.37360239562472,91.41869150260501,6.6395,1.13679,22.78663020931548,4.470193204953939
30035,2000,53.612997090203685,36.6865396711185,3.6024099213307217,122.83935616956249,30.474732006125578,4.627,0.13609,9.276745875272388,4.810877454347249
30035,2004,57.89127575624726,36.6865396711185,3.6024099213307217,122.83935616956249,30.474732006125578,4.627,0.13609,9.276745875272388,4.810877454347249
30035,2008,68.85938442969221,36.6865396711185,3.6024099213307217,122.83935616956249,30.474732006125578,4.627,0.13609,9.276745875272388,4.810877454347249
30035,2012,65.67834681042228,36.6865396711185,3.6024099213307217,122.83935616956249,30.474732006125578,4.627,0.13609,9.276745875272388,4.810877454347249
30035,2016,61.497536945812804,36.6865396711185,3.6024099213307217,122.83935616956249,30.474732006125578,4.627,0.13609,9.276745875272388,4.810877454347249
30035,2020,64.26918283781377,36.6865396711185,3.6024099213307217,122.83935616956249,30.474732006125578,4.627,0.13609,9.276745875272388,4.810877454347249
30035,2024,57.758960220559274,36.6865396711185,3.6024099213307217,122.83935616956249,30.474732006125578,4.627,0.13609,9.276745875272388,4.810877454347249
30109,2000,23.35907335907336,41.230469004719986,3.7191775219808134,154.81204989098745,93.6411149825784,5.6317,0.0091,19.854721549636803,5.0422117997991664
30109,2004,25.71428571428571,41.230469004719986,3.7191775219808134,154.81204989098745,93.6411149825784,5.6317,0.0091,19.854721549636803,5.0422117997991664
30109,2008,25.932504440497333,41.230469004719986,3.7191775219808134,154.81204989098745,93.6411149825784,5.6317,0.0091,19.854721549636803,5.0422117997991664
30109,2012,18.014705882352942,41.230469004719986,3.7191775219808134,154.81204989098745,93.6411149825784,5.6317,0.0091,19.854721549636803,5.0422117997991664
30109,2016,10.166358595194085,41.230469004719986,3.7191775219808134,154.81204989098745,93.6411149825784,5.6317,0.0091,19.854721549636803,5.0422117997991664
30109,2020,12.876254180602006,41.230469004719986,3.7191775219808134,154.81204989098745,93.6411149825784,5.6317,0.0091,19.854721549636803,5.0422117997991664
30109,2024,13.003663003663005,41.230469004719986,3.7191775219808134,154.81204989098745,93.6411149825784,5.6317,0.0091,19.854721549636803,5.0422117997991664
32033,2000,30.172170476996897,48.7790758174845,3.8873014466772706,122.20662815029664,77.46160794941282,6.7639,0.08522,10.294117647058822,4.805713285449009
32033,2004,28.458705944239878,48.7790758174845,3.8873014466772706,122.20662815029664,77.46160794941282,6.7639,0.08522,10.294117647058822,4.805713285449009
32033,2008,32.014575741801146,48.7790758174845,3.8873014466772706,122.20662815029664,77.46160794941282,6.7639,0.08522,10.294117647058822,4.805713285449009
32033,2012,26.53887688984881,48.7790758174845,3.8873014466772706,122.20662815029664,77.46160794941282,6.7639,0.08522,10.294117647058822,4.805713285449009
32033,2016,18.738404452690165,48.7790758174845,3.8873014466772706,122.20662815029664,77.46160794941282,6.7639,0.08522,10.294117647058822,4.805713285449009
32033,2020,19.61952784781114,48.7790758174845,3.8873014466772706,122.20662815029664,77.46160794941282,6.7639,0.08522,10.294117647058822,4.805713285449009
32033,2024,20.294185244771317,48.7790758174845,3.8873014466772706,122.20662815029664,77.46160794941282,6.7639,0.08522,10.294117647058822,4.805713285449009
35013,2000,51.25501039590166,41.56022235787661,3.727143516502484,0.060655580629780506,48.8728486680351,5.2011,2.2521,16.479880142036404,-2.8025436341436176
35013,2004,51.26210458360232,41.56022235787661,3.727143516502484,0.060655580629780506,48.8728486680351,5.2011,2.2521,16.479880142036404,-2.8025436341436176
35013,2008,58.143764434180135,41.56022235787661,3.727143516502484,0.060655580629780506,48.8728486680351,5.2011,2.2521,16.479880142036404,-2.8025436341436176
35013,2012,55.912861508814714,41.56022235787661,3.727143516502484,0.060655580629780506,48.8728486680351,5.2011,2.2521,16.479880142036404,-2.8025436341436176
35013,2016,53.71277318536972,41.56022235787661,3.727143516502484,0.060655580629780506,48.8728486680351,5.2011,2.2521,16.479880142036404,-2.8025436341436176
35013,2020,58.030517539719995,41.56022235787661,3.727143516502484,0.060655580629780506,48.8728486680351,5.2011,2.2521,16.479880142036404,-2.8025436341436176
35013,2024,17.92866314626826,41.56022235787661,3.727143516502484,0.060655580629780506,48.8728486680351,5.2011,2.2521,16.479880142036404,-2.8025436341436176
35015,2000,39.9617698318997,26.897587709016776,3.292036606341909,97.85716495604689,64.86402460974571,6.5063,0.60275,12.081249723414613,4.583508915035103
35015,2004,33.941785890478535,26.897587709016776,3.292036606341909,97.85716495604689,64.86402460974571,6.5063,0.60275,12.081249723414613,4.583508915035103
35015,2008,36.58488030657443,26.897587709016776,3.292036606341909,97.85716495604689,64.86402460974571,6.5063,0.60275,12.081249723414613,4.583508915035103
35015,2012,31.875032435518193,26.897587709016776,3.292036606341909,97.85716495604689,64.86402460974571,6.5063,0.60275,12.081249723414613,4.583508915035103
35015,2016,25.591091676412265,26.897587709016776,3.292036606341909,97.85716495604689,64.86402460974571,6.5063,0.60275,12.081249723414613,4.583508915035103
35015,2020,23.357161312548445,26.897587709016776,3.292036606341909,97.85716495604689,64.86402460974571,6.5063,0.60275,12.081249723414613,4.583508915035103
35015,2024,7.185902379116328,26.897587709016776,3.292036606341909,97.85716495604689,64.86402460974571,6.5063,0.60275,12.081249723414613,4.583508915035103
35035,2000,33.72624043446063,36.13441317052172,3.587245684683931,66.28773998976928,60.02344837693266,5.2787,0.68835,12.796868530994768,4.194004962894474
35035,2004,30.98150645347717,36.13441317052172,3.587245684683931,66.28773998976928,60.02344837693266,5.2787,0.68835,12.796868530994768,4.194004962894474
35035,2008,39.55710741523477,36.13441317052172,3.587245684683931,66.28773998976928,60.02344837693266,5.2787,0.68835,12.796868530994768,4.194004962894474
35035,2012,34.124525284829105,36.13441317052172,3.587245684683931,66.28773998976928,60.02344837693266,5.2787,0.68835,12.796868530994768,4.194004962894474
35035,2016,30.528414755732804,36.13441317052172,3.587245684683931,66.28773998976928,60.02344837693266,5.2787,0.68835,12.796868530994768,4.194004962894474
35035,2020,35.997624199227864,36.13441317052172,3.587245684683931,66.28773998976928,60.02344837693266,5.2787,0.68835,12.796868530994768,4.194004962894474
35035,2024,11.825823342979193,36.13441317052172,3.587245684683931,66.28773998976928,60.02344837693266,5.2787,0.68835,12.796868530994768,4.194004962894474
37039,2000,33.48149679553442,45.462476035265496,3.8168872831810576,34.11532694335841,91.21827585025859,5.1607,0.29959,15.531880153481916,3.5297467537875917
37039,2004,32.45825520135727,45.462476035265496,3.8168872831810576,34.11532694335841,91.21827585025859,5.1607,0.29959,15.531880153481916,3.5297467537875917
37039,2008,30.07309709200699,45.462476035265496,3.8168872831810576,34.11532694335841,91.21827585025859,5.1607,0.29959,15.531880153481916,3.5297467537875917
37039,2012,26.253205875495457,45.462476035265496,3.8168872831810576,34.11532694335841,91.21827585025859,5.1607,0.29959,15.531880153481916,3.5297467537875917
37039,2016,20.16783019533178,45.462476035265496,3.8168872831810576,34.11532694335841,91.21827585025859,5.1607,0.29959,15.531880153481916,3.5297467537875917
37039,2020,5.4542410034707425,45.462476035265496,3.8168872831810576,34.11532694335841,91.21827585025859,5.1607,0.29959,15.531880153481916,3.5297467537875917
37039,2024,5.169995511669659,45.462476035265496,3.8168872831810576,34.11532694335841,91.21827585025859,5.1607,0.29959,15.531880153481916,3.5297467537875917
37043,2000,35.33229491173417,40.32249842903261,3.696909586849131,51.39399680541346,93.10859450443333,5.7698,0.11864,19.70030388766635,3.939521371971209
37043,2004,33.456637895602135,40.32249842903261,3.696909586849131,51.39399680541346,93.10859450443333,5.7698,0.11864,19.70030388766635,3.939521371971209
37043,2008,31.2826988995129,40.32249842903261,3.696909586849131,51.39399680541346,93.10859450443333,5.7698,0.11864,19.70030388766635,3.939521371971209
37043,2012,27.986529599432824,40.32249842903261,3.696909586849131,51.39399680541346,93.10859450443333,5.7698,0.11864,19.70030388766635,3.939521371971209
37043,2016,22.745424292845257,40.32249842903261,3.696909586849131,51.39399680541346,93.10859450443333,5.7698,0.11864,19.70030388766635,3.939521371971209
37043,2020,6.162048454954301,40.32249842903261,3.696909586849131,51.39399680541346,93.10859450443333,5.7698,0.11864,19.70030388766635,3.939521371971209
37043,2024,6.143245341614907,40.32249842903261,3.696909586849131,51.39399680541346,93.10859450443333,5.7698,0.11864,19.70030388766635,3.939521371971209
37075,2000,29.931567985718537,25.533742162190805,3.2400007995243043,49.600038424525906,85.2381544584007,5.0301,0.08052,9.935995123437976,3.903991608418604
37075,2004,31.903686982693756,25.533742162190805,3.2400007995243043,49.600038424525906,85.2381544584007,5.0301,0.08052,9.935995123437976,3.903991608418604
37075,2008,30.328458403260612,25.533742162190805,3.2400007995243043,49.600038424525906,85.2381544584007,5.0301,0.08052,9.935995123437976,3.903991608418604
37075,2012,28.350646060298963,25.533742162190805,3.2400007995243043,49.600038424525906,85.2381544584007,5.0301,0.08052,9.935995123437976,3.903991608418604
37075,2016,18.426103646833013,25.533742162190805,3.2400007995243043,49.600038424525906,85.2381544584007,5.0301,0.08052,9.935995123437976,3.903991608418604
37075,2020,4.84994640943194,25.533742162190805,3.2400007995243043,49.600038424525906,85.2381544584007,5.0301,0.08052,9.935995123437976,3.903991608418604
37075,2024,4.388993513287299,25.533742162190805,3.2400007995243043,49.600038424525906,85.2381544584007,5.0301,0.08052,9.935995123437976,3.903991608418604
37087,2000,43.96803304449333,29.59016868729418,3.3874421672168955,17.143329924742268,91.86474884674526,6.2374,0.62969,17.500048735793516,2.8416091722897394
37087,2004,43.33256208545426,29.59016868729418,3.3874421672168955,17.143329924742268,91.86474884674526,6.2374,0.62969,17.500048735793516,2.8416091722897394
37087,2008,45.35575586988278,29.59016868729418,3.3874421672168955,17.143329924742268,91.86474884674526,6.2374,0.62969,17.500048735793516,2.8416091722897394
37087,2012,42.29999285050404,29.59016868729418,3.3874421672168955,17.143329924742268,91.86474884674526,6.2374,0.62969,17.500048735793516,2.8416091722897394
37087,2016,34.08403033163016,29.59016868729418,3.3874421672168955,17.143329924742268,91.86474884674526,6.2374,0.62969,17.500048735793516,2.8416091722897394
37087,2020,8.992392315691532,29.59016868729418,3.3874421672168955,17.143329924742268,91.86474884674526,6.2374,0.62969,17.500048735793516,2.8416091722897394
37087,2024,9.18932128609548,29.59016868729418,3.3874421672168955,17.143329924742268,91.86474884674526,6.2374,0.62969,17.500048735793516,2.8416091722897394
37099,2000,47.20732612820724,29.677582696156453,3.3903919694350217,33.9822325925223,79.486643923043,5.8491,0.44574,15.681140851739409,3.5258378172202822
37099,2004,47.53068999576689,29.677582696156453,3.3903919694350217,33.9822325925223,79.486643923043,5.8491,0.44574,15.681140851739409,3.5258378172202822
37099,2008,51.974386339381006,29.677582696156453,3.3903919694350217,33.9822325925223,79.486643923043,5.8491,0.44574,15.681140851739409,3.5258378172202822
37099,2012,48.47015148793486,29.677582696156453,3.3903919694350217,33.9822325925223,79.486643923043,5.8491,0.44574,15.681140851739409,3.5258378172202822
37099,2016,41.21733554213648,29.677582696156453,3.3903919694350217,33.9822325925223,79.486643923043,5.8491,0.44574,15.681140851739409,3.5258378172202822
37099,2020,11.189798394623857,29.677582696156453,3.3903919694350217,33.9822325925223,79.486643923043,5.8491,0.44574,15.681140851739409,3.5258378172202822
37099,2024,11.104274906571872,29.677582696156453,3.3903919694350217,33.9822325925223,79.486643923043,5.8491,0.44574,15.681140851739409,3.5258378172202822
37113,2000,35.38612664349403,31.500653192654987,3.450008281891355,52.46295882490886,88.64465936642422,5.3832,0.38412,15.109246976199767,3.9601073743905166
37113,2004,36.534877529286476,31.500653192654987,3.450008281891355,52.46295882490886,88.64465936642422,5.3832,0.38412,15.109246976199767,3.9601073743905166
37113,2008,38.4035270913099,31.500653192654987,3.450008281891355,52.46295882490886,88.64465936642422,5.3832,0.38412,15.109246976199767,3.9601073743905166
37113,2012,33.876994247079054,31.500653192654987,3.450008281891355,52.46295882490886,88.64465936642422,5.3832,0.38412,15.109246976199767,3.9601073743905166
37113,2016,27.495206947107253,31.500653192654987,3.450008281891355,52.46295882490886,88.64465936642422,5.3832,0.38412,15.109246976199767,3.9601073743905166
37113,2020,7.508557103601215,31.500653192654987,3.450008281891355,52.46295882490886,88.64465936642422,5.3832,0.38412,15.109246976199767,3.9601073743905166
37113,2024,7.608051427008297,31.500653192654987,3.450008281891355,52.46295882490886,88.64465936642422,5.3832,0.38412,15.109246976199767,3.9601073743905166
37115,2000,42.1021021021021,48.568770312824036,3.882980738203593,17.835377143643402,92.0286506469501,5.4137,0.22071,19.741118457917743,2.881183964852675
37115,2004,44.742682024727884,48.568770312824036,3.882980738203593,17.835377143643402,92.0286506469501,5.4137,0.22071,19.741118457917743,2.881183964852675
37115,2008,48.424703728682914,48.568770312824036,3.882980738203593,17.835377143643402,92.0286506469501,5.4137,0.22071,19.741118457917743,2.881183964852675
37115,2012,44.33896964303372,48.568770312824036,3.882980738203593,17.835377143643402,92.0286506469501,5.4137,0.22071,19.741118457917743,2.881183964852675
37115,2016,34.838938681338185,48.568770312824036,3.882980738203593,17.835377143643402,92.0286506469501,5.4137,0.22071,19.741118457917743,2.881183964852675
37115,2020,9.370220250841236,48.568770312824036,3.882980738203593,17.835377143643402,92.0286506469501,5.4137,0.22071,19.741118457917743,2.881183964852675
37115,2024,9.342192203215623,48.568770312824036,3.882980738203593,17.835377143643402,92.0286506469501,5.4137,0.22071,19.741118457917743,2.881183964852675
37173,2000,47.98627002288329,7.988180831224381,2.077963053157174,43.716899469162556,61.15179523640242,5.5462,0.13916,11.098951208390332,3.777734742887839
37173,2004,47.957969865186364,7.988180831224381,2.077963053157174,43.716899469162556,61.15179523640242,5.5462,0.13916,11.098951208390332,3.777734742887839
37173,2008,48.39599862021387,7.988180831224381,2.077963053157174,43.716899469162556,61.15179523640242,5.5462,0.13916,11.098951208390332,3.777734742887839
37173,2012,45.70530726256983,7.988180831224381,2.077963053157174,43.716899469162556,61.15179523640242,5.5462,0.13916,11.098951208390332,3.777734742887839
37173,2016,35.85891574134553,7.988180831224381,2.077963053157174,43.716899469162556,61.15179523640242,5.5462,0.13916,11.098951208390332,3.777734742887839
37173,2020,9.83305036785512,7.988180831224381,2.077963053157174,43.716899469162556,61.15179523640242,5.5462,0.13916,11.098951208390332,3.777734742887839
37173,2024,9.369682359614293,7.988180831224381,2.077963053157174,43.716899469162556,61.15179523640242,5.5462,0.13916,11.098951208390332,3.777734742887839
37175,2000,35.45869947275923,48.085370676165894,3.8729779869039103,28.45618583885401,89.26691333513823,6.2173,0.33549,22.30997391273273,3.3483655653689253
37175,2004,39.11342057993328,48.085370676165894,3.8729779869039103,28.45618583885401,89.26691333513823,6.2173,0.33549,22.30997391273273,3.3483655653689253
37175,2008,43.02442486249926,48.085370676165894,3.8729779869039103,28.45618583885401,89.26691333513823,6.2173,0.33549,22.30997391273273,3.3483655653689253
37175,2012,40.720634731253355,48.085370676165894,3.8729779869039103,28.45618583885401,89.26691333513823,6.2173,0.33549,22.30997391273273,3.3483655653689253
37175,2016,36.70043091387319,48.085370676165894,3.8729779869039103,28.45618583885401,89.26691333513823,6.2173,0.33549,22.30997391273273,3.3483655653689253
37175,2020,10.346010586159576,48.085370676165894,3.8729779869039103,28.45618583885401,89.26691333513823,6.2173,0.33549,22.30997391273273,3.3483655653689253
37175,2024,10.794032723772858,48.085370676165894,3.8729779869039103,28.45618583885401,89.26691333513823,6.2173,0.33549,22.30997391273273,3.3483655653689253
38007,2000,15.619047619047619,10.846447967231827,2.3838376500951544,114.48953471564981,98.83966244725738,8.5947,0.01034,18.56594110115237,4.740483418953752
38007,2004,17.5531914893617,10.846447967231827,2.3838376500951544,114.48953471564981,98.83966244725738,8.5947,0.01034,18.56594110115237,4.740483418953752
38007,2008,22.84569138276553,10.846447967231827,2.3838376500951544,114.48953471564981,98.83966244725738,8.5947,0.01034,18.56594110115237,4.740483418953752
38007,2012,15.397923875432525,10.846447967231827,2.3838376500951544,114.48953471564981,98.83966244725738,8.5947,0.01034,18.56594110115237,4.740483418953752
38007,2016,9.75206611570248,10.846447967231827,2.3838376500951544,114.48953471564981,98.83966244725738,8.5947,0.01034,18.56594110115237,4.740483418953752
38007,2020,11.338582677165354,10.846447967231827,2.3838376500951544,114.48953471564981,98.83966244725738,8.5947,0.01034,18.56594110115237,4.740483418953752
38007,2024,14.374034003091191,10.846447967231827,2.3838376500951544,114.48953471564981,98.83966244725738,8.5947,0.01034,18.56594110115237,4.740483418953752
38025,2000,27.430555555555557,40.06047893879326,3.690390285702732,88.07127269980992,82.11723967350977,8.249,0.04019,15.3667441088616,4.4781464037156775
38025,2004,32.18714768883878,40.06047893879326,3.690390285702732,88.07127269980992,82.11723967350977,8.249,0.04019,15.3667441088616,4.4781464037156775
38025,2008,32.05596107055961,40.06047893879326,3.690390285702732,88.07127269980992,82.11723967350977,8.249,0.04019,15.3667441088616,4.4781464037156775
38025,2012,24.97541789577188,40.06047893879326,3.690390285702732,88.07127269980992,82.11723967350977,8.249,0.04019,15.3667441088616,4.4781464037156775
38025,2016,15.960766830138207,40.06047893879326,3.690390285702732,88.07127269980992,82.11723967350977,8.249,0.04019,15.3667441088616,4.4781464037156775
38025,2020,14.627887082976903,40.06047893879326,3.690390285702732,88.07127269980992,82.11723967350977,8.249,0.04019,15.3667441088616,4.4781464037156775
38025,2024,14.80820695807315,40.06047893879326,3.690390285702732,88.07127269980992,82.11723967350977,8.249,0.04019,15.3667441088616,4.4781464037156775
38033,2000,19.21182266009852,25.529342010883624,3.2398284577478793,135.74298110615993,91.2447885646218,6.4823,0.01743,13.292589763177997,4.910763252918644
38033,2004,21.035598705501616,25.529342010883624,3.2398284577478793,135.74298110615993,91.2447885646218,6.4823,0.01743,13.292589763177997,4.910763252918644
38033,2008,24,25.529342010883624,3.2398284577478793,135.74298110615993,91.2447885646218,6.4823,0.01743,13.292589763177997,4.910763252918644
38033,2012,17.45689655172414,25.529342010883624,3.2398284577478793,135.74298110615993,91.2447885646218,6.4823,0.01743,13.292589763177997,4.910763252918644
38033,2016,10.344827586206897,25.529342010883624,3.2398284577478793,135.74298110615993,91.2447885646218,6.4823,0.01743,13.292589763177997,4.910763252918644
38033,2020,13.352826510721247,25.529342010883624,3.2398284577478793,135.74298110615993,91.2447885646218,6.4823,0.01743,13.292589763177997,4.910763252918644
38033,2024,12.31079717457114,25.529342010883624,3.2398284577478793,135.74298110615993,91.2447885646218,6.4823,0.01743,13.292589763177997,4.910763252918644
38053,2000,27.622673434856175,39.01593992607439,3.663970278681181,132.7478838706222,80.09803921568628,8.4206,0.14252,18.667888787045523,4.88845171928405
38053,2004,30.666183924692252,39.01593992607439,3.663970278681181,132.7478838706222,80.09803921568628,8.4206,0.14252,18.667888787045523,4.88845171928405
38053,2008,34.3646408839779,39.01593992607439,3.663970278681181,132.7478838706222,80.09803921568628,8.4206,0.14252,18.667888787045523,4.88845171928405
38053,2012,26.861779194436398,39.01593992607439,3.663970278681181,132.7478838706222,80.09803921568628,8.4206,0.14252,18.667888787045523,4.88845171928405
38053,2016,14.940068493150685,39.01593992607439,3.663970278681181,132.7478838706222,80.09803921568628,8.4206,0.14252,18.667888787045523,4.88845171928405
38053,2020,15.02122162760657,39.01593992607439,3.663970278681181,132.7478838706222,80.09803921568628,8.4206,0.14252,18.667888787045523,4.88845171928405
38053,2024,14.653142546640103,39.01593992607439,3.663970278681181,132.7478838706222,80.09803921568628,8.4206,0.14252,18.667888787045523,4.88845171928405
38089,2000,28.474992328935254,44.35249173177271,3.7921688905318773,78.95579190629995,86.74960744051215,8.6963,0.33001,19.094364843978447,4.3688880997118895
38089,2004,28.971153846153847,44.35249173177271,3.7921688905318773,78.95579190629995,86.74960744051215,8.6963,0.33001,19.094364843978447,4.3688880997118895
38089,2008,34.345076784101174,44.35249173177271,3.7921688905318773,78.95579190629995,86.74960744051215,8.6963,0.33001,19.094364843978447,4.3688880997118895
38089,2012,24.172612395770653,44.35249173177271,3.7921688905318773,78.95579190629995,86.74960744051215,8.6963,0.33001,19.094364843978447,4.3688880997118895
38089,2016,14.226586593085539,44.35249173177271,3.7921688905318773,78.95579190629995,86.74960744051215,8.6963,0.33001,19.094364843978447,4.3688880997118895
38089,2020,16.6046511627907,44.35249173177271,3.7921688905318773,78.95579190629995,86.74960744051215,8.6963,0.33001,19.094364843978447,4.3688880997118895
38089,2024,16.37748344370861,44.35249173177271,3.7921688905318773,78.95579190629995,86.74960744051215,8.6963,0.33001,19.094364843978447,4.3688880997118895
39005,2000,31.446984664596854,46.48648899729839,3.839161711174924,14.73939885875918,95.05124674927336,6.2037,0.5219,13.631536048608195,2.6905241029416977
39005,2004,34.329855537720704,46.48648899729839,3.839161711174924,14.73939885875918,95.05124674927336,6.2037,0.5219,13.631536048608195,2.6905241029416977
39005,2008,36.951684678957406,46.48648899729839,3.839161711174924,14.73939885875918,95.05124674927336,6.2037,0.5219,13.631536048608195,2.6905241029416977
39005,2012,34.036169338265516,46.48648899729839,3.839161711174924,14.73939885875918,95.05124674927336,6.2037,0.5219,13.631536048608195,2.6905241029416977
39005,2016,23.342822285481905,46.48648899729839,3.839161711174924,14.73939885875918,95.05124674927336,6.2037,0.5219,13.631536048608195,2.6905241029416977
39005,2020,24.771823518273052,46.48648899729839,3.839161711174924,14.73939885875918,95.05124674927336,6.2037,0.5219,13.631536048608195,2.6905241029416977
39005,2024,24.543374714023177,46.48648899729839,3.839161711174924,14.73939885875918,95.05124674927336,6.2037,0.5219,13.631536048608195,2.6905241029416977
39035,2000,62.617305343591134,26.848344629583615,3.290204166524804,3.5326527105634247,58.73414661866565,6.0808,12.33088,20.043839881587957,1.2620490648087233
39035,2004,66.5640593321717,26.848344629583615,3.290204166524804,3.5326527105634247,58.73414661866565,6.0808,12.33088,20.043839881587957,1.2620490648087233
39035,2008,68.89104724904303,26.848344629583615,3.290204166524804,3.5326527105634247,58.73414661866565,6.0808,12.33088,20.043839881587957,1.2620490648087233
39035,2012,69.41567421668495,26.848344629583615,3.290204166524804,3.5326527105634247,58.73414661866565,6.0808,12.33088,20.043839881587957,1.2620490648087233
39035,2016,65.95834534018303,26.848344629583615,3.290204166524804,3.5326527105634247,58.73414661866565,6.0808,12.33088,20.043839881587957,1.2620490648087233
39035,2020,66.51685393258427,26.848344629583615,3.290204166524804,3.5326527105634247,58.73414661866565,6.0808,12.33088,20.043839881587957,1.2620490648087233
39035,2024,65.28550614029001,26.848344629583615,3.290204166524804,3.5326527105634247,58.73414661866565,6.0808,12.33088,20.043839881587957,1.2620490648087233
39055,2000,35.97887323943662,26.35965617227915,3.271834666008994,25.578379056187494,93.69704332889955,10.1636,0.95407,22.974104177355333,3.241747426519252
39055,2004,39.35024494734128,26.35965617227915,3.271834666008994,25.578379056187494,93.69704332889955,10.1636,0.95407,22.974104177355333,3.241747426519252
39055,2008,41.583499667332,26.35965617227915,3.271834666008994,25.578379056187494,93.69704332889955,10.1636,0.95407,22.974104177355333,3.241747426519252
39055,2012,38.54932643096653,26.35965617227915,3.271834666008994,25.578379056187494,93.69704332889955,10.1636,0.95407,22.974104177355333,3.241747426519252
39055,2016,35.17951182395226,26.35965617227915,3.271834666008994,25.578379056187494,93.69704332889955,10.1636,0.95407,22.974104177355333,3.241747426519252
39055,2020,37.844736795130395,26.35965617227915,3.271834666008994,25.578379056187494,93.69704332889955,10.1636,0.95407,22.974104177355333,3.241747426519252
39055,2024,37.53415673844136,26.35965617227915,3.271834666008994,25.578379056187494,93.69704332889955,10.1636,0.95407,22.974104177355333,3.241747426519252
39085,2000,45.33462033462033,48.263443885193695,3.8766744187198836,30.61964919029076,86.9160408615215,7.6163,2.3164,19.1882136201024,3.421641933282482
39085,2004,48.47114255928683,48.263443885193695,3.8766744187198836,30.61964919029076,86.9160408615215,7.6163,2.3164,19.1882136201024,3.421641933282482
39085,2008,49.577615692092145,48.263443885193695,3.8766744187198836,30.61964919029076,86.9160408615215,7.6163,2.3164,19.1882136201024,3.421641933282482
39085,2012,48.71457045370089,48.263443885193695,3.8766744187198836,30.61964919029076,86.9160408615215,7.6163,2.3164,19.1882136201024,3.421641933282482
39085,2016,39.91277119212704,48.263443885193695,3.8766744187198836,30.61964919029076,86.9160408615215,7.6163,2.3164,19.1882136201024,3.421641933282482
39085,2020,42.53653004773617,48.263443885193695,3.8766744187198836,30.61964919029076,86.9160408615215,7.6163,2.3164,19.1882136201024,3.421641933282482
39085,2024,42.37394908966472,48.263443885193695,3.8766744187198836,30.61964919029076,86.9160408615215,7.6163,2.3164,19.1882136201024,3.421641933282482
39093,2000,53.31520770190765,32.69060777334149,3.487087812589643,27.127806923545155,79.5497603214363,6.7124,3.1791,16.719131427271655,3.3005592875591847
39093,2004,56.11099268102039,32.69060777334149,3.487087812589643,27.127806923545155,79.5497603214363,6.7124,3.1791,16.719131427271655,3.3005592875591847
39093,2008,58.06658087008627,32.69060777334149,3.487087812589643,27.127806923545155,79.5497603214363,6.7124,3.1791,16.719131427271655,3.3005592875591847
39093,2012,56.867220930800755,32.69060777334149,3.487087812589643,27.127806923545155,79.5497603214363,6.7124,3.1791,16.719131427271655,3.3005592875591847
39093,2016,47.62951580085656,32.69060777334149,3.487087812589643,27.127806923545155,79.5497603214363,6.7124,3.1791,16.719131427271655,3.3005592875591847
39093,2020,48.061764388295,32.69060777334149,3.487087812589643,27.127806923545155,79.5497603214363,6.7124,3.1791,16.719131427271655,3.3005592875591847
39093,2024,46.66901457168552,32.69060777334149,3.487087812589643,27.127806923545155,79.5497603214363,6.7124,3.1791,16.719131427271655,3.3005592875591847
39099,2000,60.64897168744907,44.32387030831716,3.791523365077495,18.997010014942063,76.02647723319079,5.4774,2.25596,16.15831076225748,2.9442815991482267
39099,2004,62.58447536747256,44.32387030831716,3.791523365077495,18.997010014942063,76.02647723319079,5.4774,2.25596,16.15831076225748,2.9442815991482267
39099,2008,62.32524088418666,44.32387030831716,3.791523365077495,18.997010014942063,76.02647723319079,5.4774,2.25596,16.15831076225748,2.9442815991482267
39099,2012,63.52238067760284,44.32387030831716,3.791523365077495,18.997010014942063,76.02647723319079,5.4774,2.25596,16.15831076225748,2.9442815991482267
39099,2016,49.865301724137936,44.32387030831716,3.791523365077495,18.997010014942063,76.02647723319079,5.4774,2.25596,16.15831076225748,2.9442815991482267
39099,2020,48.45165845703814,44.32387030831716,3.791523365077495,18.997010014942063,76.02647723319079,5.4774,2.25596,16.15831076225748,2.9442815991482267
39099,2024,44.92790914333881,44.32387030831716,3.791523365077495,18.997010014942063,76.02647723319079,5.4774,2.25596,16.15831076225748,2.9442815991482267
39103,2000,39.8232734775653,19.73325840323555,2.9823054560813076,28.589521040000434,92.70523193243339,8.9108,1.84042,22.88101315257263,3.3530402534831696
39103,2004,42.73038990420305,19.73325840323555,2.9823054560813076,28.589521040000434,92.70523193243339,8.9108,1.84042,22.88101315257263,3.3530402534831696
39103,2008,45.24438646338902,19.73325840323555,2.9823054560813076,28.589521040000434,92.70523193243339,8.9108,1.84042,22.88101315257263,3.3530402534831696
39103,2012,42.72275646321448,19.73325840323555,2.9823054560813076,28.589521040000434,92.70523193243339,8.9108,1.84042,22.88101315257263,3.3530402534831696
39103,2016,35.22046994188655,19.73325840323555,2.9823054560813076,28.589521040000434,92.70523193243339,8.9108,1.84042,22.88101315257263,3.3530402534831696
39103,2020,37.60926057169856,19.73325840323555,2.9823054560813076,28.589521040000434,92.70523193243339,8.9108,1.84042,22.88101315257263,3.3530402534831696
39103,2024,37.153533560652065,19.73325840323555,2.9823054560813076,28.589521040000434,92.70523193243339,8.9108,1.84042,22.88101315257263,3.3530402534831696
39133,2000,49.99443552361723,20.270721033995798,3.0091775313160043,7.992269635672876,87.53693757317821,7.2965,1.62665,17.33662239089184,2.078474778974439
39133,2004,53.06734858961981,20.270721033995798,3.0091775313160043,7.992269635672876,87.53693757317821,7.2965,1.62665,17.33662239089184,2.078474778974439
39133,2008,53.52087462438463,20.270721033995798,3.0091775313160043,7.992269635672876,87.53693757317821,7.2965,1.62665,17.33662239089184,2.078474778974439
39133,2012,51.74910478888758,20.270721033995798,3.0091775313160043,7.992269635672876,87.53693757317821,7.2965,1.62665,17.33662239089184,2.078474778974439
39133,2016,42.54981021552687,20.270721033995798,3.0091775313160043,7.992269635672876,87.53693757317821,7.2965,1.62665,17.33662239089184,2.078474778974439
39133,2020,43.031421951925864,20.270721033995798,3.0091775313160043,7.992269635672876,87.53693757317821,7.2965,1.62665,17.33662239089184,2.078474778974439
39133,2024,41.764592795520635,20.270721033995798,3.0091775313160043,7.992269635672876,87.53693757317821,7.2965,1.62665,17.33662239089184,2.078474778974439
39151,2000,47.11343559970972,32.60188071429005,3.484369977331016,8.777504233250912,85.29071820721097,6.4557,3.72716,15.497338582193255,2.1721921113446876
39151,2004,50.58899690113342,32.60188071429005,3.484369977331016,8.777504233250912,85.29071820721097,6.4557,3.72716,15.497338582193255,2.1721921113446876
39151,2008,51.71558825881788,32.60188071429005,3.484369977331016,8.777504233250912,85.29071820721097,6.4557,3.72716,15.497338582193255,2.1721921113446876
39151,2012,49.280074058971664,32.60188071429005,3.484369977331016,8.777504233250912,85.29071820721097,6.4557,3.72716,15.497338582193255,2.1721921113446876
39151,2016,38.88746226581982,32.60188071429005,3.484369977331016,8.777504233250912,85.29071820721097,6.4557,3.72716,15.497338582193255,2.1721921113446876
39151,2020,39.9749314036834,32.60188071429005,3.484369977331016,8.777504233250912,85.29071820721097,6.4557,3.72716,15.497338582193255,2.1721921113446876
39151,2024,38.59538636104521,32.60188071429005,3.484369977331016,8.777504233250912,85.29071820721097,6.4557,3.72716,15.497338582193255,2.1721921113446876
39153,2000,53.26433581362664,9.460165434180578,2.24708987066781,9.603741880298312,74.99660835515446,6.6034,5.35733,21.383857422172984,2.2621528017273533
39153,2004,56.66874167583531,9.460165434180578,2.24708987066781,9.603741880298312,74.99660835515446,6.6034,5.35733,21.383857422172984,2.2621528017273533
39153,2008,57.64720748980707,9.460165434180578,2.24708987066781,9.603741880298312,74.99660835515446,6.6034,5.35733,21.383857422172984,2.2621528017273533
39153,2012,57.16500255872937,9.460165434180578,2.24708987066781,9.603741880298312,74.99660835515446,6.6034,5.35733,21.383857422172984,2.2621528017273533
39153,2016,52.04144523391439,9.460165434180578,2.24708987066781,9.603741880298312,74.99660835515446,6.6034,5.35733,21.383857422172984,2.2621528017273533
39153,2020,54.07579339187729,9.460165434180578,2.24708987066781,9.603741880298312,74.99660835515446,6.6034,5.35733,21.383857422172984,2.2621528017273533
39153,2024,53.004521678101845,9.460165434180578,2.24708987066781,9.603741880298312,74.99660835515446,6.6034,5.35733,21.383857422172984,2.2621528017273533
39155,2000,59.89567638898991,42.036453714224564,3.7385371874131894,11.355311146064693,85.95450098576232,5.4406,2.00373,13.11461050945651,2.4296855768610714
39155,2004,61.652056517236275,42.036453714224564,3.7385371874131894,11.355311146064693,85.95450098576232,5.4406,2.00373,13.11461050945651,2.4296855768610714
39155,2008,60.011413816331114,42.036453714224564,3.7385371874131894,11.355311146064693,85.95450098576232,5.4406,2.00373,13.11461050945651,2.4296855768610714
39155,2012,60.62977418181461,42.036453714224564,3.7385371874131894,11.355311146064693,85.95450098576232,5.4406,2.00373,13.11461050945651,2.4296855768610714
39155,2016,44.79271886617584,42.036453714224564,3.7385371874131894,11.355311146064693,85.95450098576232,5.4406,2.00373,13.11461050945651,2.4296855768610714
39155,2020,44.07778140810487,42.036453714224564,3.7385371874131894,11.355311146064693,85.95450098576232,5.4406,2.00373,13.11461050945651,2.4296855768610714
39155,2024,41.18634235279493,42.036453714224564,3.7385371874131894,11.355311146064693,85.95450098576232,5.4406,2.00373,13.11461050945651,2.4296855768610714
39169,2000,34.826562352719385,34.26104528126754,3.5340090026835385,33.82009802901004,93.21717059116088,7.0121,1.1651,13.88757088953659,3.5210552420176833
39169,2004,38.16154914365067,34.26104528126754,3.5340090026835385,33.82009802901004,93.21717059116088,7.0121,1.1651,13.88757088953659,3.5210552420176833
39169,2008,41.640136550189865,34.26104528126754,3.5340090026835385,33.82009802901004,93.21717059116088,7.0121,1.1651,13.88757088953659,3.5210552420176833
39169,2012,38.79053736487545,34.26104528126754,3.5340090026835385,33.82009802901004,93.21717059116088,7.0121,1.1651,13.88757088953659,3.5210552420176833
39169,2016,30.150642890096886,34.26104528126754,3.5340090026835385,33.82009802901004,93.21717059116088,7.0121,1.1651,13.88757088953659,3.5210552420176833
39169,2020,30.69100823462226,34.26104528126754,3.5340090026835385,33.82009802901004,93.21717059116088,7.0121,1.1651,13.88757088953659,3.5210552420176833
39169,2024,29.911571025399812,34.26104528126754,3.5340090026835385,33.82009802901004,93.21717059116088,7.0121,1.1651,13.88757088953659,3.5210552420176833
41029,2000,39.097363083164296,46.25825304140204,3.834239892177595,0.052400817171421026,82.93247305257387,6.8239,2.20768,17.59707298895031,-2.948833092902292
41029,2004,43.41563181947176,46.25825304140204,3.834239892177595,0.052400817171421026,82.93247305257387,6.8239,2.20768,17.59707298895031,-2.948833092902292
41029,2008,48.58135323166447,46.25825304140204,3.834239892177595,0.052400817171421026,82.93247305257387,6.8239,2.20768,17.59707298895031,-2.948833092902292
41029,2012,45.78335581249292,46.25825304140204,3.834239892177595,0.052400817171421026,82.93247305257387,6.8239,2.20768,17.59707298895031,-2.948833092902292
41029,2016,40.65509892341325,46.25825304140204,3.834239892177595,0.052400817171421026,82.93247305257387,6.8239,2.20768,17.59707298895031,-2.948833092902292
41029,2020,46.77230369991743,46.25825304140204,3.834239892177595,0.052400817171421026,82.93247305257387,6.8239,2.20768,17.59707298895031,-2.948833092902292
41029,2024,45.21543505168434,46.25825304140204,3.834239892177595,0.052400817171421026,82.93247305257387,6.8239,2.20768,17.59707298895031,-2.948833092902292
41035,2000,27.08303404683235,30.345903162877235,3.4126615219978866,57.04099828829745,79.61525239213888,5.4961,0.70003,12.41928107564255,4.043770277500882
41035,2004,26.222433761700774,30.345903162877235,3.4126615219978866,57.04099828829745,79.61525239213888,5.4961,0.70003,12.41928107564255,4.043770277500882
41035,2008,31.871832375250857,30.345903162877235,3.4126615219978866,57.04099828829745,79.61525239213888,5.4961,0.70003,12.41928107564255,4.043770277500882
41035,2012,29.489911906791704,30.345903162877235,3.4126615219978866,57.04099828829745,79.61525239213888,5.4961,0.70003,12.41928107564255,4.043770277500882
41035,2016,23.633920083915168,30.345903162877235,3.4126615219978866,57.04099828829745,79.61525239213888,5.4961,0.70003,12.41928107564255,4.043770277500882
41035,2020,28.285138593911668,30.345903162877235,3.4126615219978866,57.04099828829745,79.61525239213888,5.4961,0.70003,12.41928107564255,4.043770277500882
41035,2024,27.751654230606785,30.345903162877235,3.4126615219978866,57.04099828829745,79.61525239213888,5.4961,0.70003,12.41928107564255,4.043770277500882
45009,2000,62.16897856242119,44.06705481079202,3.7857124468224557,55.828354574777144,37.82285019750836,3.7952,0.12974,9.113805970149254,4.022281886825934
45009,2004,63.63485752153745,44.06705481079202,3.7857124468224557,55.828354574777144,37.82285019750836,3.7952,0.12974,9.113805970149254,4.022281886825934
45009,2008,64.95450542999707,44.06705481079202,3.7857124468224557,55.828354574777144,37.82285019750836,3.7952,0.12974,9.113805970149254,4.022281886825934
45009,2012,67.18977041557686,44.06705481079202,3.7857124468224557,55.828354574777144,37.82285019750836,3.7952,0.12974,9.113805970149254,4.022281886825934
45009,2016,62.72932088831671,44.06705481079202,3.7857124468224557,55.828354574777144,37.82285019750836,3.7952,0.12974,9.113805970149254,4.022281886825934
45009,2020,10.31060372313072,44.06705481079202,3.7857124468224557,55.828354574777144,37.82285019750836,3.7952,0.12974,9.113805970149254,4.022281886825934
45009,2024,8.141401977018417,44.06705481079202,3.7857124468224557,55.828354574777144,37.82285019750836,3.7952,0.12974,9.113805970149254,4.022281886825934
45017,2000,48.062137141063864,8.35283441831367,2.1226009325572583,28.62889387636223,55.215547703180214,5.5642,0.14186000000000001,14.2372586536789,3.354416483238353
45017,2004,49.03887845064316,8.35283441831367,2.1226009325572583,28.62889387636223,55.215547703180214,5.5642,0.14186000000000001,14.2372586536789,3.354416483238353
45017,2008,51.30524683380718,8.35283441831367,2.1226009325572583,28.62889387636223,55.215547703180214,5.5642,0.14186000000000001,14.2372586536789,3.354416483238353
45017,2012,51.63390349757467,8.35283441831367,2.1226009325572583,28.62889387636223,55.215547703180214,5.5642,0.14186000000000001,14.2372586536789,3.354416483238353
45017,2016,47.33077228772023,8.35283441831367,2.1226009325572583,28.62889387636223,55.215547703180214,5.5642,0.14186000000000001,14.2372586536789,3.354416483238353
45017,2020,7.849877377075544,8.35283441831367,2.1226009325572583,28.62889387636223,55.215547703180214,5.5642,0.14186000000000001,14.2372586536789,3.354416483238353
45017,2024,6.027293404094011,8.35283441831367,2.1226009325572583,28.62889387636223,55.215547703180214,5.5642,0.14186000000000001,14.2372586536789,3.354416483238353
45027,2000,53.13551815766164,31.475077334743894,3.449196036948644,19.53812940371854,50.08216000257757,4.6202,0.31004,10.57315770736917,2.9723679103902354
45027,2004,53.68939393939394,31.475077334743894,3.449196036948644,19.53812940371854,50.08216000257757,4.6202,0.31004,10.57315770736917,2.9723679103902354
45027,2008,55.767746913580254,31.475077334743894,3.449196036948644,19.53812940371854,50.08216000257757,4.6202,0.31004,10.57315770736917,2.9723679103902354
45027,2012,55.80039283083722,31.475077334743894,3.449196036948644,19.53812940371854,50.08216000257757,4.6202,0.31004,10.57315770736917,2.9723679103902354
45027,2016,50.224098733354985,31.475077334743894,3.449196036948644,19.53812940371854,50.08216000257757,4.6202,0.31004,10.57315770736917,2.9723679103902354
45027,2020,8.217295165242335,31.475077334743894,3.449196036948644,19.53812940371854,50.08216000257757,4.6202,0.31004,10.57315770736917,2.9723679103902354
45027,2024,6.1834733893557425,31.475077334743894,3.449196036948644,19.53812940371854,50.08216000257757,4.6202,0.31004,10.57315770736917,2.9723679103902354
45039,2000,62.66968325791855,46.402673888575016,3.837357084480787,21.3550571377729,38.70594474711923,5.0743,0.20422,9.856990899420873,3.0612885799055327
45039,2004,61.091679915209326,46.402673888575016,3.837357084480787,21.3550571377729,38.70594474711923,5.0743,0.20422,9.856990899420873,3.0612885799055327
45039,2008,65.33264480592133,46.402673888575016,3.837357084480787,21.3550571377729,38.70594474711923,5.0743,0.20422,9.856990899420873,3.0612885799055327
45039,2012,65.38041193778898,46.402673888575016,3.837357084480787,21.3550571377729,38.70594474711923,5.0743,0.20422,9.856990899420873,3.0612885799055327
45039,2016,61.64018816011361,46.402673888575016,3.837357084480787,21.3550571377729,38.70594474711923,5.0743,0.20422,9.856990899420873,3.0612885799055327
45039,2020,10.137881784223248,46.402673888575016,3.837357084480787,21.3550571377729,38.70594474711923,5.0743,0.20422,9.856990899420873,3.0612885799055327
45039,2024,7.9956690656646066,46.402673888575016,3.837357084480787,21.3550571377729,38.70594474711923,5.0743,0.20422,9.856990899420873,3.0612885799055327
45055,2000,37.749656959902424,39.116291609205845,3.6665390454075624,31.276399888112834,67.69469846392924,6.1015,0.69905,13.014191990966964,3.4428638159623706
45055,2004,37.15906611389919,39.116291609205845,3.6665390454075624,31.276399888112834,67.69469846392924,6.1015,0.69905,13.014191990966964,3.4428638159623706
45055,2008,40.11434697159192,39.116291609205845,3.6665390454075624,31.276399888112834,67.69469846392924,6.1015,0.69905,13.014191990966964,3.4428638159623706
45055,2012,40.28841336863952,39.116291609205845,3.6665390454075624,31.276399888112834,67.69469846392924,6.1015,0.69905,13.014191990966964,3.4428638159623706
45055,2016,35.626832212450424,39.116291609205845,3.6665390454075624,31.276399888112834,67.69469846392924,6.1015,0.69905,13.014191990966964,3.4428638159623706
45055,2020,6.29367510184662,39.116291609205845,3.6665390454075624,31.276399888112834,67.69469846392924,6.1015,0.69905,13.014191990966964,3.4428638159623706
45055,2024,5.038107450656283,39.116291609205845,3.6665390454075624,31.276399888112834,67.69469846392924,6.1015,0.69905,13.014191990966964,3.4428638159623706
45061,2000,58.702198133092445,38.661860600282246,3.6548535998927267,18.77293745471745,33.95590936925903,4.1583,0.15967,8.323900083012603,2.9324163356751107
45061,2004,62.80070904026336,38.661860600282246,3.6548535998927267,18.77293745471745,33.95590936925903,4.1583,0.15967,8.323900083012603,2.9324163356751107
45061,2008,65.11526275538075,38.661860600282246,3.6548535998927267,18.77293745471745,33.95590936925903,4.1583,0.15967,8.323900083012603,2.9324163356751107
45061,2012,67.10452453126754,38.661860600282246,3.6548535998927267,18.77293745471745,33.95590936925903,4.1583,0.15967,8.323900083012603,2.9324163356751107
45061,2016,63.744482589504656,38.661860600282246,3.6548535998927267,18.77293745471745,33.95590936925903,4.1583,0.15967,8.323900083012603,2.9324163356751107
45061,2020,10.534535246906259,38.661860600282246,3.6548535998927267,18.77293745471745,33.95590936925903,4.1583,0.15967,8.323900083012603,2.9324163356751107
45061,2024,7.968937946649684,38.661860600282246,3.6548535998927267,18.77293745471745,33.95590936925903,4.1583,0.15967,8.323900083012603,2.9324163356751107
45063,2000,27.479207038913835,30.834448707045432,3.4286325294785507,18.790243301263825,73.38282784565703,7.3022,3.09528,19.82720540470313,2.9333377617856002
45063,2004,27.17805462796472,30.834448707045432,3.4286325294785507,18.790243301263825,73.38282784565703,7.3022,3.09528,19.82720540470313,2.9333377617856002
45063,2008,30.41036598728906,30.834448707045432,3.4286325294785507,18.790243301263825,73.38282784565703,7.3022,3.09528,19.82720540470313,2.9333377617856002
45063,2012,30.320627225344733,30.834448707045432,3.4286325294785507,18.790243301263825,73.38282784565703,7.3022,3.09528,19.82720540470313,2.9333377617856002
45063,2016,28.855053115248214,30.834448707045432,3.4286325294785507,18.790243301263825,73.38282784565703,7.3022,3.09528,19.82720540470313,2.9333377617856002
45063,2020,5.683715160570343,30.834448707045432,3.4286325294785507,18.790243301263825,73.38282784565703,7.3022,3.09528,19.82720540470313,2.9333377617856002
45063,2024,4.649812655775774,30.834448707045432,3.4286325294785507,18.790243301263825,73.38282784565703,7.3022,3.09528,19.82720540470313,2.9333377617856002
45075,2000,60.49367629987169,24.65665203797344,3.2050467236358346,41.31363085964946,34.332164106738816,4.2209,0.8282,9.329993738259237,3.72119249054194
45075,2004,65.74912149930785,24.65665203797344,3.2050467236358346,41.31363085964946,34.332164106738816,4.2209,0.8282,9.329993738259237,3.72119249054194
45075,2008,68.57926246415455,24.65665203797344,3.2050467236358346,41.31363085964946,34.332164106738816,4.2209,0.8282,9.329993738259237,3.72119249054194
45075,2012,71.37380637066983,24.65665203797344,3.2050467236358346,41.31363085964946,34.332164106738816,4.2209,0.8282,9.329993738259237,3.72119249054194
45075,2016,67.63813929581084,24.65665203797344,3.2050467236358346,41.31363085964946,34.332164106738816,4.2209,0.8282,9.329993738259237,3.72119249054194
45075,2020,11.04032682117866,24.65665203797344,3.2050467236358346,41.31363085964946,34.332164106738816,4.2209,0.8282,9.329993738259237,3.72119249054194
45075,2024,8.822597472854438,24.65665203797344,3.2050467236358346,41.31363085964946,34.332164106738816,4.2209,0.8282,9.329993738259237,3.72119249054194
45079,2000,54.23974725491711,18.023884645257848,2.8916978030460943,9.235388650902612,41.27171771449042,6.101,4.25138,21.33987167288785,2.2230426973246997
45079,2004,57.01227942989963,18.023884645257848,2.8916978030460943,9.235388650902612,41.27171771449042,6.101,4.25138,21.33987167288785,2.2230426973246997
45079,2008,64.0195834873392,18.023884645257848,2.8916978030460943,9.235388650902612,41.27171771449042,6.101,4.25138,21.33987167288785,2.2230426973246997
45079,2012,65.33860286263618,18.023884645257848,2.8916978030460943,9.235388650902612,41.27171771449042,6.101,4.25138,21.33987167288785,2.2230426973246997
45079,2016,64.0106210215621,18.023884645257848,2.8916978030460943,9.235388650902612,41.27171771449042,6.101,4.25138,21.33987167288785,2.2230426973246997
45079,2020,11.399634716389265,18.023884645257848,2.8916978030460943,9.235388650902612,41.27171771449042,6.101,4.25138,21.33987167288785,2.2230426973246997
45079,2024,9.484860327188915,18.023884645257848,2.8916978030460943,9.235388650902612,41.27171771449042,6.101,4.25138,21.33987167288785,2.2230426973246997
45085,2000,46.83424621804904,22.83653332228563,3.128361592282167,0.0038797879862605277,45.14987649375793,5.6937,1.04165,13.203338429534575,-5.551974769556281
45085,2004,50.52293057319677,22.83653332228563,3.128361592282167,0.0038797879862605277,45.14987649375793,5.6937,1.04165,13.203338429534575,-5.551974769556281
45085,2008,57.33125929933721,22.83653332228563,3.128361592282167,0.0038797879862605277,45.14987649375793,5.6937,1.04165,13.203338429534575,-5.551974769556281
45085,2012,58.31659937855377,22.83653332228563,3.128361592282167,0.0038797879862605277,45.14987649375793,5.6937,1.04165,13.203338429534575,-5.551974769556281
45085,2016,54.545660753980854,22.83653332228563,3.128361592282167,0.0038797879862605277,45.14987649375793,5.6937,1.04165,13.203338429534575,-5.551974769556281
45085,2020,9.327814118288362,22.83653332228563,3.128361592282167,0.0038797879862605277,45.14987649375793,5.6937,1.04165,13.203338429534575,-5.551974769556281
45085,2024,7.408520193554509,22.83653332228563,3.128361592282167,0.0038797879862605277,45.14987649375793,5.6937,1.04165,13.203338429534575,-5.551974769556281
46033,2000,26.72823957458718,6.792804536783472,1.915863895584002,44.85682712067086,90.85885332719319,7.5336,0.09117,19.454836985569216,3.803475798117009
46033,2000,26.72823957458718,48.4007270253741,3.8795148347951844,44.85682712067086,90.85885332719319,7.5336,0.09117,19.454836985569216,3.803475798117009
46033,2004,29.55390334572491,6.792804536783472,1.915863895584002,44.85682712067086,90.85885332719319,7.5336,0.09117,19.454836985569216,3.803475798117009
46033,2004,29.55390334572491,48.4007270253741,3.8795148347951844,44.85682712067086,90.85885332719319,7.5336,0.09117,19.454836985569216,3.803475798117009
46033,2008,33.146067415730336,6.792804536783472,1.915863895584002,44.85682712067086,90.85885332719319,7.5336,0.09117,19.454836985569216,3.803475798117009
46033,2008,33.146067415730336,48.4007270253741,3.8795148347951844,44.85682712067086,90.85885332719319,7.5336,0.09117,19.454836985569216,3.803475798117009
46033,2012,29.535398230088493,6.792804536783472,1.915863895584002,44.85682712067086,90.85885332719319,7.5336,0.09117,19.454836985569216,3.803475798117009
46033,2012,29.535398230088493,48.4007270253741,3.8795148347951844,44.85682712067086,90.85885332719319,7.5336,0.09117,19.454836985569216,3.803475798117009
46033,2016,23.744969286168185,6.792804536783472,1.915863895584002,44.85682712067086,90.85885332719319,7.5336,0.09117,19.454836985569216,3.803475798117009
46033,2016,23.744969286168185,48.4007270253741,3.8795148347951844,44.85682712067086,90.85885332719319,7.5336,0.09117,19.454836985569216,3.803475798117009
46033,2020,27.702948671277756,6.792804536783472,1.915863895584002,44.85682712067086,90.85885332719319,7.5336,0.09117,19.454836985569216,3.803475798117009
46033,2020,27.702948671277756,48.4007270253741,3.8795148347951844,44.85682712067086,90.85885332719319,7.5336,0.09117,19.454836985569216,3.803475798117009
46033,2024,26.112314614230964,6.792804536783472,1.915863895584002,44.85682712067086,90.85885332719319,7.5336,0.09117,19.454836985569216,3.803475798117009
46033,2024,26.112314614230964,48.4007270253741,3.8795148347951844,44.85682712067086,90.85885332719319,7.5336,0.09117,19.454836985569216,3.803475798117009
46047,2000,33.04170312044328,23.946627743646403,3.1758275099199924,72.85593882933227,85.02576960579468,5.6976,0.07393,14.197116996312436,4.288484050654595
46047,2004,34.48634590377113,23.946627743646403,3.1758275099199924,72.85593882933227,85.02576960579468,5.6976,0.07393,14.197116996312436,4.288484050654595
46047,2008,35.63249001331558,23.946627743646403,3.1758275099199924,72.85593882933227,85.02576960579468,5.6976,0.07393,14.197116996312436,4.288484050654595
46047,2012,32.42320819112628,23.946627743646403,3.1758275099199924,72.85593882933227,85.02576960579468,5.6976,0.07393,14.197116996312436,4.288484050654595
46047,2016,23.042380016839743,23.946627743646403,3.1758275099199924,72.85593882933227,85.02576960579468,5.6976,0.07393,14.197116996312436,4.288484050654595
46047,2020,26.051459673428994,23.946627743646403,3.1758275099199924,72.85593882933227,85.02576960579468,5.6976,0.07393,14.197116996312436,4.288484050654595
46047,2024,24.099204492278893,23.946627743646403,3.1758275099199924,72.85593882933227,85.02576960579468,5.6976,0.07393,14.197116996312436,4.288484050654595
46071,2000,30.673076923076927,42.697970022844466,3.7541513786558887,71.9928906150707,36.19957537154989,4.519,0.02776,8.774745853397539,4.276567372683445
46071,2004,39.96852871754524,42.697970022844466,3.7541513786558887,71.9928906150707,36.19957537154989,4.519,0.02776,8.774745853397539,4.276567372683445
46071,2008,38.9087656529517,42.697970022844466,3.7541513786558887,71.9928906150707,36.19957537154989,4.519,0.02776,8.774745853397539,4.276567372683445
46071,2012,38.517179023508135,42.697970022844466,3.7541513786558887,71.9928906150707,36.19957537154989,4.519,0.02776,8.774745853397539,4.276567372683445
46071,2016,29.497716894977167,42.697970022844466,3.7541513786558887,71.9928906150707,36.19957537154989,4.519,0.02776,8.774745853397539,4.276567372683445
46071,2020,32.19730941704036,42.697970022844466,3.7541513786558887,71.9928906150707,36.19957537154989,4.519,0.02776,8.774745853397539,4.276567372683445
46071,2024,31.620903454384415,42.697970022844466,3.7541513786558887,71.9928906150707,36.19957537154989,4.519,0.02776,8.774745853397539,4.276567372683445
46102,2016,86.40275387263338,47.639210268331716,3.8636561672785756,61.67204521535149,6.631338779715905,4.0683,0.13434,6.08154803040774,4.1218307523152005
46102,2016,86.40275387263338,24.4422415720556,3.196312847448499,61.67204521535149,6.631338779715905,4.0683,0.13434,6.08154803040774,4.1218307523152005
46102,2020,88.40625,47.639210268331716,3.8636561672785756,61.67204521535149,6.631338779715905,4.0683,0.13434,6.08154803040774,4.1218307523152005
46102,2020,88.40625,24.4422415720556,3.196312847448499,61.67204521535149,6.631338779715905,4.0683,0.13434,6.08154803040774,4.1218307523152005
46103,2000,30.426457313236867,42.45519940711445,3.7484493883455947,13.429510787204386,80.33475789830568,6.7573,1.15903,20.148688648723066,2.5974545830067712
46103,2000,30.426457313236867,27.863679198972267,3.327324019897089,13.429510787204386,80.33475789830568,6.7573,1.15903,20.148688648723066,2.5974545830067712
46103,2004,31.60692047678349,42.45519940711445,3.7484493883455947,13.429510787204386,80.33475789830568,6.7573,1.15903,20.148688648723066,2.5974545830067712
46103,2004,31.60692047678349,27.863679198972267,3.327324019897089,13.429510787204386,80.33475789830568,6.7573,1.15903,20.148688648723066,2.5974545830067712
46103,2008,38.88003144997489,42.45519940711445,3.7484493883455947,13.429510787204386,80.33475789830568,6.7573,1.15903,20.148688648723066,2.5974545830067712
46103,2008,38.88003144997489,27.863679198972267,3.327324019897089,13.429510787204386,80.33475789830568,6.7573,1.15903,20.148688648723066,2.5974545830067712
46103,2012,34.01628283555236,42.45519940711445,3.7484493883455947,13.429510787204386,80.33475789830568,6.7573,1.15903,20.148688648723066,2.5974545830067712
46103,2012,34.01628283555236,27.863679198972267,3.327324019897089,13.429510787204386,80.33475789830568,6.7573,1.15903,20.148688648723066,2.5974545830067712
46103,2016,29.478667029721635,42.45519940711445,3.7484493883455947,13.429510787204386,80.33475789830568,6.7573,1.15903,20.148688648723066,2.5974545830067712
46103,2016,29.478667029721635,27.863679198972267,3.327324019897089,13.429510787204386,80.33475789830568,6.7573,1.15903,20.148688648723066,2.5974545830067712
46103,2020,35.825306860461076,42.45519940711445,3.7484493883455947,13.429510787204386,80.33475789830568,6.7573,1.15903,20.148688648723066,2.5974545830067712
46103,2020,35.825306860461076,27.863679198972267,3.327324019897089,13.429510787204386,80.33475789830568,6.7573,1.15903,20.148688648723066,2.5974545830067712
46103,2024,35.438317426652524,42.45519940711445,3.7484493883455947,13.429510787204386,80.33475789830568,6.7573,1.15903,20.148688648723066,2.5974545830067712
46103,2024,35.438317426652524,27.863679198972267,3.327324019897089,13.429510787204386,80.33475789830568,6.7573,1.15903,20.148688648723066,2.5974545830067712
47009,2000,36.12217795484728,24.093425592248966,3.181939006278621,27.23914263060636,90.41285835626184,6.9713,1.41456,16.36606001251394,3.304655006138631
47009,2004,30.8807226442209,24.093425592248966,3.181939006278621,27.23914263060636,90.41285835626184,6.9713,1.41456,16.36606001251394,3.304655006138631
47009,2008,29.534320844224997,24.093425592248966,3.181939006278621,27.23914263060636,90.41285835626184,6.9713,1.41456,16.36606001251394,3.304655006138631
47009,2012,26.270463500832758,24.093425592248966,3.181939006278621,27.23914263060636,90.41285835626184,6.9713,1.41456,16.36606001251394,3.304655006138631
47009,2016,23.176524670548577,24.093425592248966,3.181939006278621,27.23914263060636,90.41285835626184,6.9713,1.41456,16.36606001251394,3.304655006138631
47009,2020,26.921286913179898,24.093425592248966,3.181939006278621,27.23914263060636,90.41285835626184,6.9713,1.41456,16.36606001251394,3.304655006138631
47009,2024,25.517161678030742,24.093425592248966,3.181939006278621,27.23914263060636,90.41285835626184,6.9713,1.41456,16.36606001251394,3.304655006138631
47029,2000,37.816192987596445,31.39634310421391,3.4466914244827844,19.213845889760794,93.53203846259211,4.5361,0.37404,7.723058896508943,2.955631159228868
47029,2004,31.964880903991542,31.39634310421391,3.4466914244827844,19.213845889760794,93.53203846259211,4.5361,0.37404,7.723058896508943,2.955631159228868
47029,2008,26.76067622786636,31.39634310421391,3.4466914244827844,19.213845889760794,93.53203846259211,4.5361,0.37404,7.723058896508943,2.955631159228868
47029,2012,24.480530818927885,31.39634310421391,3.4466914244827844,19.213845889760794,93.53203846259211,4.5361,0.37404,7.723058896508943,2.955631159228868
47029,2016,16.336796965198747,31.39634310421391,3.4466914244827844,19.213845889760794,93.53203846259211,4.5361,0.37404,7.723058896508943,2.955631159228868
47029,2020,17.0469075980887,31.39634310421391,3.4466914244827844,19.213845889760794,93.53203846259211,4.5361,0.37404,7.723058896508943,2.955631159228868
47029,2024,15.418502202643172,31.39634310421391,3.4466914244827844,19.213845889760794,93.53203846259211,4.5361,0.37404,7.723058896508943,2.955631159228868
47057,2000,38.117533096545046,46.65028609538644,3.842679060080259,13.38668227281687,96.02574282251662,5.1951,0.24681,8.303380736573423,2.5942603525127574
47057,2004,34.13953488372093,46.65028609538644,3.842679060080259,13.38668227281687,96.02574282251662,5.1951,0.24681,8.303380736573423,2.5942603525127574
47057,2008,27.535652405704386,46.65028609538644,3.842679060080259,13.38668227281687,96.02574282251662,5.1951,0.24681,8.303380736573423,2.5942603525127574
47057,2012,23.000551571980143,46.65028609538644,3.842679060080259,13.38668227281687,96.02574282251662,5.1951,0.24681,8.303380736573423,2.5942603525127574
47057,2016,14.410589410589411,46.65028609538644,3.842679060080259,13.38668227281687,96.02574282251662,5.1951,0.24681,8.303380736573423,2.5942603525127574
47057,2020,14.47602131438721,46.65028609538644,3.842679060080259,13.38668227281687,96.02574282251662,5.1951,0.24681,8.303380736573423,2.5942603525127574
47057,2024,12.866127583108716,46.65028609538644,3.842679060080259,13.38668227281687,96.02574282251662,5.1951,0.24681,8.303380736573423,2.5942603525127574
47063,2000,38.39788821767603,44.86987917662018,3.803766727241235,9.85345634831724,82.09764361620206,5.6734,0.66216,11.24220837043633,2.2878222919399036
47063,2004,33.29746211102143,44.86987917662018,3.803766727241235,9.85345634831724,82.09764361620206,5.6734,0.66216,11.24220837043633,2.2878222919399036
47063,2008,30.027791256782386,44.86987917662018,3.803766727241235,9.85345634831724,82.09764361620206,5.6734,0.66216,11.24220837043633,2.2878222919399036
47063,2012,26.128194888178914,44.86987917662018,3.803766727241235,9.85345634831724,82.09764361620206,5.6734,0.66216,11.24220837043633,2.2878222919399036
47063,2016,19.693601391842257,44.86987917662018,3.803766727241235,9.85345634831724,82.09764361620206,5.6734,0.66216,11.24220837043633,2.2878222919399036
47063,2020,22.329584669725143,44.86987917662018,3.803766727241235,9.85345634831724,82.09764361620206,5.6734,0.66216,11.24220837043633,2.2878222919399036
47063,2024,20.124700992117955,44.86987917662018,3.803766727241235,9.85345634831724,82.09764361620206,5.6734,0.66216,11.24220837043633,2.2878222919399036
47089,2000,37.0980336480443,31.312676972447527,3.4440230306438036,5.5242862652701765,91.7184561654876,6.0785,0.57838,12.078452254171104,1.7091540563024763
47089,2004,31.78357645144418,31.312676972447527,3.4440230306438036,5.5242862652701765,91.7184561654876,6.0785,0.57838,12.078452254171104,1.7091540563024763
47089,2008,27.940859054608246,31.312676972447527,3.4440230306438036,5.5242862652701765,91.7184561654876,6.0785,0.57838,12.078452254171104,1.7091540563024763
47089,2012,24.101600318924767,31.312676972447527,3.4440230306438036,5.5242862652701765,91.7184561654876,6.0785,0.57838,12.078452254171104,1.7091540563024763
47089,2016,18.32005033557047,31.312676972447527,3.4440230306438036,5.5242862652701765,91.7184561654876,6.0785,0.57838,12.078452254171104,1.7091540563024763
47089,2020,19.706978319783197,31.312676972447527,3.4440230306438036,5.5242862652701765,91.7184561654876,6.0785,0.57838,12.078452254171104,1.7091540563024763
47089,2024,17.443346891342244,31.312676972447527,3.4440230306438036,5.5242862652701765,91.7184561654876,6.0785,0.57838,12.078452254171104,1.7091540563024763
47093,2000,40.487827553690245,35.89863705770389,3.58069932980708,11.67506535353459,81.21998108333794,7.0013,5.00669,23.15050191564906,2.4574554012724494
47093,2004,36.99789532762733,35.89863705770389,3.58069932980708,11.67506535353459,81.21998108333794,7.0013,5.00669,23.15050191564906,2.4574554012724494
47093,2008,37.73255376546328,35.89863705770389,3.58069932980708,11.67506535353459,81.21998108333794,7.0013,5.00669,23.15050191564906,2.4574554012724494
47093,2012,34.432805625278974,35.89863705770389,3.58069932980708,11.67506535353459,81.21998108333794,7.0013,5.00669,23.15050191564906,2.4574554012724494
47093,2016,34.797478652108225,35.89863705770389,3.58069932980708,11.67506535353459,81.21998108333794,7.0013,5.00669,23.15050191564906,2.4574554012724494
47093,2020,41.45069732856961,35.89863705770389,3.58069932980708,11.67506535353459,81.21998108333794,7.0013,5.00669,23.15050191564906,2.4574554012724494
47093,2024,39.44578660801212,35.89863705770389,3.58069932980708,11.67506535353459,81.21998108333794,7.0013,5.00669,23.15050191564906,2.4574554012724494
47105,2000,35.99292941606729,45.898543797886724,3.826433391026997,23.704075926462348,88.43427608955014,7.9683,0.60591,17.022384174908904,3.1656470133737256
47105,2004,28.728224750780385,45.898543797886724,3.826433391026997,23.704075926462348,88.43427608955014,7.9683,0.60591,17.022384174908904,3.1656470133737256
47105,2008,27.307969707897584,45.898543797886724,3.826433391026997,23.704075926462348,88.43427608955014,7.9683,0.60591,17.022384174908904,3.1656470133737256
47105,2012,22.914873374711185,45.898543797886724,3.826433391026997,23.704075926462348,88.43427608955014,7.9683,0.60591,17.022384174908904,3.1656470133737256
47105,2016,21.029455773588133,45.898543797886724,3.826433391026997,23.704075926462348,88.43427608955014,7.9683,0.60591,17.022384174908904,3.1656470133737256
47105,2020,23.675333083449758,45.898543797886724,3.826433391026997,23.704075926462348,88.43427608955014,7.9683,0.60591,17.022384174908904,3.1656470133737256
47105,2024,22.960643199132765,45.898543797886724,3.826433391026997,23.704075926462348,88.43427608955014,7.9683,0.60591,17.022384174908904,3.1656470133737256
47111,2000,47.12679094130334,46.808433006666476,3.8460633791410297,41.17234475507202,90.33458690342341,5.6817,0.26793,7.145442324595419,3.717766787161559
47111,2004,36.84422921711057,46.808433006666476,3.8460633791410297,41.17234475507202,90.33458690342341,5.6817,0.26793,7.145442324595419,3.717766787161559
47111,2008,27.98913043478261,46.808433006666476,3.8460633791410297,41.17234475507202,90.33458690342341,5.6817,0.26793,7.145442324595419,3.717766787161559
47111,2012,22.476466328747286,46.808433006666476,3.8460633791410297,41.17234475507202,90.33458690342341,5.6817,0.26793,7.145442324595419,3.717766787161559
47111,2016,14.285714285714285,46.808433006666476,3.8460633791410297,41.17234475507202,90.33458690342341,5.6817,0.26793,7.145442324595419,3.717766787161559
47111,2020,13.776747127648362,46.808433006666476,3.8460633791410297,41.17234475507202,90.33458690342341,5.6817,0.26793,7.145442324595419,3.717766787161559
47111,2024,12.358463176231492,46.808433006666476,3.8460633791410297,41.17234475507202,90.33458690342341,5.6817,0.26793,7.145442324595419,3.717766787161559
47123,2000,40.96746904560486,43.516820928896585,3.773147551370705,31.90129942378731,89.0062481404344,5.6047,0.48594,9.757861466759522,3.462646743249184
47123,2004,34.392078698643346,43.516820928896585,3.773147551370705,31.90129942378731,89.0062481404344,5.6047,0.48594,9.757861466759522,3.462646743249184
47123,2008,30.118614770221136,43.516820928896585,3.773147551370705,31.90129942378731,89.0062481404344,5.6047,0.48594,9.757861466759522,3.462646743249184
47123,2012,26.759701309829843,43.516820928896585,3.773147551370705,31.90129942378731,89.0062481404344,5.6047,0.48594,9.757861466759522,3.462646743249184
47123,2016,18.63920903293746,43.516820928896585,3.773147551370705,31.90129942378731,89.0062481404344,5.6047,0.48594,9.757861466759522,3.462646743249184
47123,2020,18.098764244843007,43.516820928896585,3.773147551370705,31.90129942378731,89.0062481404344,5.6047,0.48594,9.757861466759522,3.462646743249184
47123,2024,16.162702145768936,43.516820928896585,3.773147551370705,31.90129942378731,89.0062481404344,5.6047,0.48594,9.757861466759522,3.462646743249184
47155,2000,32.359550561797754,12.650778109406426,2.5377187239068424,24.057622075538205,87.73202971599765,5.953,0.99415,13.6747542997543,3.1804518725590696
47155,2004,27.83415201654602,12.650778109406426,2.5377187239068424,24.057622075538205,87.73202971599765,5.953,0.99415,13.6747542997543,3.1804518725590696
47155,2008,25.34987183642203,12.650778109406426,2.5377187239068424,24.057622075538205,87.73202971599765,5.953,0.99415,13.6747542997543,3.1804518725590696
47155,2012,21.905268131348926,12.650778109406426,2.5377187239068424,24.057622075538205,87.73202971599765,5.953,0.99415,13.6747542997543,3.1804518725590696
47155,2016,17.34137475214805,12.650778109406426,2.5377187239068424,24.057622075538205,87.73202971599765,5.953,0.99415,13.6747542997543,3.1804518725590696
47155,2020,20.032158033765935,12.650778109406426,2.5377187239068424,24.057622075538205,87.73202971599765,5.953,0.99415,13.6747542997543,3.1804518725590696
47155,2024,18.926540823288608,12.650778109406426,2.5377187239068424,24.057622075538205,87.73202971599765,5.953,0.99415,13.6747542997543,3.1804518725590696
48043,2000,37.68156424581006,35.19483995803548,3.5608994797571145,147.19323352597743,75.42265426880812,5.2388,0.09513,25.341155464864173,4.991746237344045
48043,2004,45.98404255319149,35.19483995803548,3.5608994797571145,147.19323352597743,75.42265426880812,5.2388,0.09513,25.341155464864173,4.991746237344045
48043,2008,50.51282051282051,35.19483995803548,3.5608994797571145,147.19323352597743,75.42265426880812,5.2388,0.09513,25.341155464864173,4.991746237344045
48043,2012,45.6426170157745,35.19483995803548,3.5608994797571145,147.19323352597743,75.42265426880812,5.2388,0.09513,25.341155464864173,4.991746237344045
48043,2016,44.04985888993414,35.19483995803548,3.5608994797571145,147.19323352597743,75.42265426880812,5.2388,0.09513,25.341155464864173,4.991746237344045
48043,2020,46.82704272086271,35.19483995803548,3.5608994797571145,147.19323352597743,75.42265426880812,5.2388,0.09513,25.341155464864173,4.991746237344045
48043,2024,37.21057230231542,35.19483995803548,3.5608994797571145,147.19323352597743,75.42265426880812,5.2388,0.09513,25.341155464864173,4.991746237344045
48109,2000,57.015810276679844,47.760870153431746,3.866206688211337,60.902019075238414,46.217331499312245,5.216,0.02196,14.502923976608187,4.109266328111073
48109,2000,57.015810276679844,39.437564061392024,3.6747187646777233,60.902019075238414,46.217331499312245,5.216,0.02196,14.502923976608187,4.109266328111073
48109,2004,47.588832487309645,47.760870153431746,3.866206688211337,60.902019075238414,46.217331499312245,5.216,0.02196,14.502923976608187,4.109266328111073
48109,2004,47.588832487309645,39.437564061392024,3.6747187646777233,60.902019075238414,46.217331499312245,5.216,0.02196,14.502923976608187,4.109266328111073
48109,2008,64.82213438735178,47.760870153431746,3.866206688211337,60.902019075238414,46.217331499312245,5.216,0.02196,14.502923976608187,4.109266328111073
48109,2008,64.82213438735178,39.437564061392024,3.6747187646777233,60.902019075238414,46.217331499312245,5.216,0.02196,14.502923976608187,4.109266328111073
48109,2012,64.6188850967008,47.760870153431746,3.866206688211337,60.902019075238414,46.217331499312245,5.216,0.02196,14.502923976608187,4.109266328111073
48109,2012,64.6188850967008,39.437564061392024,3.6747187646777233,60.902019075238414,46.217331499312245,5.216,0.02196,14.502923976608187,4.109266328111073
48109,2016,59.19165580182529,47.760870153431746,3.866206688211337,60.902019075238414,46.217331499312245,5.216,0.02196,14.502923976608187,4.109266328111073
48109,2016,59.19165580182529,39.437564061392024,3.6747187646777233,60.902019075238414,46.217331499312245,5.216,0.02196,14.502923976608187,4.109266328111073
48109,2020,50.69444444444444,47.760870153431746,3.866206688211337,60.902019075238414,46.217331499312245,5.216,0.02196,14.502923976608187,4.109266328111073
48109,2020,50.69444444444444,39.437564061392024,3.6747187646777233,60.902019075238414,46.217331499312245,5.216,0.02196,14.502923976608187,4.109266328111073
48109,2024,34.05889884763124,47.760870153431746,3.866206688211337,60.902019075238414,46.217331499312245,5.216,0.02196,14.502923976608187,4.109266328111073
48109,2024,34.05889884763124,39.437564061392024,3.6747187646777233,60.902019075238414,46.217331499312245,5.216,0.02196,14.502923976608187,4.109266328111073
48229,2000,41.21475054229935,43.50838529489815,3.7729536849177334,10.056863188820365,36.5956169318523,3.9582,0.03451,8.67178924259056,2.3082553057922426
48229,2004,34.08577878103837,43.50838529489815,3.7729536849177334,10.056863188820365,36.5956169318523,3.9582,0.03451,8.67178924259056,2.3082553057922426
48229,2008,47.88418708240535,43.50838529489815,3.7729536849177334,10.056863188820365,36.5956169318523,3.9582,0.03451,8.67178924259056,2.3082553057922426
48229,2012,43.91657010428737,43.50838529489815,3.7729536849177334,10.056863188820365,36.5956169318523,3.9582,0.03451,8.67178924259056,2.3082553057922426
48229,2016,37.198622273249136,43.50838529489815,3.7729536849177334,10.056863188820365,36.5956169318523,3.9582,0.03451,8.67178924259056,2.3082553057922426
48229,2020,31.84549356223176,43.50838529489815,3.7729536849177334,10.056863188820365,36.5956169318523,3.9582,0.03451,8.67178924259056,2.3082553057922426
48229,2024,16.329479768786126,43.50838529489815,3.7729536849177334,10.056863188820365,36.5956169318523,3.9582,0.03451,8.67178924259056,2.3082553057922426
49017,2000,9.044715447154472,44.366855572566315,3.7924926945578434,119.2088028634888,94.70019342359768,6.6786,0.05314,20.795258088416894,4.78087660143042
49017,2000,9.044715447154472,26.42338470298862,3.274249402281069,119.2088028634888,94.70019342359768,6.6786,0.05314,20.795258088416894,4.78087660143042
49017,2004,12.210915818686402,44.366855572566315,3.7924926945578434,119.2088028634888,94.70019342359768,6.6786,0.05314,20.795258088416894,4.78087660143042
49017,2004,12.210915818686402,26.42338470298862,3.274249402281069,119.2088028634888,94.70019342359768,6.6786,0.05314,20.795258088416894,4.78087660143042
49017,2008,18.75868457619268,44.366855572566315,3.7924926945578434,119.2088028634888,94.70019342359768,6.6786,0.05314,20.795258088416894,4.78087660143042
49017,2008,18.75868457619268,26.42338470298862,3.274249402281069,119.2088028634888,94.70019342359768,6.6786,0.05314,20.795258088416894,4.78087660143042
49017,2012,14.115490375802016,44.366855572566315,3.7924926945578434,119.2088028634888,94.70019342359768,6.6786,0.05314,20.795258088416894,4.78087660143042
49017,2012,14.115490375802016,26.42338470298862,3.274249402281069,119.2088028634888,94.70019342359768,6.6786,0.05314,20.795258088416894,4.78087660143042
49017,2016,15.273037542662117,44.366855572566315,3.7924926945578434,119.2088028634888,94.70019342359768,6.6786,0.05314,20.795258088416894,4.78087660143042
49017,2016,15.273037542662117,26.42338470298862,3.274249402281069,119.2088028634888,94.70019342359768,6.6786,0.05314,20.795258088416894,4.78087660143042
49017,2020,4.703513909224012,44.366855572566315,3.7924926945578434,119.2088028634888,94.70019342359768,6.6786,0.05314,20.795258088416894,4.78087660143042
49017,2020,4.703513909224012,26.42338470298862,3.274249402281069,119.2088028634888,94.70019342359768,6.6786,0.05314,20.795258088416894,4.78087660143042
49017,2024,19.245819992885092,44.366855572566315,3.7924926945578434,119.2088028634888,94.70019342359768,6.6786,0.05314,20.795258088416894,4.78087660143042
49017,2024,19.245819992885092,26.42338470298862,3.274249402281069,119.2088028634888,94.70019342359768,6.6786,0.05314,20.795258088416894,4.78087660143042
49019,2000,32.04205866076369,17.89682456013751,2.8846232982346685,59.28359115772011,84.10848716097762,6.7218,0.09706,20.894956389836935,4.082332558736635
49019,2004,44.60984393757503,17.89682456013751,2.8846232982346685,59.28359115772011,84.10848716097762,6.7218,0.09706,20.894956389836935,4.082332558736635
49019,2008,50.6990434142752,17.89682456013751,2.8846232982346685,59.28359115772011,84.10848716097762,6.7218,0.09706,20.894956389836935,4.082332558736635
49019,2012,43.721518987341774,17.89682456013751,2.8846232982346685,59.28359115772011,84.10848716097762,6.7218,0.09706,20.894956389836935,4.082332558736635
49019,2016,43.23847341716303,17.89682456013751,2.8846232982346685,59.28359115772011,84.10848716097762,6.7218,0.09706,20.894956389836935,4.082332558736635
49019,2020,13.529411764705882,17.89682456013751,2.8846232982346685,59.28359115772011,84.10848716097762,6.7218,0.09706,20.894956389836935,4.082332558736635
49019,2024,53.35849056603773,17.89682456013751,2.8846232982346685,59.28359115772011,84.10848716097762,6.7218,0.09706,20.894956389836935,4.082332558736635
49021,2000,14.205177068445291,41.55230915899607,3.7269530951843017,41.61310821594486,87.82578362485674,6.6499,0.64211,18.190167849188306,3.7284152189780433
49021,2004,14.676939013336787,41.55230915899607,3.7269530951843017,41.61310821594486,87.82578362485674,6.6499,0.64211,18.190167849188306,3.7284152189780433
49021,2008,19.805471124620063,41.55230915899607,3.7269530951843017,41.61310821594486,87.82578362485674,6.6499,0.64211,18.190167849188306,3.7284152189780433
49021,2012,12.861505299083886,41.55230915899607,3.7269530951843017,41.61310821594486,87.82578362485674,6.6499,0.64211,18.190167849188306,3.7284152189780433
49021,2016,13.877874702616971,41.55230915899607,3.7269530951843017,41.61310821594486,87.82578362485674,6.6499,0.64211,18.190167849188306,3.7284152189780433
49021,2020,4.871733588272785,41.55230915899607,3.7269530951843017,41.61310821594486,87.82578362485674,6.6499,0.64211,18.190167849188306,3.7284152189780433
49021,2024,20.385250017935288,41.55230915899607,3.7269530951843017,41.61310821594486,87.82578362485674,6.6499,0.64211,18.190167849188306,3.7284152189780433
49025,2000,13.81156316916488,26.287709473646213,3.2691015095618328,88.82110551723046,90.78289144572285,6.6609,0.08425,22.21503637833468,4.486624296501543
49025,2004,18.87905604719764,26.287709473646213,3.2691015095618328,88.82110551723046,90.78289144572285,6.6609,0.08425,22.21503637833468,4.486624296501543
49025,2008,27.140139505389982,26.287709473646213,3.2691015095618328,88.82110551723046,90.78289144572285,6.6609,0.08425,22.21503637833468,4.486624296501543
49025,2012,22.070602195194304,26.287709473646213,3.2691015095618328,88.82110551723046,90.78289144572285,6.6609,0.08425,22.21503637833468,4.486624296501543
49025,2016,21.14122681883024,26.287709473646213,3.2691015095618328,88.82110551723046,90.78289144572285,6.6609,0.08425,22.21503637833468,4.486624296501543
49025,2020,6.4772727272727275,26.287709473646213,3.2691015095618328,88.82110551723046,90.78289144572285,6.6609,0.08425,22.21503637833468,4.486624296501543
49025,2024,25.334224598930483,26.287709473646213,3.2691015095618328,88.82110551723046,90.78289144572285,6.6609,0.08425,22.21503637833468,4.486624296501543
49037,2000,38.74367622259696,43.08441768006029,3.7631613929931125,112.97712061345385,46.654223696944555,5.0452,0.14358,12.058710667689947,4.727185325764716
49037,2004,38.505050505050505,43.08441768006029,3.7631613929931125,112.97712061345385,46.654223696944555,5.0452,0.14358,12.058710667689947,4.727185325764716
49037,2008,46.900584795321635,43.08441768006029,3.7631613929931125,112.97712061345385,46.654223696944555,5.0452,0.14358,12.058710667689947,4.727185325764716
49037,2012,40.30525720746184,43.08441768006029,3.7631613929931125,112.97712061345385,46.654223696944555,5.0452,0.14358,12.058710667689947,4.727185325764716
49037,2016,37.488525794015054,43.08441768006029,3.7631613929931125,112.97712061345385,46.654223696944555,5.0452,0.14358,12.058710667689947,4.727185325764716
49037,2020,11.316707866802385,43.08441768006029,3.7631613929931125,112.97712061345385,46.654223696944555,5.0452,0.14358,12.058710667689947,4.727185325764716
49037,2024,40.780534049612896,43.08441768006029,3.7631613929931125,112.97712061345385,46.654223696944555,5.0452,0.14358,12.058710667689947,4.727185325764716
49053,2000,16.83558732016882,26.27369502704947,3.2685682495752713,0.015255226742890968,85.89399821943138,7.5572,2.02452,18.784909838880363,-4.182833097410955
49053,2004,17.06801762915171,26.27369502704947,3.2685682495752713,0.015255226742890968,85.89399821943138,7.5572,2.02452,18.784909838880363,-4.182833097410955
49053,2008,21.857901431484585,26.27369502704947,3.2685682495752713,0.015255226742890968,85.89399821943138,7.5572,2.02452,18.784909838880363,-4.182833097410955
49053,2012,15.435458786936238,26.27369502704947,3.2685682495752713,0.015255226742890968,85.89399821943138,7.5572,2.02452,18.784909838880363,-4.182833097410955
49053,2016,16.603456901699403,26.27369502704947,3.2685682495752713,0.015255226742890968,85.89399821943138,7.5572,2.02452,18.784909838880363,-4.182833097410955
49053,2020,5.635774678818492,26.27369502704947,3.2685682495752713,0.015255226742890968,85.89399821943138,7.5572,2.02452,18.784909838880363,-4.182833097410955
49053,2024,22.95693838940528,26.27369502704947,3.2685682495752713,0.015255226742890968,85.89399821943138,7.5572,2.02452,18.784909838880363,-4.182833097410955
49055,2000,16.48979591836735,17.92333290271687,2.886103378128009,132.24121914399572,94.52483378959718,6.3705,0.02614,17.884517118037813,4.884627672647493
49055,2004,20.514705882352942,17.92333290271687,2.886103378128009,132.24121914399572,94.52483378959718,6.3705,0.02614,17.884517118037813,4.884627672647493
49055,2008,25.49467275494673,17.92333290271687,2.886103378128009,132.24121914399572,94.52483378959718,6.3705,0.02614,17.884517118037813,4.884627672647493
49055,2012,16.201959306706858,17.92333290271687,2.886103378128009,132.24121914399572,94.52483378959718,6.3705,0.02614,17.884517118037813,4.884627672647493
49055,2016,19.071076706544687,17.92333290271687,2.886103378128009,132.24121914399572,94.52483378959718,6.3705,0.02614,17.884517118037813,4.884627672647493
49055,2020,5.629241209130167,17.92333290271687,2.886103378128009,132.24121914399572,94.52483378959718,6.3705,0.02614,17.884517118037813,4.884627672647493
49055,2024,23.076923076923077,17.92333290271687,2.886103378128009,132.24121914399572,94.52483378959718,6.3705,0.02614,17.884517118037813,4.884627672647493
51003,2000,44.11605058893774,32.9444853770536,3.4948238835745915,11.927188472211162,76.56377822541629,9.4727,1.15676,27.733394702523807,2.4788205396190057
51003,2004,50.51456799158396,32.9444853770536,3.4948238835745915,11.927188472211162,76.56377822541629,9.4727,1.15676,27.733394702523807,2.4788205396190057
51003,2008,58.43401851561274,32.9444853770536,3.4948238835745915,11.927188472211162,76.56377822541629,9.4727,1.15676,27.733394702523807,2.4788205396190057
51003,2012,55.20062329567589,32.9444853770536,3.4948238835745915,11.927188472211162,76.56377822541629,9.4727,1.15676,27.733394702523807,2.4788205396190057
51003,2016,58.7825688396855,32.9444853770536,3.4948238835745915,11.927188472211162,76.56377822541629,9.4727,1.15676,27.733394702523807,2.4788205396190057
51003,2020,21.892963381123984,32.9444853770536,3.4948238835745915,11.927188472211162,76.56377822541629,9.4727,1.15676,27.733394702523807,2.4788205396190057
51003,2024,66.34551992807911,32.9444853770536,3.4948238835745915,11.927188472211162,76.56377822541629,9.4727,1.15676,27.733394702523807,2.4788205396190057
51015,2000,26.28704839539393,42.71520601468454,3.7545549695975593,0.2795436745459567,90.03898961563702,7.7487,0.78247,14.909948406292534,-1.2745967390380404
51015,2004,23.62981416644223,42.71520601468454,3.7545549695975593,0.2795436745459567,90.03898961563702,7.7487,0.78247,14.909948406292534,-1.2745967390380404
51015,2008,29.470874077629134,42.71520601468454,3.7545549695975593,0.2795436745459567,90.03898961563702,7.7487,0.78247,14.909948406292534,-1.2745967390380404
51015,2012,28.06783083867902,42.71520601468454,3.7545549695975593,0.2795436745459567,90.03898961563702,7.7487,0.78247,14.909948406292534,-1.2745967390380404
51015,2016,22.499518476735545,42.71520601468454,3.7545549695975593,0.2795436745459567,90.03898961563702,7.7487,0.78247,14.909948406292534,-1.2745967390380404
51015,2020,8.546604222842454,42.71520601468454,3.7545549695975593,0.2795436745459567,90.03898961563702,7.7487,0.78247,14.909948406292534,-1.2745967390380404
51015,2024,25.785224882979445,42.71520601468454,3.7545549695975593,0.2795436745459567,90.03898961563702,7.7487,0.78247,14.909948406292534,-1.2745967390380404
51047,2000,35.64194707611891,27.64836630476719,3.319566641404221,35.99520131638744,68.41103000205365,9.4287,0.54973,16.843468300214155,3.5833856328042906
51047,2004,35.09131688561358,27.64836630476719,3.319566641404221,35.99520131638744,68.41103000205365,9.4287,0.54973,16.843468300214155,3.5833856328042906
51047,2008,44.58740691960894,27.64836630476719,3.319566641404221,35.99520131638744,68.41103000205365,9.4287,0.54973,16.843468300214155,3.5833856328042906
51047,2012,40.99252882093909,27.64836630476719,3.319566641404221,35.99520131638744,68.41103000205365,9.4287,0.54973,16.843468300214155,3.5833856328042906
51047,2016,34.92213520568908,27.64836630476719,3.319566641404221,35.99520131638744,68.41103000205365,9.4287,0.54973,16.843468300214155,3.5833856328042906
51047,2020,13.051335005163004,27.64836630476719,3.319566641404221,35.99520131638744,68.41103000205365,9.4287,0.54973,16.843468300214155,3.5833856328042906
51047,2024,36.97334780933702,27.64836630476719,3.319566641404221,35.99520131638744,68.41103000205365,9.4287,0.54973,16.843468300214155,3.5833856328042906
51061,2000,35.33069290064307,39.74222863327344,3.6824143159053646,20.162881743353108,81.01034692635423,12.0301,0.75165,23.920876015542213,3.003843376606408
51061,2004,35.80812301520976,39.74222863327344,3.6824143159053646,20.162881743353108,81.01034692635423,12.0301,0.75165,23.920876015542213,3.003843376606408
51061,2008,42.713112598264125,39.74222863327344,3.6824143159053646,20.162881743353108,81.01034692635423,12.0301,0.75165,23.920876015542213,3.003843376606408
51061,2012,39.27717620587822,39.74222863327344,3.6824143159053646,20.162881743353108,81.01034692635423,12.0301,0.75165,23.920876015542213,3.003843376606408
51061,2016,34.61979875623882,39.74222863327344,3.6824143159053646,20.162881743353108,81.01034692635423,12.0301,0.75165,23.920876015542213,3.003843376606408
51061,2020,13.407066474319343,39.74222863327344,3.6824143159053646,20.162881743353108,81.01034692635423,12.0301,0.75165,23.920876015542213,3.003843376606408
51061,2024,38.57466825336237,39.74222863327344,3.6824143159053646,20.162881743353108,81.01034692635423,12.0301,0.75165,23.920876015542213,3.003843376606408
51065,2000,39.409602572938205,46.07908711695711,3.830359205361475,16.2254454043595,76.70364500792392,8.8162,0.28462,21.023798832510103,2.7865807139458427
51065,2004,40.293876060965594,46.07908711695711,3.830359205361475,16.2254454043595,76.70364500792392,8.8162,0.28462,21.023798832510103,2.7865807139458427
51065,2008,48.56694149980369,46.07908711695711,3.830359205361475,16.2254454043595,76.70364500792392,8.8162,0.28462,21.023798832510103,2.7865807139458427
51065,2012,46.22323319476037,46.07908711695711,3.830359205361475,16.2254454043595,76.70364500792392,8.8162,0.28462,21.023798832510103,2.7865807139458427
51065,2016,42.362285798337865,46.07908711695711,3.830359205361475,16.2254454043595,76.70364500792392,8.8162,0.28462,21.023798832510103,2.7865807139458427
51065,2020,15.595944297193823,46.07908711695711,3.830359205361475,16.2254454043595,76.70364500792392,8.8162,0.28462,21.023798832510103,2.7865807139458427
51065,2024,46.35447895431107,46.07908711695711,3.830359205361475,16.2254454043595,76.70364500792392,8.8162,0.28462,21.023798832510103,2.7865807139458427
51079,2000,32.7790096082779,13.417175840219825,2.5965356653001863,26.285058798904295,79.94244604316548,8.2772,0.21301,17.57458252548627,3.269000671244534
51079,2004,32.28130854589998,13.417175840219825,2.5965356653001863,26.285058798904295,79.94244604316548,8.2772,0.21301,17.57458252548627,3.269000671244534
51079,2008,38.426150121065376,13.417175840219825,2.5965356653001863,26.285058798904295,79.94244604316548,8.2772,0.21301,17.57458252548627,3.269000671244534
51079,2012,36.46237393328161,13.417175840219825,2.5965356653001863,26.285058798904295,79.94244604316548,8.2772,0.21301,17.57458252548627,3.269000671244534
51079,2016,30.432972522897582,13.417175840219825,2.5965356653001863,26.285058798904295,79.94244604316548,8.2772,0.21301,17.57458252548627,3.269000671244534
51079,2020,12.266124517516722,13.417175840219825,2.5965356653001863,26.285058798904295,79.94244604316548,8.2772,0.21301,17.57458252548627,3.269000671244534
51079,2024,37.01611563382622,13.417175840219825,2.5965356653001863,26.285058798904295,79.94244604316548,8.2772,0.21301,17.57458252548627,3.269000671244534
51109,2000,42.68026941362916,44.46517646789822,3.794706331535918,34.56756392667651,77.250589562186,7.2569,0.41037,15.124160750425647,3.542915783607819
51109,2004,40.2492729538845,44.46517646789822,3.794706331535918,34.56756392667651,77.250589562186,7.2569,0.41037,15.124160750425647,3.542915783607819
51109,2008,45.45040057317788,44.46517646789822,3.794706331535918,34.56756392667651,77.250589562186,7.2569,0.41037,15.124160750425647,3.542915783607819
51109,2012,42.26233892535862,44.46517646789822,3.794706331535918,34.56756392667651,77.250589562186,7.2569,0.41037,15.124160750425647,3.542915783607819
51109,2016,35.23339572344166,44.46517646789822,3.794706331535918,34.56756392667651,77.250589562186,7.2569,0.41037,15.124160750425647,3.542915783607819
51109,2020,12.576808420027985,44.46517646789822,3.794706331535918,34.56756392667651,77.250589562186,7.2569,0.41037,15.124160750425647,3.542915783607819
51109,2024,36.47733410894586,44.46517646789822,3.794706331535918,34.56756392667651,77.250589562186,7.2569,0.41037,15.124160750425647,3.542915783607819
51113,2000,36.68191764471852,11.495494144149774,2.441955145038025,32.657521042165534,84.68164525159716,7.1697,0.14128,13.582906903671784,3.4860751827071046
51113,2004,37.6992376992377,11.495494144149774,2.441955145038025,32.657521042165534,84.68164525159716,7.1697,0.14128,13.582906903671784,3.4860751827071046
51113,2008,42.722794446932376,11.495494144149774,2.441955145038025,32.657521042165534,84.68164525159716,7.1697,0.14128,13.582906903671784,3.4860751827071046
51113,2012,39.90021167221046,11.495494144149774,2.441955145038025,32.657521042165534,84.68164525159716,7.1697,0.14128,13.582906903671784,3.4860751827071046
51113,2016,31.56612695228543,11.495494144149774,2.441955145038025,32.657521042165534,84.68164525159716,7.1697,0.14128,13.582906903671784,3.4860751827071046
51113,2020,11.057830238944218,11.495494144149774,2.441955145038025,32.657521042165534,84.68164525159716,7.1697,0.14128,13.582906903671784,3.4860751827071046
51113,2024,31.99431212228937,11.495494144149774,2.441955145038025,32.657521042165534,84.68164525159716,7.1697,0.14128,13.582906903671784,3.4860751827071046
51137,2000,39.3589621291615,29.58693976686431,3.3873330398696013,41.33920954822264,77.2307030746076,8.139,0.38574,17.464711712635427,3.721811433321487
51137,2004,38.791769801980195,29.58693976686431,3.3873330398696013,41.33920954822264,77.2307030746076,8.139,0.38574,17.464711712635427,3.721811433321487
51137,2008,44.97816593886463,29.58693976686431,3.3873330398696013,41.33920954822264,77.2307030746076,8.139,0.38574,17.464711712635427,3.721811433321487
51137,2012,42.00807141983612,29.58693976686431,3.3873330398696013,41.33920954822264,77.2307030746076,8.139,0.38574,17.464711712635427,3.721811433321487
51137,2016,34.49334105385061,29.58693976686431,3.3873330398696013,41.33920954822264,77.2307030746076,8.139,0.38574,17.464711712635427,3.721811433321487
51137,2020,12.840898140117568,29.58693976686431,3.3873330398696013,41.33920954822264,77.2307030746076,8.139,0.38574,17.464711712635427,3.721811433321487
51137,2024,37.19153144244168,29.58693976686431,3.3873330398696013,41.33920954822264,77.2307030746076,8.139,0.38574,17.464711712635427,3.721811433321487
51139,2000,34.092046023011505,8.965329072879284,2.1933648127837992,22.46374131339356,92.50526315789473,6.0061,0.23741,8.980085124270927,3.111902512169615
51139,2004,34.614183067791316,8.965329072879284,2.1933648127837992,22.46374131339356,92.50526315789473,6.0061,0.23741,8.980085124270927,3.111902512169615
51139,2008,40.764269900856675,8.965329072879284,2.1933648127837992,22.46374131339356,92.50526315789473,6.0061,0.23741,8.980085124270927,3.111902512169615
51139,2012,36.40985529917872,8.965329072879284,2.1933648127837992,22.46374131339356,92.50526315789473,6.0061,0.23741,8.980085124270927,3.111902512169615
51139,2016,23.40782122905028,8.965329072879284,2.1933648127837992,22.46374131339356,92.50526315789473,6.0061,0.23741,8.980085124270927,3.111902512169615
51139,2020,8.009695807362421,8.965329072879284,2.1933648127837992,22.46374131339356,92.50526315789473,6.0061,0.23741,8.980085124270927,3.111902512169615
51139,2024,22.52668231019605,8.965329072879284,2.1933648127837992,22.46374131339356,92.50526315789473,6.0061,0.23741,8.980085124270927,3.111902512169615
51157,2000,41.61685169370908,21.666467634403876,3.0757657950808985,39.3347232098157,86.01700634363611,8.5575,0.07414,19.124877089478858,3.6721076710160307
51157,2004,45.358024691358025,21.666467634403876,3.0757657950808985,39.3347232098157,86.01700634363611,8.5575,0.07414,19.124877089478858,3.6721076710160307
51157,2008,47.786606129398415,21.666467634403876,3.0757657950808985,39.3347232098157,86.01700634363611,8.5575,0.07414,19.124877089478858,3.6721076710160307
51157,2012,45.44411292173514,21.666467634403876,3.0757657950808985,39.3347232098157,86.01700634363611,8.5575,0.07414,19.124877089478858,3.6721076710160307
51157,2016,38.96944010707116,21.666467634403876,3.0757657950808985,39.3347232098157,86.01700634363611,8.5575,0.07414,19.124877089478858,3.6721076710160307
51157,2020,14.03226886255607,21.666467634403876,3.0757657950808985,39.3347232098157,86.01700634363611,8.5575,0.07414,19.124877089478858,3.6721076710160307
51157,2024,40.512107979356884,21.666467634403876,3.0757657950808985,39.3347232098157,86.01700634363611,8.5575,0.07414,19.124877089478858,3.6721076710160307
51165,2000,24.314411936317413,21.808416671710525,3.0822959811413573,0.09463547044214575,88.11173131615902,7.2921,0.86568,15.768408605084822,-2.3577229213814492
51165,2004,24.893893756845564,21.808416671710525,3.0822959811413573,0.09463547044214575,88.11173131615902,7.2921,0.86568,15.768408605084822,-2.3577229213814492
51165,2008,31.358372832543346,21.808416671710525,3.0822959811413573,0.09463547044214575,88.11173131615902,7.2921,0.86568,15.768408605084822,-2.3577229213814492
51165,2012,28.867664773705044,21.808416671710525,3.0822959811413573,0.09463547044214575,88.11173131615902,7.2921,0.86568,15.768408605084822,-2.3577229213814492
51165,2016,24.984661349267746,21.808416671710525,3.0822959811413573,0.09463547044214575,88.11173131615902,7.2921,0.86568,15.768408605084822,-2.3577229213814492
51165,2020,9.6179153069685,21.808416671710525,3.0822959811413573,0.09463547044214575,88.11173131615902,7.2921,0.86568,15.768408605084822,-2.3577229213814492
51165,2024,30.948313126530948,21.808416671710525,3.0822959811413573,0.09463547044214575,88.11173131615902,7.2921,0.86568,15.768408605084822,-2.3577229213814492
51171,2000,30.584002214226402,26.02178210935494,3.2589339607219228,29.339298551262157,86.93479722159982,6.5289,0.45228,12.054958524557453,3.3789278648374346
51171,2004,30.24612154438353,26.02178210935494,3.2589339607219228,29.339298551262157,86.93479722159982,6.5289,0.45228,12.054958524557453,3.3789278648374346
51171,2008,35.95692659834573,26.02178210935494,3.2589339607219228,29.339298551262157,86.93479722159982,6.5289,0.45228,12.054958524557453,3.3789278648374346
51171,2012,33.39183399576731,26.02178210935494,3.2589339607219228,29.339298551262157,86.93479722159982,6.5289,0.45228,12.054958524557453,3.3789278648374346
51171,2016,25.705650075561838,26.02178210935494,3.2589339607219228,29.339298551262157,86.93479722159982,6.5289,0.45228,12.054958524557453,3.3789278648374346
51171,2020,9.621122558126443,26.02178210935494,3.2589339607219228,29.339298551262157,86.93479722159982,6.5289,0.45228,12.054958524557453,3.3789278648374346
51171,2024,28.359310910582447,26.02178210935494,3.2589339607219228,29.339298551262157,86.93479722159982,6.5289,0.45228,12.054958524557453,3.3789278648374346
51177,2000,38.41980525970132,48.33684660533888,3.8781941394971136,45.583487696661294,65.17070254941756,9.6322,1.49588,19.22814585407219,3.8195455390266666
51177,2004,36.57828143910221,48.33684660533888,3.8781941394971136,45.583487696661294,65.17070254941756,9.6322,1.49588,19.22814585407219,3.8195455390266666
51177,2008,46.0467180824502,48.33684660533888,3.8781941394971136,45.583487696661294,65.17070254941756,9.6322,1.49588,19.22814585407219,3.8195455390266666
51177,2012,43.40738951943975,48.33684660533888,3.8781941394971136,45.583487696661294,65.17070254941756,9.6322,1.49588,19.22814585407219,3.8195455390266666
51177,2016,38.692816725808,48.33684660533888,3.8781941394971136,45.583487696661294,65.17070254941756,9.6322,1.49588,19.22814585407219,3.8195455390266666
51177,2020,15.183380467446481,48.33684660533888,3.8781941394971136,45.583487696661294,65.17070254941756,9.6322,1.49588,19.22814585407219,3.8195455390266666
51177,2024,45.12997260412327,48.33684660533888,3.8781941394971136,45.583487696661294,65.17070254941756,9.6322,1.49588,19.22814585407219,3.8195455390266666
51187,2000,38.62618663800824,32.51081379890861,3.4815727662666958,28.74349216857863,83.65609186453872,7.9949,0.41843,13.91870927707105,3.358411382266427
51187,2004,37.2547625817458,32.51081379890861,3.4815727662666958,28.74349216857863,83.65609186453872,7.9949,0.41843,13.91870927707105,3.358411382266427
51187,2008,43.38955723676051,32.51081379890861,3.4815727662666958,28.74349216857863,83.65609186453872,7.9949,0.41843,13.91870927707105,3.358411382266427
51187,2012,38.63935800694694,32.51081379890861,3.4815727662666958,28.74349216857863,83.65609186453872,7.9949,0.41843,13.91870927707105,3.358411382266427
51187,2016,28.78062360801782,32.51081379890861,3.4815727662666958,28.74349216857863,83.65609186453872,7.9949,0.41843,13.91870927707105,3.358411382266427
51187,2020,10.408095710975553,32.51081379890861,3.4815727662666958,28.74349216857863,83.65609186453872,7.9949,0.41843,13.91870927707105,3.358411382266427
51187,2024,30.62807499667568,32.51081379890861,3.4815727662666958,28.74349216857863,83.65609186453872,7.9949,0.41843,13.91870927707105,3.358411382266427
51540,2000,58.696309739866905,31.524557614049137,3.450766848891273,13.882757410448695,68.03305496805704,6.7903,0.44983,27.200603475184682,2.6306475960433864
51540,2004,71.76699029126213,31.524557614049137,3.450766848891273,13.882757410448695,68.03305496805704,6.7903,0.44983,27.200603475184682,2.6306475960433864
51540,2008,78.35262422670127,31.524557614049137,3.450766848891273,13.882757410448695,68.03305496805704,6.7903,0.44983,27.200603475184682,2.6306475960433864
51540,2012,75.74436849107676,31.524557614049137,3.450766848891273,13.882757410448695,68.03305496805704,6.7903,0.44983,27.200603475184682,2.6306475960433864
51540,2016,79.65913136347454,31.524557614049137,3.450766848891273,13.882757410448695,68.03305496805704,6.7903,0.44983,27.200603475184682,2.6306475960433864
51540,2020,28.49158165723647,31.524557614049137,3.450766848891273,13.882757410448695,68.03305496805704,6.7903,0.44983,27.200603475184682,2.6306475960433864
51540,2024,83.40127880530403,31.524557614049137,3.450766848891273,13.882757410448695,68.03305496805704,6.7903,0.44983,27.200603475184682,2.6306475960433864
51660,2000,34.96686081542478,22.087773679809278,3.095024228279148,5.163289796953397,66.51130272663714,5.6057,0.51082,16.026797217212057,1.6415739338891087
51660,2004,42.8467815049864,22.087773679809278,3.095024228279148,5.163289796953397,66.51130272663714,5.6057,0.51082,16.026797217212057,1.6415739338891087
51660,2008,57.54003407155025,22.087773679809278,3.095024228279148,5.163289796953397,66.51130272663714,5.6057,0.51082,16.026797217212057,1.6415739338891087
51660,2012,55.49926248957866,22.087773679809278,3.095024228279148,5.163289796953397,66.51130272663714,5.6057,0.51082,16.026797217212057,1.6415739338891087
51660,2016,56.75540487967543,22.087773679809278,3.095024228279148,5.163289796953397,66.51130272663714,5.6057,0.51082,16.026797217212057,1.6415739338891087
51660,2020,21.494178903644766,22.087773679809278,3.095024228279148,5.163289796953397,66.51130272663714,5.6057,0.51082,16.026797217212057,1.6415739338891087
51660,2024,61.704841983183535,22.087773679809278,3.095024228279148,5.163289796953397,66.51130272663714,5.6057,0.51082,16.026797217212057,1.6415739338891087
51790,2000,39.0415785764623,39.65902082648979,3.680318433590946,3.6674992971842246,80.06598098195225,6.1917,0.25915,18.446322258498178,1.299510039401505
51790,2004,39.00716585315194,39.65902082648979,3.680318433590946,3.6674992971842246,80.06598098195225,6.1917,0.25915,18.446322258498178,1.299510039401505
51790,2008,50.558329550612804,39.65902082648979,3.680318433590946,3.6674992971842246,80.06598098195225,6.1917,0.25915,18.446322258498178,1.299510039401505
51790,2012,51.09723461195361,39.65902082648979,3.680318433590946,3.6674992971842246,80.06598098195225,6.1917,0.25915,18.446322258498178,1.299510039401505
51790,2016,47.383385162150155,39.65902082648979,3.680318433590946,3.6674992971842246,80.06598098195225,6.1917,0.25915,18.446322258498178,1.299510039401505
51790,2020,17.911022167487683,39.65902082648979,3.680318433590946,3.6674992971842246,80.06598098195225,6.1917,0.25915,18.446322258498178,1.299510039401505
51790,2024,55.97994396106769,39.65902082648979,3.680318433590946,3.6674992971842246,80.06598098195225,6.1917,0.25915,18.446322258498178,1.299510039401505
51820,2000,38.53843987609124,37.84780151478552,3.633572894042889,13.863705585484981,75.57809869761672,5.8527,0.23182,14.940227649716867,2.629274316288006
51820,2004,35.06216250156976,37.84780151478552,3.633572894042889,13.863705585484981,75.57809869761672,5.8527,0.23182,14.940227649716867,2.629274316288006
51820,2008,44.08577878103838,37.84780151478552,3.633572894042889,13.863705585484981,75.57809869761672,5.8527,0.23182,14.940227649716867,2.629274316288006
51820,2012,43.68103742463884,37.84780151478552,3.633572894042889,13.863705585484981,75.57809869761672,5.8527,0.23182,14.940227649716867,2.629274316288006
51820,2016,40.895262929161234,37.84780151478552,3.633572894042889,13.863705585484981,75.57809869761672,5.8527,0.23182,14.940227649716867,2.629274316288006
51820,2020,15.43031320954247,37.84780151478552,3.633572894042889,13.863705585484981,75.57809869761672,5.8527,0.23182,14.940227649716867,2.629274316288006
51820,2024,46.47862338123115,37.84780151478552,3.633572894042889,13.863705585484981,75.57809869761672,5.8527,0.23182,14.940227649716867,2.629274316288006
53009,2000,42.75209432206019,24.75747128422695,3.209127313530873,67.4577206583489,82.81159382934028,6.6693,0.77616,17.275808936825886,4.211501041015668
53009,2004,46.371647718000325,24.75747128422695,3.209127313530873,67.4577206583489,82.81159382934028,6.6693,0.77616,17.275808936825886,4.211501041015668
53009,2008,50.546483553570965,24.75747128422695,3.209127313530873,67.4577206583489,82.81159382934028,6.6693,0.77616,17.275808936825886,4.211501041015668
53009,2012,48.80996164556297,24.75747128422695,3.209127313530873,67.4577206583489,82.81159382934028,6.6693,0.77616,17.275808936825886,4.211501041015668
53009,2016,44.800669082799,24.75747128422695,3.209127313530873,67.4577206583489,82.81159382934028,6.6693,0.77616,17.275808936825886,4.211501041015668
53009,2020,50.18065930496915,24.75747128422695,3.209127313530873,67.4577206583489,82.81159382934028,6.6693,0.77616,17.275808936825886,4.211501041015668
53009,2024,52.27791134948524,24.75747128422695,3.209127313530873,67.4577206583489,82.81159382934028,6.6693,0.77616,17.275808936825886,4.211501041015668
53027,2000,51.22834039276087,46.6115738847586,3.8418488769194368,48.76420746511024,80.89322879170649,6.2258,0.7729,11.223087494273935,3.8869965901666212
53027,2004,52.169713447572704,46.6115738847586,3.8418488769194368,48.76420746511024,80.89322879170649,6.2258,0.7729,11.223087494273935,3.8869965901666212
53027,2008,56.03755482456141,46.6115738847586,3.8418488769194368,48.76420746511024,80.89322879170649,6.2258,0.7729,11.223087494273935,3.8869965901666212
53027,2012,55.64077534514015,46.6115738847586,3.8418488769194368,48.76420746511024,80.89322879170649,6.2258,0.7729,11.223087494273935,3.8869965901666212
53027,2016,42.37318010364156,46.6115738847586,3.8418488769194368,48.76420746511024,80.89322879170649,6.2258,0.7729,11.223087494273935,3.8869965901666212
53027,2020,45.14450716682708,46.6115738847586,3.8418488769194368,48.76420746511024,80.89322879170649,6.2258,0.7729,11.223087494273935,3.8869965901666212
53027,2024,45.40787976609425,46.6115738847586,3.8418488769194368,48.76420746511024,80.89322879170649,6.2258,0.7729,11.223087494273935,3.8869965901666212
53031,2000,52.305457301667516,4.407542371305842,1.483317248699344,43.82433008464496,86.69288265842164,6.9176,0.33714,23.018189222207138,3.7801891445443134
53031,2004,62.36570691877954,4.407542371305842,1.483317248699344,43.82433008464496,86.69288265842164,6.9176,0.33714,23.018189222207138,3.7801891445443134
53031,2008,66.28983042369066,4.407542371305842,1.483317248699344,43.82433008464496,86.69288265842164,6.9176,0.33714,23.018189222207138,3.7801891445443134
53031,2012,64.24428866811236,4.407542371305842,1.483317248699344,43.82433008464496,86.69288265842164,6.9176,0.33714,23.018189222207138,3.7801891445443134
53031,2016,62.41862300256461,4.407542371305842,1.483317248699344,43.82433008464496,86.69288265842164,6.9176,0.33714,23.018189222207138,3.7801891445443134
53031,2020,69.39335269441756,4.407542371305842,1.483317248699344,43.82433008464496,86.69288265842164,6.9176,0.33714,23.018189222207138,3.7801891445443134
53031,2024,70.68993440764434,4.407542371305842,1.483317248699344,43.82433008464496,86.69288265842164,6.9176,0.33714,23.018189222207138,3.7801891445443134
53033,2000,60.03188603638433,44.327816360434284,3.791612388812249,5.094180159048542,56.73759774217941,11.6044,22.7138,31.657332704704583,1.628098742843638
53033,2004,64.9530963567139,44.327816360434284,3.791612388812249,5.094180159048542,56.73759774217941,11.6044,22.7138,31.657332704704583,1.628098742843638
53033,2008,70.30450136220868,44.327816360434284,3.791612388812249,5.094180159048542,56.73759774217941,11.6044,22.7138,31.657332704704583,1.628098742843638
53033,2012,69.06904174516157,44.327816360434284,3.791612388812249,5.094180159048542,56.73759774217941,11.6044,22.7138,31.657332704704583,1.628098742843638
53033,2016,71.94018221350247,44.327816360434284,3.791612388812249,5.094180159048542,56.73759774217941,11.6044,22.7138,31.657332704704583,1.628098742843638
53033,2020,74.95289163961877,44.327816360434284,3.791612388812249,5.094180159048542,56.73759774217941,11.6044,22.7138,31.657332704704583,1.628098742843638
53033,2024,73.64922839588077,44.327816360434284,3.791612388812249,5.094180159048542,56.73759774217941,11.6044,22.7138,31.657332704704583,1.628098742843638
53035,2000,48.904790145541874,48.144597176844364,3.8742089237831014,0.022156884757444217,76.47452283417877,9.3794,2.77658,21.518398605598378,-3.809607006522999
53035,2004,51.324998100512445,48.144597176844364,3.8742089237831014,0.022156884757444217,76.47452283417877,9.3794,2.77658,21.518398605598378,-3.809607006522999
53035,2008,55.191938039360764,48.144597176844364,3.8742089237831014,0.022156884757444217,76.47452283417877,9.3794,2.77658,21.518398605598378,-3.809607006522999
53035,2012,54.53403260191138,48.144597176844364,3.8742089237831014,0.022156884757444217,76.47452283417877,9.3794,2.77658,21.518398605598378,-3.809607006522999
53035,2016,50.80238422741862,48.144597176844364,3.8742089237831014,0.022156884757444217,76.47452283417877,9.3794,2.77658,21.518398605598378,-3.809607006522999
53035,2020,56.895356458606436,48.144597176844364,3.8742089237831014,0.022156884757444217,76.47452283417877,9.3794,2.77658,21.518398605598378,-3.809607006522999
53035,2024,58.47506247131419,48.144597176844364,3.8742089237831014,0.022156884757444217,76.47452283417877,9.3794,2.77658,21.518398605598378,-3.809607006522999
53041,2000,32.988693593036054,37.749091986912006,3.6309614220789137,30.12757583817585,83.58653559725946,6.7954,0.86154,12.494297965514095,3.405440893157163
53041,2004,33.07635376834834,37.749091986912006,3.6309614220789137,30.12757583817585,83.58653559725946,6.7954,0.86154,12.494297965514095,3.405440893157163
53041,2008,39.256591269269556,37.749091986912006,3.6309614220789137,30.12757583817585,83.58653559725946,6.7954,0.86154,12.494297965514095,3.405440893157163
53041,2012,37.19891904594055,37.749091986912006,3.6309614220789137,30.12757583817585,83.58653559725946,6.7954,0.86154,12.494297965514095,3.405440893157163
53041,2016,28.270227532284984,37.749091986912006,3.6309614220789137,30.12757583817585,83.58653559725946,6.7954,0.86154,12.494297965514095,3.405440893157163
53041,2020,32.04661325564457,37.749091986912006,3.6309614220789137,30.12757583817585,83.58653559725946,6.7954,0.86154,12.494297965514095,3.405440893157163
53041,2024,31.83422294763774,37.749091986912006,3.6309614220789137,30.12757583817585,83.58653559725946,6.7954,0.86154,12.494297965514095,3.405440893157163
53045,2000,48.38293518394946,38.65298540146558,3.6546240140029624,31.888851840750764,78.32098912913631,7.8029,0.68389,13.544625782134833,3.4622564766344235
53045,2004,50.77577380483579,38.65298540146558,3.6546240140029624,31.888851840750764,78.32098912913631,7.8029,0.68389,13.544625782134833,3.4622564766344235
53045,2008,53.16893944746697,38.65298540146558,3.6546240140029624,31.888851840750764,78.32098912913631,7.8029,0.68389,13.544625782134833,3.4622564766344235
53045,2012,52.28971135115991,38.65298540146558,3.6546240140029624,31.888851840750764,78.32098912913631,7.8029,0.68389,13.544625782134833,3.4622564766344235
53045,2016,42.720763723150355,38.65298540146558,3.6546240140029624,31.888851840750764,78.32098912913631,7.8029,0.68389,13.544625782134833,3.4622564766344235
53045,2020,46.293863764308504,38.65298540146558,3.6546240140029624,31.888851840750764,78.32098912913631,7.8029,0.68389,13.544625782134833,3.4622564766344235
53045,2024,46.92142058927744,38.65298540146558,3.6546240140029624,31.888851840750764,78.32098912913631,7.8029,0.68389,13.544625782134833,3.4622564766344235
53053,2000,51.41394006560206,23.60170076325111,3.1613187756743715,33.367985851797016,65.8878959773013,9.2793,9.28696,18.05128320747618,3.50759693288943
53053,2004,50.49963138023368,23.60170076325111,3.1613187756743715,33.367985851797016,65.8878959773013,9.2793,9.28696,18.05128320747618,3.50759693288943
53053,2008,55.178441369264384,23.60170076325111,3.1613187756743715,33.367985851797016,65.8878959773013,9.2793,9.28696,18.05128320747618,3.50759693288943
53053,2012,54.367035082091505,23.60170076325111,3.1613187756743715,33.367985851797016,65.8878959773013,9.2793,9.28696,18.05128320747618,3.50759693288943
53053,2016,49.510882821355295,23.60170076325111,3.1613187756743715,33.367985851797016,65.8878959773013,9.2793,9.28696,18.05128320747618,3.50759693288943
53053,2020,53.7634593960968,23.60170076325111,3.1613187756743715,33.367985851797016,65.8878959773013,9.2793,9.28696,18.05128320747618,3.50759693288943
53053,2024,53.498445110229966,23.60170076325111,3.1613187756743715,33.367985851797016,65.8878959773013,9.2793,9.28696,18.05128320747618,3.50759693288943
53057,2000,45.183547103051744,31.390287213085923,3.446498520639525,0.06841263056156474,76.84173395599929,7.9118,1.31417,16.897601197942492,-2.682197814067881
53057,2004,48.116025272831706,31.390287213085923,3.446498520639525,0.06841263056156474,76.84173395599929,7.9118,1.31417,16.897601197942492,-2.682197814067881
53057,2008,53.775543069820706,31.390287213085923,3.446498520639525,0.06841263056156474,76.84173395599929,7.9118,1.31417,16.897601197942492,-2.682197814067881
53057,2012,51.90613182796866,31.390287213085923,3.446498520639525,0.06841263056156474,76.84173395599929,7.9118,1.31417,16.897601197942492,-2.682197814067881
53057,2016,47.687964551172094,31.390287213085923,3.446498520639525,0.06841263056156474,76.84173395599929,7.9118,1.31417,16.897601197942492,-2.682197814067881
53057,2020,52.098116394045455,31.390287213085923,3.446498520639525,0.06841263056156474,76.84173395599929,7.9118,1.31417,16.897601197942492,-2.682197814067881
53057,2024,52.60191300387156,31.390287213085923,3.446498520639525,0.06841263056156474,76.84173395599929,7.9118,1.31417,16.897601197942492,-2.682197814067881
53073,2000,46.145189283002495,31.22033503257417,3.4410696463741695,0.11853846666173108,78.72889962877355,7.8796,2.31919,22.016804001877905,-2.132517757903245
53073,2004,53.39734938159613,31.22033503257417,3.4410696463741695,0.11853846666173108,78.72889962877355,7.8796,2.31919,22.016804001877905,-2.132517757903245
53073,2008,58.039246952829906,31.22033503257417,3.4410696463741695,0.11853846666173108,78.72889962877355,7.8796,2.31919,22.016804001877905,-2.132517757903245
53073,2012,55.4106125459822,31.22033503257417,3.4410696463741695,0.11853846666173108,78.72889962877355,7.8796,2.31919,22.016804001877905,-2.132517757903245
53073,2016,55.01809925870542,31.22033503257417,3.4410696463741695,0.11853846666173108,78.72889962877355,7.8796,2.31919,22.016804001877905,-2.132517757903245
53073,2020,60.352041552445534,31.22033503257417,3.4410696463741695,0.11853846666173108,78.72889962877355,7.8796,2.31919,22.016804001877905,-2.132517757903245
53073,2024,60.416485333797546,31.22033503257417,3.4410696463741695,0.11853846666173108,78.72889962877355,7.8796,2.31919,22.016804001877905,-2.132517757903245
54031,2000,35.91050066459903,41.16549834224786,3.717600486646938,27.76078282829409,89.97611688676595,5.3876,0.14251,8.196014148908635,3.323624335107497
54031,2004,30.648218347232753,41.16549834224786,3.717600486646938,27.76078282829409,89.97611688676595,5.3876,0.14251,8.196014148908635,3.323624335107497
54031,2008,35.15812835213612,41.16549834224786,3.717600486646938,27.76078282829409,89.97611688676595,5.3876,0.14251,8.196014148908635,3.323624335107497
54031,2012,28.676470588235293,41.16549834224786,3.717600486646938,27.76078282829409,89.97611688676595,5.3876,0.14251,8.196014148908635,3.323624335107497
54031,2016,20.46783625730994,41.16549834224786,3.717600486646938,27.76078282829409,89.97611688676595,5.3876,0.14251,8.196014148908635,3.323624335107497
54031,2020,21.813299636708262,41.16549834224786,3.717600486646938,27.76078282829409,89.97611688676595,5.3876,0.14251,8.196014148908635,3.323624335107497
54031,2024,20.23085322102636,41.16549834224786,3.717600486646938,27.76078282829409,89.97611688676595,5.3876,0.14251,8.196014148908635,3.323624335107497
54071,2000,36.38621546103695,48.86431182979721,3.889047310601428,27.926524354696824,94.87808869252167,5.2553,0.06029,14.300121016538927,3.3295769309209944
54071,2004,38.96726862302483,48.86431182979721,3.889047310601428,27.926524354696824,94.87808869252167,5.2553,0.06029,14.300121016538927,3.3295769309209944
54071,2008,38.58615611192931,48.86431182979721,3.889047310601428,27.926524354696824,94.87808869252167,5.2553,0.06029,14.300121016538927,3.3295769309209944
54071,2012,33.158382216733564,48.86431182979721,3.889047310601428,27.926524354696824,94.87808869252167,5.2553,0.06029,14.300121016538927,3.3295769309209944
54071,2016,22.6046511627907,48.86431182979721,3.889047310601428,27.926524354696824,94.87808869252167,5.2553,0.06029,14.300121016538927,3.3295769309209944
54071,2020,22.41049467067505,48.86431182979721,3.889047310601428,27.926524354696824,94.87808869252167,5.2553,0.06029,14.300121016538927,3.3295769309209944
54071,2024,19.854014598540147,48.86431182979721,3.889047310601428,27.926524354696824,94.87808869252167,5.2553,0.06029,14.300121016538927,3.3295769309209944
56029,2000,18.884387659707073,47.52889485210308,3.861337838769294,96.89979557909075,90.13916104819157,6.9802,0.30735,20.826869051113253,4.573677409287589
56029,2004,21.129927622795304,47.52889485210308,3.861337838769294,96.89979557909075,90.13916104819157,6.9802,0.30735,20.826869051113253,4.573677409287589
56029,2008,24.96511396106054,47.52889485210308,3.861337838769294,96.89979557909075,90.13916104819157,6.9802,0.30735,20.826869051113253,4.573677409287589
56029,2012,20.036966046002192,47.52889485210308,3.861337838769294,96.89979557909075,90.13916104819157,6.9802,0.30735,20.826869051113253,4.573677409287589
56029,2016,16.793640278237827,47.52889485210308,3.861337838769294,96.89979557909075,90.13916104819157,6.9802,0.30735,20.826869051113253,4.573677409287589
56029,2020,20.279512340172463,47.52889485210308,3.861337838769294,96.89979557909075,90.13916104819157,6.9802,0.30735,20.826869051113253,4.573677409287589
56029,2024,19.46485098250015,47.52889485210308,3.861337838769294,96.89979557909075,90.13916104819157,6.9802,0.30735,20.826869051113253,4.573677409287589
56039,2000,38.52938356821014,9.79529036980026,2.281901695653409,93.93511527342596,80.45637468961384,12.7677,0.23232,39.61365166502667,4.542604280880121
56039,2000,38.52938356821014,46.00436763683414,3.8287363406085886,93.93511527342596,80.45637468961384,12.7677,0.23232,39.61365166502667,4.542604280880121
56039,2004,52.57505062065323,9.79529036980026,2.281901695653409,93.93511527342596,80.45637468961384,12.7677,0.23232,39.61365166502667,4.542604280880121
56039,2004,52.57505062065323,46.00436763683414,3.8287363406085886,93.93511527342596,80.45637468961384,12.7677,0.23232,39.61365166502667,4.542604280880121
56039,2008,60.45796585484262,9.79529036980026,2.281901695653409,93.93511527342596,80.45637468961384,12.7677,0.23232,39.61365166502667,4.542604280880121
56039,2008,60.45796585484262,46.00436763683414,3.8287363406085886,93.93511527342596,80.45637468961384,12.7677,0.23232,39.61365166502667,4.542604280880121
56039,2012,54.19574319609212,9.79529036980026,2.281901695653409,93.93511527342596,80.45637468961384,12.7677,0.23232,39.61365166502667,4.542604280880121
56039,2012,54.19574319609212,46.00436763683414,3.8287363406085886,93.93511527342596,80.45637468961384,12.7677,0.23232,39.61365166502667,4.542604280880121
56039,2016,57.92349726775956,9.79529036980026,2.281901695653409,93.93511527342596,80.45637468961384,12.7677,0.23232,39.61365166502667,4.542604280880121
56039,2016,57.92349726775956,46.00436763683414,3.8287363406085886,93.93511527342596,80.45637468961384,12.7677,0.23232,39.61365166502667,4.542604280880121
56039,2020,66.59903969703119,9.79529036980026,2.281901695653409,93.93511527342596,80.45637468961384,12.7677,0.23232,39.61365166502667,4.542604280880121
56039,2020,66.59903969703119,46.00436763683414,3.8287363406085886,93.93511527342596,80.45637468961384,12.7677,0.23232,39.61365166502667,4.542604280880121
56039,2024,65.84374529580009,9.79529036980026,2.281901695653409,93.93511527342596,80.45637468961384,12.7677,0.23232,39.61365166502667,4.542604280880121
56039,2024,65.84374529580009,46.00436763683414,3.8287363406085886,93.93511527342596,80.45637468961384,12.7677,0.23232,39.61365166502667,4.542604280880121
